id,period,probe,net_return_pct,net_sum_pct,price_gross_pct,funding_pct,fee_pct,sharpe,max_drawdown_pct,mean_abs_position,turnover,positive_asset_share,break_even_bps
state_cal1__edge8,validation,full_replay,3.371935383810043,3.3367471817247503,4.497030513042979,-0.0104537721761638,1.1498295591420666,2.674651633683642,-1.0251243442683688,0.013785280763930532,28.74573897855166,0.9166666666666666,15.607797539017621
state_cal1__edge16,validation,full_replay,2.0457849236855896,2.0349225853005843,2.5869580120579,-0.010144747774357421,0.5418906789829585,2.3522360638069904,-0.8341406014782504,0.006183157696225313,13.54726697457396,0.9166666666666666,19.020908564951192
state_cal1__edge8,validation,warmup_zero,3.371935383810043,3.3367471817247503,4.497030513042979,-0.0104537721761638,1.1498295591420666,2.674651633683642,-1.0251243442683688,0.013785280763930532,28.74573897855166,0.9166666666666666,15.607797539017621
state_cal1__edge16,validation,warmup_zero,2.0457849236855896,2.0349225853005843,2.5869580120579,-0.010144747774357421,0.5418906789829585,2.3522360638069904,-0.8341406014782504,0.006183157696225313,13.54726697457396,0.9166666666666666,19.020908564951192
state_cal1__edge8,validation,negative_gamma_zero,3.371935383810043,3.3367471817247503,4.497030513042979,-0.0104537721761638,1.1498295591420666,2.674651633683642,-1.0251243442683688,0.013785280763930532,28.74573897855166,0.9166666666666666,15.607797539017621
state_cal1__edge16,validation,negative_gamma_zero,2.0457849236855896,2.0349225853005843,2.5869580120579,-0.010144747774357421,0.5418906789829585,2.3522360638069904,-0.8341406014782504,0.006183157696225313,13.54726697457396,0.9166666666666666,19.020908564951192
state_cal1__edge8,validation,gamma_abs_cap_half,2.8506652343252448,2.826738968509499,3.769743419849081,-0.008283819893877728,0.934720631445705,2.579350296056951,-0.7776371957212813,0.010966717123240901,23.36801578614262,0.9166666666666666,16.09661528124169
state_cal1__edge16,validation,gamma_abs_cap_half,1.6294591096186473,1.623360665815857,2.0499569612891655,-0.00629361073496754,0.42030268473834137,2.244227240585052,-0.5894438860883255,0.004647870957181318,10.507567118458532,0.8333333333333334,19.449443696287375
state_cal1__edge8,oos,full_replay,2.467869874929729,2.4492997911861605,3.4294895281747153,-0.014610024106827458,0.9655797128817274,2.1323701894946834,-0.8918799522708354,0.012398022942523882,24.13949282204318,0.8333333333333334,14.146442633415901
state_cal1__edge16,oos,full_replay,2.3209646318492094,2.300786081551749,2.7253119696843493,-0.01142842910255533,0.4130974590300452,2.6016645541411005,-0.5976483467940441,0.005225916992895335,10.327436475751128,0.8333333333333334,26.278385221289
state_cal1__edge8,oos,warmup_zero,0.4644261553744977,0.4677077059635012,1.0806258232948138,-0.007932781828790664,0.6049853355025221,0.8452358017062136,-0.7039887108712284,0.0073974385866038776,15.124633387563055,0.4166666666666667,7.092357308628028
state_cal1__edge16,oos,warmup_zero,0.7483994784053039,0.7477573966527835,0.9830756095686434,-0.00465459466727232,0.23066361824858778,1.8133913705326057,-0.30964742491943475,0.002825061364209736,5.7665904562146935,0.6666666666666666,16.967062640054838
state_cal1__edge8,oos,negative_gamma_zero,2.477789012414222,2.458077134213696,3.1575265072386003,-0.014363611247783157,0.6850857617771213,2.1861924902979846,-0.8822860466924487,0.009276556055259094,17.12714404442803,0.8333333333333334,18.351938232301972
state_cal1__edge16,oos,negative_gamma_zero,2.3851051696575976,2.363109308307893,2.6859644056043144,-0.012157684804248526,0.3106974124921724,2.7074270135536045,-0.48234161536997444,0.004150061312229072,7.7674353123043085,0.8333333333333334,34.4232891977165
state_cal1__edge8,oos,gamma_abs_cap_half,1.08321049280784,1.0799558879071292,1.3882966730523958,-0.006556605412519136,0.3017841797327474,2.0976488213125997,-0.5944702585555905,0.0037532666096988182,7.544604493318685,0.75,18.31428100523376
state_cal1__edge16,oos,gamma_abs_cap_half,0.5907801025317738,0.5898682413646807,0.6823636239048728,-0.0033204157947264246,0.08917496674546557,2.49034409314338,-0.25078096159417695,0.0010875078808884775,2.229374168636639,0.9166666666666666,30.458916123775285
