id,asset,wealth_contribution_pct,asset_net_return_pct,mean_abs_position
base_ridge__edge8,ADAUSDT,0.005662369324681604,0.06462638732323,0.0017396837602743841
base_ridge__edge8,AVAXUSDT,-0.009356812143939878,-0.11449123670569383,0.0015951508926450163
base_ridge__edge8,BCHUSDT,-0.08423007799647926,-1.009825631094896,0.001541290986349418
base_ridge__edge8,BNBUSDT,-0.03583047588791547,-0.4290528727026621,0.0012343288154329532
base_ridge__edge8,BTCUSDT,-0.02609828441779767,-0.312394850830644,0.0008220018722381303
base_ridge__edge8,DOGEUSDT,-0.0012232026918209756,-0.017511123706648313,0.0015720142861536416
base_ridge__edge8,ETHUSDT,-0.013051768396213324,-0.15680823394699228,0.001061928596502429
base_ridge__edge8,LINKUSDT,-0.029947020256563536,-0.360273315817472,0.0015313981263054214
base_ridge__edge8,LTCUSDT,-0.07121402814905739,-0.8528593833902809,0.0013141748537774803
base_ridge__edge8,SOLUSDT,-0.030919023461715593,-0.3719620892508768,0.0016801998788415816
base_ridge__edge8,TRXUSDT,-0.013986730417759352,-0.16754768587282642,0.0006179116565870987
base_ridge__edge8,XRPUSDT,0.06936797664838971,0.8349725510279571,0.0016610646853781118
base_ridge__edge16,ADAUSDT,0.008002341031566069,0.09581969460097373,0.00016647273338303445
base_ridge__edge16,AVAXUSDT,-0.000571363173914134,-0.007135512608047456,0.00025989741865902307
base_ridge__edge16,BCHUSDT,-0.021241290997033167,-0.2546547756997475,9.576909838306931e-05
base_ridge__edge16,BNBUSDT,-0.004151569545419325,-0.04973993392681786,6.206181962606981e-05
base_ridge__edge16,BTCUSDT,-0.007472928738484354,-0.08961059693004536,0.00010329041524572911
base_ridge__edge16,DOGEUSDT,0.013063726226560733,0.15675246861370784,0.0001272039725219998
base_ridge__edge16,ETHUSDT,-0.0036351612142618995,-0.04362603309453483,0.00018895144540992807
base_ridge__edge16,LINKUSDT,-0.019023584974326137,-0.22831398253205792,0.00029903456866745514
base_ridge__edge16,LTCUSDT,-0.012810828887401917,-0.15364742069846615,0.00016740892338339128
base_ridge__edge16,SOLUSDT,-0.0015104279307242207,-0.01832779971135956,0.00020293810664369661
base_ridge__edge16,TRXUSDT,-0.0025526313892263786,-0.030644588302219944,0.00013020765644846213
base_ridge__edge16,XRPUSDT,0.005875374382718546,0.07030073791129965,0.0002329914149935896
base15__edge8,ADAUSDT,-1.032003189095239,-12.496683504218487,0.07895295135369344
base15__edge8,AVAXUSDT,0.06768977546070849,0.7023012313653654,0.06710991579395068
base15__edge8,BCHUSDT,-0.1518557903626998,-2.2674997398427377,0.0668367830306425
base15__edge8,BNBUSDT,-0.328729982472828,-4.1079434701635105,0.05945205286094166
base15__edge8,BTCUSDT,-0.2947727741927777,-3.6593796938668266,0.05530624817030176
base15__edge8,DOGEUSDT,-1.2705619961573766,-14.676584164164275,0.06807750910693335
base15__edge8,ETHUSDT,-0.7876007081531111,-9.242125671974211,0.06729906462951944
base15__edge8,LINKUSDT,-0.6895106183958616,-8.596177788673664,0.0673051023098148
base15__edge8,LTCUSDT,-0.7099509947136884,-8.468483111148583,0.07001519855424805
base15__edge8,SOLUSDT,-0.7950880157790885,-9.65696001732046,0.06678993717740059
base15__edge8,TRXUSDT,-0.5388650601745237,-6.446630639017448,0.05305709805446221
base15__edge8,XRPUSDT,-0.3642130686796937,-4.550336856175818,0.07347874192761383
base15__edge16,ADAUSDT,-0.681023170900288,-8.365649404009446,0.04635792805435153
base15__edge16,AVAXUSDT,0.14135821456704306,1.6516676724035895,0.03755836195653687
base15__edge16,BCHUSDT,-0.04179325543678682,-0.8280386153825869,0.037377289295537505
base15__edge16,BNBUSDT,-0.30941182509460036,-3.8151554922396524,0.031139362940784555
base15__edge16,BTCUSDT,-0.22621619714461796,-2.761473537336012,0.028540983914738274
base15__edge16,DOGEUSDT,-0.9286110225207515,-10.818822487042901,0.03789458748153546
base15__edge16,ETHUSDT,-0.760934511682968,-8.853396206768881,0.03598135003654668
base15__edge16,LINKUSDT,-0.2589717105195953,-3.362491366240128,0.035971960117962797
base15__edge16,LTCUSDT,-0.555340317588001,-6.632553750339509,0.03856808013307185
base15__edge16,SOLUSDT,-0.5869866249354568,-7.1078796204032795,0.0384272103021987
base15__edge16,TRXUSDT,-0.3752539575268027,-4.481534058618719,0.026633670468074837
base15__edge16,XRPUSDT,-0.011479636304209527,-0.19375189287574868,0.04245059554764701
base31__edge8,ADAUSDT,-2.3890039403690277,-27.056893212637956,0.11991685884261019
base31__edge8,AVAXUSDT,-0.3829726636896602,-4.52781601407346,0.10334708766449448
base31__edge8,BCHUSDT,-0.33606474125701696,-4.978095117905134,0.10314295505567544
base31__edge8,BNBUSDT,-0.7929573845464727,-9.932783050852345,0.09092158952666574
base31__edge8,BTCUSDT,-0.5765268015366147,-7.338348697871721,0.09013846161400817
base31__edge8,DOGEUSDT,-2.078845867219171,-23.733487035424904,0.10595452827562989
base31__edge8,ETHUSDT,-0.7734022198834793,-9.58578379241769,0.1034519315466593
base31__edge8,LINKUSDT,-1.9255203841431798,-22.614269389069186,0.10717029309168995
base31__edge8,LTCUSDT,-0.5995462015054701,-6.9349568137550115,0.10384795055498956
base31__edge8,SOLUSDT,-1.1674737015552572,-13.876401663296356,0.10201356672507858
base31__edge8,TRXUSDT,-0.576129630833203,-7.03587791429181,0.07493258304517214
base31__edge8,XRPUSDT,-0.279787369733746,-3.6194514505339948,0.10729311058734448
base31__edge16,ADAUSDT,-1.8194865243386698,-21.151322162326192,0.0806675082014553
base31__edge16,AVAXUSDT,-0.2937846685047698,-3.449066001970613,0.06690231826818044
base31__edge16,BCHUSDT,-0.24460894040327696,-3.661880251755234,0.06503536547227524
base31__edge16,BNBUSDT,-0.6169916875238743,-7.697386235942261,0.05444585180988929
base31__edge16,BTCUSDT,-0.4412462326249777,-5.5086883937946585,0.05342196280790378
base31__edge16,DOGEUSDT,-1.695215016382455,-19.471834196637307,0.06857397953473268
base31__edge16,ETHUSDT,-0.6106996440964528,-7.50016751391851,0.06470746722141632
base31__edge16,LINKUSDT,-1.394581470520813,-16.66652821453133,0.06964060393272482
base31__edge16,LTCUSDT,-0.4616949750570391,-5.420112758702689,0.06620797233549805
base31__edge16,SOLUSDT,-0.96810404505827,-11.44932919570314,0.06552574276081936
base31__edge16,TRXUSDT,-0.37985742447162135,-4.650309878753845,0.04063837803579171
base31__edge16,XRPUSDT,-0.2544515883064189,-3.252460742507912,0.06988737238138394
wide_ridge__edge8,ADAUSDT,-0.05624753797740684,-0.6832515840292097,0.003133252945874281
wide_ridge__edge8,AVAXUSDT,-0.05252024364906215,-0.63583597139375,0.0025841164395924324
wide_ridge__edge8,BCHUSDT,-0.1736601533198377,-2.0789471469565335,0.0028875824376192517
wide_ridge__edge8,BNBUSDT,-0.028026338385826802,-0.33551716993486247,0.0024071395854062916
wide_ridge__edge8,BTCUSDT,-0.0576741883469061,-0.6902742122078753,0.0018775994791885846
wide_ridge__edge8,DOGEUSDT,-0.08800737617584896,-1.0572279856810751,0.0031420148340386062
wide_ridge__edge8,ETHUSDT,-0.005649573464895397,-0.0693304877951717,0.002207197450820404
wide_ridge__edge8,LINKUSDT,-0.07865935045866958,-0.9431391572277348,0.0028136778872681514
wide_ridge__edge8,LTCUSDT,-0.12902145192596237,-1.542357116378279,0.0022734223045517473
wide_ridge__edge8,SOLUSDT,0.0010671595577073944,0.00971844579238379,0.0032336908973468873
wide_ridge__edge8,TRXUSDT,-0.02515113945111896,-0.30132613689429766,0.001117375705113141
wide_ridge__edge8,XRPUSDT,0.0254621212983393,0.3033463178394147,0.0031411222351844037
wide_ridge__edge16,ADAUSDT,-0.007806685610513548,-0.09458627009705234,0.0005093975013682353
wide_ridge__edge16,AVAXUSDT,-0.0012526484904988725,-0.015690324366568476,0.0004405091363961601
wide_ridge__edge16,BCHUSDT,-0.07973573298917057,-0.9546206548581293,0.00043213454230724184
wide_ridge__edge16,BNBUSDT,-0.0034295952164411472,-0.04084693541015483,0.00033373657237516805
wide_ridge__edge16,BTCUSDT,-0.017712462711265177,-0.21228048352057716,0.0003505462768667507
wide_ridge__edge16,DOGEUSDT,0.026827602389251852,0.3216480385800802,0.0004965626990142995
wide_ridge__edge16,ETHUSDT,-0.0031387647485225886,-0.03779627080181536,0.00047488371719213505
wide_ridge__edge16,LINKUSDT,-0.03960604050558482,-0.47488121714799325,0.000601000739506849
wide_ridge__edge16,LTCUSDT,-0.03415779522376566,-0.40964216916983265,0.00044018334220768566
wide_ridge__edge16,SOLUSDT,-0.006149294161564768,-0.07423440839916529,0.0004596653516665825
wide_ridge__edge16,TRXUSDT,-0.008502889787610265,-0.1020035790489815,0.0002586525247511502
wide_ridge__edge16,XRPUSDT,0.015590909985389794,0.18689930472817196,0.0005599398612495815
wide15__edge8,ADAUSDT,-1.1239230252639365,-13.429466666037426,0.07498877868986215
wide15__edge8,AVAXUSDT,0.07340643569626591,0.7994971006610063,0.06606288714947416
wide15__edge8,BCHUSDT,-0.785279495571217,-9.981770540105206,0.0642219684031514
wide15__edge8,BNBUSDT,-0.4133323789164108,-5.103447222804891,0.06098881724140796
wide15__edge8,BTCUSDT,-0.15222293668330758,-2.1124711024537057,0.05720162504920352
wide15__edge8,DOGEUSDT,-1.1972162678527443,-13.946439266941324,0.06660572291530889
wide15__edge8,ETHUSDT,-0.9714809546135963,-11.474178089290742,0.06693996254879879
wide15__edge8,LINKUSDT,-1.5697415142979338,-17.87804569586854,0.06792712675728463
wide15__edge8,LTCUSDT,-0.9405621993396682,-11.302297107073455,0.0737428411556735
wide15__edge8,SOLUSDT,-0.7298386487175107,-8.992344073603476,0.06512569407143931
wide15__edge8,TRXUSDT,-0.5213529927707066,-6.224487410469215,0.047532104775856114
wide15__edge8,XRPUSDT,-0.33644187443613616,-4.395379831186541,0.07233876784373021
wide15__edge16,ADAUSDT,-0.9689470652440517,-11.475332023188978,0.04274805186607532
wide15__edge16,AVAXUSDT,0.12434632829087644,1.4296212122289598,0.037203075016356585
wide15__edge16,BCHUSDT,-0.5389189153414378,-6.930460100126989,0.03493796975487894
wide15__edge16,BNBUSDT,-0.32222965189340136,-3.9186457374629446,0.03351314530479831
wide15__edge16,BTCUSDT,-0.03630850509320829,-0.555882175356015,0.029873546701243228
wide15__edge16,DOGEUSDT,-0.912607815896063,-10.686270567512302,0.03781055286354815
wide15__edge16,ETHUSDT,-0.4989821709140933,-5.9613058711259,0.03628972938403551
wide15__edge16,LINKUSDT,-0.9837032991178545,-11.44084127430719,0.037632853951860036
wide15__edge16,LTCUSDT,-0.650129475048216,-7.854285044484133,0.04206109201090335
wide15__edge16,SOLUSDT,-0.603444880194281,-7.2927183033340555,0.03738897534889015
wide15__edge16,TRXUSDT,-0.33377414565558744,-3.9888242807663454,0.021867964535189702
wide15__edge16,XRPUSDT,-0.2490880364028888,-3.227484415449433,0.04190897942055628
wide31__edge8,ADAUSDT,-2.178318156198238,-24.542575724010707,0.11721046471102119
wide31__edge8,AVAXUSDT,0.05154932646188311,0.4181482372590306,0.10410061185476027
wide31__edge8,BCHUSDT,-0.26543514145198593,-4.386124086860754,0.10441401126739433
wide31__edge8,BNBUSDT,-0.7793359447691401,-9.552919942722493,0.09575031497801578
wide31__edge8,BTCUSDT,-0.5343472081742999,-6.8026157542137256,0.09289311424093342
wide31__edge8,DOGEUSDT,-1.4313211593713948,-16.87801705964196,0.1041481616964304
wide31__edge8,ETHUSDT,-0.864853827469088,-10.775624735806556,0.10566217491422655
wide31__edge8,LINKUSDT,-1.8303604536231897,-20.951128269365825,0.11110774746074524
wide31__edge8,LTCUSDT,-1.052521448137088,-12.061953075839405,0.10998785367512397
wide31__edge8,SOLUSDT,-0.6205084249247029,-7.791917004172277,0.10118015399250782
wide31__edge8,TRXUSDT,-0.5367729544726901,-6.438208700070724,0.07839392724686547
wide31__edge8,XRPUSDT,-0.19891934207204692,-2.736079376594791,0.11020585922769396
wide31__edge16,ADAUSDT,-1.7878898920013078,-20.348473447698932,0.07840865490398172
wide31__edge16,AVAXUSDT,0.3163997692035558,3.927487197746782,0.06672077816596628
wide31__edge16,BCHUSDT,-0.20659165137886293,-3.354042014421177,0.06620763668732228
wide31__edge16,BNBUSDT,-0.6292794360181021,-7.653992606733762,0.06021506457949406
wide31__edge16,BTCUSDT,-0.3608200903223687,-4.553655396959533,0.05651815586286804
wide31__edge16,DOGEUSDT,-1.140170081127105,-13.530342292109188,0.06786263250146052
wide31__edge16,ETHUSDT,-0.7660931161933369,-9.361138028242145,0.06881865952906344
wide31__edge16,LINKUSDT,-1.4712445622159334,-17.044845495183626,0.07327194586103015
wide31__edge16,LTCUSDT,-0.6888520772293593,-8.048173943601222,0.07193029274211576
wide31__edge16,SOLUSDT,-0.554528166630092,-6.7036971067104485,0.06627782176120789
wide31__edge16,TRXUSDT,-0.3759743015945305,-4.511977717860304,0.04380515092354215
wide31__edge16,XRPUSDT,0.0894985070033122,0.8654068167824658,0.07336621221156849
wide15_static__edge8,ADAUSDT,-1.263416635908187,-14.603929974440533,0.04806037681748457
wide15_static__edge8,AVAXUSDT,-0.38599824787820586,-4.818407963745141,0.0380862687965766
wide15_static__edge8,BCHUSDT,0.35247553993622827,4.019774478891214,0.05039564716600046
wide15_static__edge8,BNBUSDT,0.2589285677646012,3.146012098938167,0.04120343771953609
wide15_static__edge8,BTCUSDT,-0.04237646500500191,-0.4449257647236693,0.03585822763336802
wide15_static__edge8,DOGEUSDT,0.29819427905301976,3.244796826896579,0.04648188857373544
wide15_static__edge8,ETHUSDT,-0.13588234229053986,-1.7135295062020717,0.04950236784267284
wide15_static__edge8,LINKUSDT,-0.20128561381871818,-2.5292872947960565,0.03935293188425417
wide15_static__edge8,LTCUSDT,0.8839711734695554,11.08845760392516,0.04084660255398512
wide15_static__edge8,SOLUSDT,-0.0006059370054751698,-0.07366370981176651,0.03965100521632666
wide15_static__edge8,TRXUSDT,-0.08538171634510174,-1.0233639111961734,0.03209510597761433
wide15_static__edge8,XRPUSDT,-0.14834869131256592,-1.7845047911886014,0.04826229511212122
wide15_static__edge16,ADAUSDT,-0.9422962631018087,-11.034729453005232,0.028252437083967387
wide15_static__edge16,AVAXUSDT,-0.3357005131741969,-4.158264156292734,0.02221256251723502
wide15_static__edge16,BCHUSDT,0.5825504555765204,6.970620611107758,0.031911717404351794
wide15_static__edge16,BNBUSDT,0.32860886045210436,3.982313316466368,0.024541507893913767
wide15_static__edge16,BTCUSDT,-0.0110930809414734,-0.11236036073708489,0.01960321561122962
wide15_static__edge16,DOGEUSDT,0.3284747100822693,3.690925964728353,0.029655669344695247
wide15_static__edge16,ETHUSDT,-0.1254063354356156,-1.5680349270379312,0.028684027990579775
wide15_static__edge16,LINKUSDT,-0.06818011012949061,-0.9002080961707848,0.021807292833847833
wide15_static__edge16,LTCUSDT,0.8908655402848256,11.096479947402859,0.022984089065656882
wide15_static__edge16,SOLUSDT,0.06663047651781544,0.7430934455737503,0.02226276914335246
wide15_static__edge16,TRXUSDT,-0.049950319526083774,-0.5960006521463224,0.016458573783632937
wide15_static__edge16,XRPUSDT,-0.019034432151424897,-0.19374232714025608,0.03061892993812244
base_ensemble__edge8,ADAUSDT,-1.0492722860971382,-12.538745957682861,0.055818746088094326
base_ensemble__edge8,AVAXUSDT,0.043415559272554714,0.5529335683506886,0.046580698309404964
base_ensemble__edge8,BCHUSDT,-0.15307525568398223,-2.2205033006108432,0.04569201617792815
base_ensemble__edge8,BNBUSDT,-0.40065669536008297,-4.910828410412749,0.03940811619758672
base_ensemble__edge8,BTCUSDT,-0.3106485174109379,-3.7950402322006416,0.03735901191684295
base_ensemble__edge8,DOGEUSDT,-1.1062177051615363,-12.874399510342071,0.047421787217317525
base_ensemble__edge8,ETHUSDT,-0.5989205061632005,-7.136980022600314,0.04508928412291193
base_ensemble__edge8,LINKUSDT,-0.7571265089686887,-9.208034232218132,0.04710519289843834
base_ensemble__edge8,LTCUSDT,-0.48399901340545953,-5.786917425923354,0.045910106648432175
base_ensemble__edge8,SOLUSDT,-0.6980446950492345,-8.31561946018401,0.04712641380231358
base_ensemble__edge8,TRXUSDT,-0.3148709554110373,-3.8032063000654537,0.030384840759611835
base_ensemble__edge8,XRPUSDT,-0.13056459274484095,-1.634084319843243,0.05006034562095445
base_ensemble__edge16,ADAUSDT,-0.561404328786155,-6.8700844648164505,0.028970077204324506
base_ensemble__edge16,AVAXUSDT,0.18607434444559626,2.3030992458804134,0.02214747383447873
base_ensemble__edge16,BCHUSDT,-0.10628071980861653,-1.5267174028282482,0.02230947323058812
base_ensemble__edge16,BNBUSDT,-0.26533274542073904,-3.231938571314441,0.017212102999790174
base_ensemble__edge16,BTCUSDT,-0.17935830690292168,-2.166672309977946,0.016686471124529173
base_ensemble__edge16,DOGEUSDT,-0.7357306634515073,-8.64542000173305,0.023133545010731726
base_ensemble__edge16,ETHUSDT,-0.4772352898972819,-5.644083347745143,0.019891736771774648
base_ensemble__edge16,LINKUSDT,-0.38874988201418964,-4.762945080079417,0.022599804970676665
base_ensemble__edge16,LTCUSDT,-0.3982795892387269,-4.785602365300434,0.0218088808308284
base_ensemble__edge16,SOLUSDT,-0.5095980528122417,-6.054561231585065,0.023016170486038486
base_ensemble__edge16,TRXUSDT,-0.1781824858542079,-2.144894909159467,0.011759431940222451
base_ensemble__edge16,XRPUSDT,-0.07909419297149552,-0.9982412421808751,0.024291229850214625
wide_equal__edge8,ADAUSDT,-1.088452891747231,-12.798642108195635,0.054092545502114155
wide_equal__edge8,AVAXUSDT,0.2072946409210059,2.536677517454544,0.04671795773369065
wide_equal__edge8,BCHUSDT,-0.413083384740022,-5.482673006734295,0.04523721253142568
wide_equal__edge8,BNBUSDT,-0.42378032323829057,-5.162047933472169,0.04285108477906915
wide_equal__edge8,BTCUSDT,-0.2612955901177844,-3.255215507501419,0.039479284664971054
wide_equal__edge8,DOGEUSDT,-0.8853140458101377,-10.467607018829195,0.047906251093597446
wide_equal__edge8,ETHUSDT,-0.5360906502306751,-6.521039878595058,0.04789223082491268
wide_equal__edge8,LINKUSDT,-1.1820546411736381,-13.704266097740314,0.05056536496302
wide_equal__edge8,LTCUSDT,-0.6676204841568028,-7.897004153339415,0.05082678655832342
wide_equal__edge8,SOLUSDT,-0.4804468407334567,-5.798451383856584,0.04728820861038989
wide_equal__edge8,TRXUSDT,-0.35221909266619217,-4.199334549577971,0.030136026471726543
wide_equal__edge8,XRPUSDT,-0.059086821973001316,-0.8851699410348801,0.052286772249367966
wide_equal__edge16,ADAUSDT,-0.8219889949554402,-9.684127469430859,0.02753534943816789
wide_equal__edge16,AVAXUSDT,0.2629127335352317,3.2374446022073844,0.02245966323320597
wide_equal__edge16,BCHUSDT,-0.278574066262069,-3.662975991571371,0.02118916223585521
wide_equal__edge16,BNBUSDT,-0.2897706108813701,-3.5070066133131017,0.02089433757917687
wide_equal__edge16,BTCUSDT,-0.1502082906368327,-1.8337443263826358,0.017751777110056096
wide_equal__edge16,DOGEUSDT,-0.5908912855189168,-7.040834979745014,0.02396796274826078
wide_equal__edge16,ETHUSDT,-0.3158971737511772,-3.8347375444318876,0.022632344585734952
wide_equal__edge16,LINKUSDT,-0.7230421115815608,-8.520320305254646,0.024783994413782443
wide_equal__edge16,LTCUSDT,-0.4866952492508454,-5.812603151010698,0.02524312028899035
wide_equal__edge16,SOLUSDT,-0.4019087409634254,-4.785958236262589,0.02400974991869875
wide_equal__edge16,TRXUSDT,-0.23537675600926758,-2.8089896234067657,0.01181213656064044
wide_equal__edge16,XRPUSDT,0.06574424290148158,0.6813334130081339,0.027083515150273227
wide_cov__edge8,ADAUSDT,-1.0699297446344136,-12.585929536038343,0.052865324884355386
wide_cov__edge8,AVAXUSDT,0.207695440849572,2.540970292470135,0.045637642080341434
wide_cov__edge8,BCHUSDT,-0.4104898045729841,-5.436867313696803,0.04417126771901241
wide_cov__edge8,BNBUSDT,-0.4146845851118925,-5.050720673600495,0.04185251611501387
wide_cov__edge8,BTCUSDT,-0.25570800506914054,-3.182670233780227,0.03851403761859944
wide_cov__edge8,DOGEUSDT,-0.8695839664824851,-10.283393282832565,0.046855815868729576
wide_cov__edge8,ETHUSDT,-0.5249896118425132,-6.3850000321412415,0.046779157147738136
wide_cov__edge8,LINKUSDT,-1.1612625454915306,-13.471262880745428,0.049430771808074814
wide_cov__edge8,LTCUSDT,-0.6585446841840855,-7.792281130446021,0.049652307761095554
wide_cov__edge8,SOLUSDT,-0.47453712137172427,-5.725032610722202,0.04627285337953489
wide_cov__edge8,TRXUSDT,-0.34629163782222644,-4.1286223405111455,0.02932592938616777
wide_cov__edge8,XRPUSDT,-0.05659097822848016,-0.8519646735047237,0.05116422232912854
wide_cov__edge16,ADAUSDT,-0.8045665834002912,-9.48341865402308,0.026721792173803237
wide_cov__edge16,AVAXUSDT,0.26265237423669957,3.234362910593158,0.021751841597947175
wide_cov__edge16,BCHUSDT,-0.27458576841480725,-3.604239711653745,0.020469376928920275
wide_cov__edge16,BNBUSDT,-0.2862253063325566,-3.4621768131060437,0.020254685169079103
wide_cov__edge16,BTCUSDT,-0.14299436271807262,-1.745345986028024,0.017184646763135993
wide_cov__edge16,DOGEUSDT,-0.5774355241615567,-6.881623886054344,0.02329711220600505
wide_cov__edge16,ETHUSDT,-0.30802565661057685,-3.737321380605152,0.021895896236268985
wide_cov__edge16,LINKUSDT,-0.7012252893923862,-8.26831129332466,0.024031912178194156
wide_cov__edge16,LTCUSDT,-0.482875879812953,-5.767138479866318,0.024459545781534187
wide_cov__edge16,SOLUSDT,-0.3922143812348904,-4.671526821149897,0.023281915550248354
wide_cov__edge16,TRXUSDT,-0.23098687023082523,-2.756577907992608,0.011386888332908409
wide_cov__edge16,XRPUSDT,0.0626601042758229,0.6453663435823209,0.026307140653169574
asset_shrunk__edge8,ADAUSDT,-1.2664502026773676,-14.773986753152846,0.06567790230458814
asset_shrunk__edge8,AVAXUSDT,0.4364036005190069,5.454541786586642,0.060291665374377
asset_shrunk__edge8,BCHUSDT,-0.4756417942103345,-6.129226275695643,0.05639102771619609
asset_shrunk__edge8,BNBUSDT,-0.3220972243591558,-3.9078921093509855,0.045501378005174294
asset_shrunk__edge8,BTCUSDT,-0.08732720843462334,-1.2357690881381167,0.04559712525430458
asset_shrunk__edge8,DOGEUSDT,-1.1499397360360046,-13.280749707111427,0.060444403494654825
asset_shrunk__edge8,ETHUSDT,-0.5539081166294143,-6.721973639688561,0.05656916584245035
asset_shrunk__edge8,LINKUSDT,-1.1362052379573864,-13.091396225566331,0.0604818069306478
asset_shrunk__edge8,LTCUSDT,-0.8325957045092862,-9.954172344538925,0.05999051921950892
asset_shrunk__edge8,SOLUSDT,-0.5237855625235822,-6.544880035170442,0.05978095130852926
asset_shrunk__edge8,TRXUSDT,-0.36899139245866514,-4.380221288974928,0.030962424381570874
asset_shrunk__edge8,XRPUSDT,0.05294773214891581,0.4804819125966864,0.06343801079047397
asset_shrunk__edge16,ADAUSDT,-0.9511679272279514,-11.173543774118745,0.035749533210514196
asset_shrunk__edge16,AVAXUSDT,0.3121137099842082,3.831716139359753,0.030933425825315067
asset_shrunk__edge16,BCHUSDT,-0.41100636681157793,-5.234455327179677,0.02755445832068558
asset_shrunk__edge16,BNBUSDT,-0.2571861820287118,-3.0938897788821085,0.022140433025941028
asset_shrunk__edge16,BTCUSDT,-0.013611093307414867,-0.2324692620175095,0.021388214743882413
asset_shrunk__edge16,DOGEUSDT,-0.8848868516319629,-10.285570400743616,0.0312315586462787
asset_shrunk__edge16,ETHUSDT,-0.2356196680155632,-2.8681035424902857,0.02693875550493019
asset_shrunk__edge16,LINKUSDT,-0.6964977413593907,-8.163478327358241,0.03068884039965753
asset_shrunk__edge16,LTCUSDT,-0.5371108371563089,-6.48695389696986,0.030753211668130144
asset_shrunk__edge16,SOLUSDT,-0.4239049173084669,-5.185262199714991,0.031165104442961274
asset_shrunk__edge16,TRXUSDT,-0.22673775186259318,-2.69300776973479,0.011431115295076066
asset_shrunk__edge16,XRPUSDT,-0.01154569249718639,-0.29517572230003397,0.03385695481688391
adaptive_equal__edge8,ADAUSDT,-1.1096518835891753,-13.069281496207807,0.052574561068593983
adaptive_equal__edge8,AVAXUSDT,0.32346755654460296,4.018913407297409,0.044909555498861484
adaptive_equal__edge8,BCHUSDT,-0.39408499044312423,-5.184072891054015,0.04286093111276628
adaptive_equal__edge8,BNBUSDT,-0.33622161722274246,-4.099544653470266,0.03751052876137743
adaptive_equal__edge8,BTCUSDT,-0.2232018110139447,-2.778726544149579,0.03624451082734726
adaptive_equal__edge8,DOGEUSDT,-1.0368752744096472,-12.036258165183423,0.045997008573637345
adaptive_equal__edge8,ETHUSDT,-0.4951484216534404,-5.991521473303207,0.04422285978677695
adaptive_equal__edge8,LINKUSDT,-1.0243345233338181,-11.984703954753007,0.04688317819334831
adaptive_equal__edge8,LTCUSDT,-0.5478514523554232,-6.56810611640225,0.04573893794779746
adaptive_equal__edge8,SOLUSDT,-0.5286337269855866,-6.38446103707857,0.04573957144992291
adaptive_equal__edge8,TRXUSDT,-0.34031201259417554,-4.052831074250285,0.025793576538987863
adaptive_equal__edge8,XRPUSDT,0.008704562318381619,0.016879767563526826,0.04971022074095274
adaptive_equal__edge16,ADAUSDT,-0.8392413861403846,-9.918948895717572,0.0267136361857264
adaptive_equal__edge16,AVAXUSDT,0.3172597252167472,3.932801327263702,0.02159773943800967
adaptive_equal__edge16,BCHUSDT,-0.25101117875554635,-3.309214793638826,0.019538809150459413
adaptive_equal__edge16,BNBUSDT,-0.24365759389513938,-2.9507722959741245,0.017542363176873167
adaptive_equal__edge16,BTCUSDT,-0.07139998641676708,-0.8884930984564221,0.015856294120374512
adaptive_equal__edge16,DOGEUSDT,-0.7535500398208268,-8.826283080264774,0.022451059809095217
adaptive_equal__edge16,ETHUSDT,-0.32096798152211253,-3.84876538037936,0.019357130275835313
adaptive_equal__edge16,LINKUSDT,-0.5318962632774485,-6.346665280779429,0.021916383777219148
adaptive_equal__edge16,LTCUSDT,-0.4606116081284989,-5.522845040570701,0.02200683880609946
adaptive_equal__edge16,SOLUSDT,-0.42805541964233,-5.1031109708853055,0.022448804658934653
adaptive_equal__edge16,TRXUSDT,-0.2266895096292979,-2.7025635431357165,0.009351743166793968
adaptive_equal__edge16,XRPUSDT,0.0484058753927925,0.5057092448026879,0.024882110280114316
pair_prediction__edge8,ADAUSDT,-0.8314221620378737,-9.93993346472768,0.041825065514768715
pair_prediction__edge8,AVAXUSDT,0.005245382011666763,-0.07778138474059393,0.0358500456875226
pair_prediction__edge8,BCHUSDT,0.2987480416332544,3.644935704749197,0.03828242180640658
pair_prediction__edge8,BNBUSDT,0.030919550689010877,0.34065257075730493,0.02961030639645262
pair_prediction__edge8,BTCUSDT,-0.12056827800094362,-1.447320491465931,0.028677881481621467
pair_prediction__edge8,DOGEUSDT,-0.3249632524831339,-4.05135838211339,0.03628146337335057
pair_prediction__edge8,ETHUSDT,-0.6824804593115477,-8.021539448770454,0.038572853818261955
pair_prediction__edge8,LINKUSDT,-0.31170137078743654,-3.901717468267263,0.03510544346187108
pair_prediction__edge8,LTCUSDT,0.3606578512268088,4.476968596933806,0.034898042992797515
pair_prediction__edge8,SOLUSDT,-0.27504704132374386,-3.4050138828832677,0.0349729161497141
pair_prediction__edge8,TRXUSDT,-0.22935293782557517,-2.7699579570285904,0.024212656224412692
pair_prediction__edge8,XRPUSDT,0.08286437072678038,0.9930722904063494,0.038450211447147706
pair_prediction__edge16,ADAUSDT,-0.4442692772936987,-5.405203358627897,0.01963748372092491
pair_prediction__edge16,AVAXUSDT,0.09382411257011815,1.0308067173955937,0.018213699117542215
pair_prediction__edge16,BCHUSDT,0.2806925922021403,3.348112378333634,0.019956522559846028
pair_prediction__edge16,BNBUSDT,0.17503655099112014,2.1006607219207662,0.013364812692171654
pair_prediction__edge16,BTCUSDT,-0.1065104110881607,-1.2895954038177448,0.013146680013149666
pair_prediction__edge16,DOGEUSDT,-0.19492253006282223,-2.455037721816433,0.018636963344488316
pair_prediction__edge16,ETHUSDT,-0.6168634857242122,-7.236417905218406,0.018215347474309845
pair_prediction__edge16,LINKUSDT,-0.14176443028651792,-1.8022780854761944,0.016576863220013456
pair_prediction__edge16,LTCUSDT,0.4223638801778005,5.215479453847438,0.014606050856455676
pair_prediction__edge16,SOLUSDT,-0.22712142367937588,-2.776224239372105,0.016801746576072366
pair_prediction__edge16,TRXUSDT,-0.14757502706510617,-1.7760771972239242,0.00897443077998411
pair_prediction__edge16,XRPUSDT,0.22310802732648988,2.748220633838794,0.019210703037685854
pair_position__edge8,ADAUSDT,-1.069833544582202,-12.546399878016922,0.052460325102970246
pair_position__edge8,AVAXUSDT,-0.0963185846896896,-1.2687997033615228,0.045752916695234916
pair_position__edge8,BCHUSDT,0.15259139582255876,1.8403763197747613,0.04905101550319449
pair_position__edge8,BNBUSDT,0.02769986101554124,0.31190345539147124,0.039683450496112334
pair_position__edge8,BTCUSDT,-0.11564252464849507,-1.4036284898446105,0.038429332779864704
pair_position__edge8,DOGEUSDT,-0.42807955926498914,-5.262287476161076,0.04698804345255797
pair_position__edge8,ETHUSDT,-0.4022683495797515,-4.7782834904092075,0.050577687146779925
pair_position__edge8,LINKUSDT,-0.39036765002999857,-4.821240540058103,0.04617987860828806
pair_position__edge8,LTCUSDT,0.14952071556510493,1.863976913269183,0.04560109865928946
pair_position__edge8,SOLUSDT,-0.34441407738572194,-4.202363047504354,0.04521632296906524
pair_position__edge8,TRXUSDT,-0.2592353460095132,-3.1396456553481666,0.036028984103241346
pair_position__edge8,XRPUSDT,-0.16972273089198872,-2.100930756931796,0.048576088738467436
pair_position__edge16,ADAUSDT,-0.7738433268925065,-9.168183310619238,0.032174945311695895
pair_position__edge16,AVAXUSDT,-0.062277894293331686,-0.8481677513770491,0.027029328414018294
pair_position__edge16,BCHUSDT,0.29549631901676726,3.5816003628773796,0.030102669673921625
pair_position__edge16,BNBUSDT,0.03905445251761928,0.4459441347232307,0.022475579987330276
pair_position__edge16,BTCUSDT,-0.09468930198184188,-1.1451732183658803,0.020962517078949243
pair_position__edge16,DOGEUSDT,-0.27061342717745135,-3.348810162181526,0.02836683592753417
pair_position__edge16,ETHUSDT,-0.4183648753605826,-4.94102946672289,0.029490387698391234
pair_position__edge16,LINKUSDT,-0.13682592513510955,-1.7363224972924751,0.025624133606144874
pair_position__edge16,LTCUSDT,0.19497980476310262,2.3796333590741847,0.02598094940988019
pair_position__edge16,SOLUSDT,-0.23448864379138207,-2.8699368293767513,0.026603138608773252
pair_position__edge16,TRXUSDT,-0.19245134009541487,-2.322724087875805,0.019043051176664383
pair_position__edge16,XRPUSDT,0.03461327816481656,0.43083859126089585,0.02994769829835814
anchor_wide__edge8,ADAUSDT,-1.0012385187368933,-12.11455697364363,0.07396319837532721
anchor_wide__edge8,AVAXUSDT,0.182705236535233,2.133481267801618,0.06254514305688758
anchor_wide__edge8,BCHUSDT,-0.19497592320277154,-2.857268087366005,0.06119966837730078
anchor_wide__edge8,BNBUSDT,-0.3809249547826068,-4.717824991353692,0.055508509182279446
anchor_wide__edge8,BTCUSDT,-0.25072581005301164,-3.1478392177202164,0.05130630530659762
anchor_wide__edge8,DOGEUSDT,-1.2315057431222696,-14.243134447187412,0.06358296255280957
anchor_wide__edge8,ETHUSDT,-0.8252778028284767,-9.688891633319285,0.0628664781084503
anchor_wide__edge8,LINKUSDT,-0.8939325067145892,-10.787116662800301,0.06295750640313198
anchor_wide__edge8,LTCUSDT,-0.6831489093482078,-8.17465011556453,0.06658041397488641
anchor_wide__edge8,SOLUSDT,-0.8339186088601687,-10.050906489359178,0.06272605885338735
anchor_wide__edge8,TRXUSDT,-0.5317548295070568,-6.350883516709793,0.046880457175399064
anchor_wide__edge8,XRPUSDT,-0.39605420102390443,-4.947723708467844,0.06951352661387232
anchor_wide__edge16,ADAUSDT,-0.7174680947799444,-8.733898100060722,0.04191572702282606
anchor_wide__edge16,AVAXUSDT,0.2250936857084229,2.6980061312727788,0.03458779384291538
anchor_wide__edge16,BCHUSDT,-0.09588088658702391,-1.5211949217317056,0.03366660750779984
anchor_wide__edge16,BNBUSDT,-0.2965968901978211,-3.646172971249162,0.02871098654628084
anchor_wide__edge16,BTCUSDT,-0.1650484721156266,-2.040756645283004,0.026252444930983214
anchor_wide__edge16,DOGEUSDT,-0.8956632811164942,-10.42090406800239,0.0348156352344342
anchor_wide__edge16,ETHUSDT,-0.725685224492089,-8.469248453003331,0.032898670519641945
anchor_wide__edge16,LINKUSDT,-0.4287637372591063,-5.295518130294163,0.03311113192230865
anchor_wide__edge16,LTCUSDT,-0.5304374110898774,-6.363764334877853,0.03609420708626572
anchor_wide__edge16,SOLUSDT,-0.6387332723053565,-7.660932506662521,0.03559862476412617
anchor_wide__edge16,TRXUSDT,-0.3622484793720405,-4.325859925687836,0.02245038803952507
anchor_wide__edge16,XRPUSDT,-0.07730303901454756,-1.0324654665632926,0.03973385783597253
stack_global__edge8,ADAUSDT,-0.9715906337076271,-11.56179232017781,0.045576900351563074
stack_global__edge8,AVAXUSDT,0.1145145973085852,1.3595032429916776,0.038688102684723086
stack_global__edge8,BCHUSDT,0.10169502031421947,1.1305156426479224,0.037551798819676456
stack_global__edge8,BNBUSDT,-0.1575704852779246,-1.9792726297353624,0.030660625894828545
stack_global__edge8,BTCUSDT,-0.20241021803456535,-2.460654106134541,0.02950448243754659
stack_global__edge8,DOGEUSDT,-0.7769733471977064,-9.167382201203612,0.038304014237619664
stack_global__edge8,ETHUSDT,-0.6339894159582721,-7.466968156783327,0.03835500259557499
stack_global__edge8,LINKUSDT,-0.520949027476384,-6.36437822362288,0.037656783208755075
stack_global__edge8,LTCUSDT,-0.0399524428157853,-0.4491091466274355,0.03663680915644399
stack_global__edge8,SOLUSDT,-0.5165714877028029,-6.233196814784526,0.03797915287939688
stack_global__edge8,TRXUSDT,-0.2557534521916531,-3.088302213934524,0.024094351729778724
stack_global__edge8,XRPUSDT,-0.058626525579869984,-0.765872674039747,0.039038561557597086
stack_global__edge16,ADAUSDT,-0.4172438401814048,-5.12571217299188,0.02217945826884001
stack_global__edge16,AVAXUSDT,0.16289493550504439,1.9444887121587096,0.017926123651549362
stack_global__edge16,BCHUSDT,0.14183463244695077,1.6295958616231676,0.017447663331775283
stack_global__edge16,BNBUSDT,-0.062107321756973165,-0.8018990141517301,0.012642765461005026
stack_global__edge16,BTCUSDT,-0.1711467175401127,-2.061479840884295,0.012687679560995483
stack_global__edge16,DOGEUSDT,-0.5592086439515902,-6.609128643916895,0.01798104264567674
stack_global__edge16,ETHUSDT,-0.5157410490768098,-6.059628788679616,0.016579159120780482
stack_global__edge16,LINKUSDT,-0.23378627651383324,-2.880036593417745,0.016978732109914227
stack_global__edge16,LTCUSDT,0.03883203240035704,0.46733768177424917,0.015998180650026193
stack_global__edge16,SOLUSDT,-0.3179003125680625,-3.839065619500537,0.01767862208089637
stack_global__edge16,TRXUSDT,-0.16167571453492355,-1.9419220269390025,0.008792679952304344
stack_global__edge16,XRPUSDT,0.0818653585405653,0.9782000020635451,0.017958856102202766
stack_asset__edge8,ADAUSDT,-0.9804829368857124,-11.66511701802393,0.04595837508024996
stack_asset__edge8,AVAXUSDT,0.10906627823049295,1.2942928898050043,0.038503773698617086
stack_asset__edge8,BCHUSDT,0.06985966907248321,0.7168267002914952,0.03841257160933604
stack_asset__edge8,BNBUSDT,-0.14835183138249936,-1.8651918467466277,0.03026450802987703
stack_asset__edge8,BTCUSDT,-0.20346266368787388,-2.4759081016418216,0.0295700248015848
stack_asset__edge8,DOGEUSDT,-0.793457054100313,-9.348177791006263,0.03878366083867216
stack_asset__edge8,ETHUSDT,-0.6523751853674133,-7.678240964236494,0.037776946644409524
stack_asset__edge8,LINKUSDT,-0.5118804481058422,-6.254228016536356,0.037234553669259075
stack_asset__edge8,LTCUSDT,-0.029431343259810294,-0.3144696924462287,0.03643653175030148
stack_asset__edge8,SOLUSDT,-0.522052285138171,-6.300106183717913,0.038255502205459715
stack_asset__edge8,TRXUSDT,-0.244401922754936,-2.953935147773201,0.02341083357006489
stack_asset__edge8,XRPUSDT,-0.06612768928025312,-0.8617426751332702,0.04005359390565997
stack_asset__edge16,ADAUSDT,-0.44133632753984897,-5.409318561995125,0.022437319916023338
stack_asset__edge16,AVAXUSDT,0.15974205936725683,1.9084623360590136,0.017831006606504836
stack_asset__edge16,BCHUSDT,0.11520280677715271,1.2962161711441267,0.017932534151097308
stack_asset__edge16,BNBUSDT,-0.060198959468499506,-0.7782879370545115,0.012495155962557994
stack_asset__edge16,BTCUSDT,-0.16819537089667905,-2.026546090913095,0.012715468765344939
stack_asset__edge16,DOGEUSDT,-0.5707896815396889,-6.739877244980274,0.01826010656674227
stack_asset__edge16,ETHUSDT,-0.533922634377803,-6.2692226567673925,0.016341045720923857
stack_asset__edge16,LINKUSDT,-0.23250666867236425,-2.8648594016216777,0.01676793675310613
stack_asset__edge16,LTCUSDT,0.05015038880253646,0.6091797409366162,0.015880027598662843
stack_asset__edge16,SOLUSDT,-0.32375616500341486,-3.909453148300601,0.01785920744617186
stack_asset__edge16,TRXUSDT,-0.15372610712197063,-1.8474758707993755,0.008452946683247645
stack_asset__edge16,XRPUSDT,0.07481309848916476,0.889103413088721,0.01857865972624119
state_cal1__edge8,ADAUSDT,-0.10289502234409693,-1.2954952226863714,0.014561717433423712
state_cal1__edge8,AVAXUSDT,0.24823923371687012,2.8479470061017365,0.012289423491568214
state_cal1__edge8,BCHUSDT,0.5724023751880581,6.837824944477178,0.015372355634601414
state_cal1__edge8,BNBUSDT,0.16381072209428188,1.9515283838704045,0.010547211707255828
state_cal1__edge8,BTCUSDT,0.04714085107214782,0.5563189176752248,0.00902910391549487
state_cal1__edge8,DOGEUSDT,0.25576077598127184,2.9461324886821183,0.014155299382546716
state_cal1__edge8,ETHUSDT,0.0028747783909975418,0.040802368483428,0.0137035405335247
state_cal1__edge8,LINKUSDT,0.1686148223798183,2.0079909583999855,0.011146154907608584
state_cal1__edge8,LTCUSDT,0.6550085082876865,7.975196793430195,0.012665844728104827
state_cal1__edge8,SOLUSDT,0.2066101652187479,2.492510073367016,0.011919900575319255
state_cal1__edge8,TRXUSDT,-0.07282326736270062,-0.8641007042471949,0.008680986381849148
state_cal1__edge8,XRPUSDT,0.3231259177824159,3.8579972458195444,0.014704736511599469
state_cal1__edge16,ADAUSDT,0.0012402939220855793,-0.043864736779630764,0.005853095376067904
state_cal1__edge16,AVAXUSDT,0.38724093676056087,4.606778991173277,0.005479661812253742
state_cal1__edge16,BCHUSDT,0.2714901062313409,3.1512027367849083,0.008324618383566455
state_cal1__edge16,BNBUSDT,0.13022561991895765,1.5473366304551872,0.004517511822573051
state_cal1__edge16,BTCUSDT,0.07256639245256749,0.8679550774270295,0.0034144370349392435
state_cal1__edge16,DOGEUSDT,0.22764052143332691,2.6352817847782983,0.007026586764420062
state_cal1__edge16,ETHUSDT,0.0516826703882954,0.621673410257384,0.00469062208540568
state_cal1__edge16,LINKUSDT,0.1953087923722417,2.3499551574683863,0.004401761342702442
state_cal1__edge16,LTCUSDT,0.5219100114255409,6.32300498784939,0.004436536116550474
state_cal1__edge16,SOLUSDT,0.21081121970957323,2.542469719018703,0.004980473917242725
state_cal1__edge16,TRXUSDT,-0.04780433153900825,-0.568583800298339,0.0025605905346289056
state_cal1__edge16,XRPUSDT,0.2986523967984034,3.588291410913369,0.007025108751853042
state_score1__edge8,ADAUSDT,-0.9378162724923337,-11.078915282680068,0.03489306881869807
state_score1__edge8,AVAXUSDT,-0.3714393035317967,-4.617511909189287,0.030175020755674565
state_score1__edge8,BCHUSDT,0.17101044289304065,2.0457096038071887,0.03326294261014052
state_score1__edge8,BNBUSDT,-0.12441326708517739,-1.5345990051855996,0.02539835623830263
state_score1__edge8,BTCUSDT,-0.20009094505680294,-2.411864382121276,0.02389004176332449
state_score1__edge8,DOGEUSDT,-0.050650614339470254,-0.7725582148388366,0.03072697645150202
state_score1__edge8,ETHUSDT,-0.5460829601532985,-6.552657294983577,0.03424316001545952
state_score1__edge8,LINKUSDT,-0.2814120579448083,-3.512262803506472,0.0302333496860665
state_score1__edge8,LTCUSDT,0.4070078628810006,5.138483507652847,0.03014008794759328
state_score1__edge8,SOLUSDT,-0.41023185655974603,-4.8999436469013276,0.030375331293254003
state_score1__edge8,TRXUSDT,-0.21225481621126646,-2.5961673186786993,0.019888482619565703
state_score1__edge8,XRPUSDT,0.05251772638719979,0.6226749686691235,0.03274983694573922
state_score1__edge16,ADAUSDT,-0.4994439452083713,-6.042699024651665,0.016362886570450715
state_score1__edge16,AVAXUSDT,-0.0506040035748056,-0.7120890197199747,0.01531401836458912
state_score1__edge16,BCHUSDT,-0.0310952625163208,-0.47442376046180623,0.017582924390813492
state_score1__edge16,BNBUSDT,-0.04079195409596216,-0.516844831523644,0.011850029698774413
state_score1__edge16,BTCUSDT,-0.12146500407527225,-1.4671091147931192,0.010980738377316501
state_score1__edge16,DOGEUSDT,-0.02066356263686303,-0.3940081665042894,0.016345741198408332
state_score1__edge16,ETHUSDT,-0.5306023480815942,-6.301195637746471,0.016442985119587195
state_score1__edge16,LINKUSDT,-0.15937471984144883,-1.9783887063203554,0.014480028495670828
state_score1__edge16,LTCUSDT,0.4440772692282722,5.545019758164815,0.0125929427605338
state_score1__edge16,SOLUSDT,-0.2703700053158673,-3.2556501487864042,0.014834183943087869
state_score1__edge16,TRXUSDT,-0.14387399193996495,-1.7499519311262368,0.007131322993811393
state_score1__edge16,XRPUSDT,0.17323502769960225,2.1252196610152874,0.016465290424141535
state_cal3__edge8,ADAUSDT,0.0002821126842021633,-0.02404126829823605,0.0031683086979339176
state_cal3__edge8,AVAXUSDT,-0.09826286697259845,-1.1811867940995868,0.0016769363873528854
state_cal3__edge8,BCHUSDT,-0.20897050880075058,-2.5107315128272467,0.0030924742384042894
state_cal3__edge8,BNBUSDT,-0.06432523846983806,-0.7777650607941444,0.0017781604265793196
state_cal3__edge8,BTCUSDT,-0.05458349677992493,-0.6564036483256208,0.0016482056278599902
state_cal3__edge8,DOGEUSDT,-0.1872545027010321,-2.2619003043247043,0.002695747735641207
state_cal3__edge8,ETHUSDT,-0.06890178634495775,-0.8266014940464861,0.0021073098739927236
state_cal3__edge8,LINKUSDT,-0.09199076528064486,-1.1087462881498977,0.0020727144028543708
state_cal3__edge8,LTCUSDT,-0.05901854183777561,-0.714070979853465,0.0013251952761671357
state_cal3__edge8,SOLUSDT,-0.10510543854639111,-1.2636126808010295,0.002602714320441041
state_cal3__edge8,TRXUSDT,-0.0008005460344395364,-0.008512619614209349,0.0010015306515764979
state_cal3__edge8,XRPUSDT,-0.29133036845042376,-3.463229516462385,0.0031663418180993934
state_cal3__edge16,ADAUSDT,0.0197516563547155,0.22601061308367143,0.0011813278670745407
state_cal3__edge16,AVAXUSDT,-0.02342015869699039,-0.2809869116290997,0.00027583966177467765
state_cal3__edge16,BCHUSDT,-0.060767903853189205,-0.7400967019027593,0.001143153907646532
state_cal3__edge16,BNBUSDT,-0.025320529322174583,-0.30527316978887775,0.0007226602558275776
state_cal3__edge16,BTCUSDT,-0.011857568583788825,-0.1434083382644502,0.0006386465537816863
state_cal3__edge16,DOGEUSDT,-0.08986953274336733,-1.0834597166557214,0.0006286086354651523
state_cal3__edge16,ETHUSDT,-0.024325399453137348,-0.2928382972979038,0.00045649243517174897
state_cal3__edge16,LINKUSDT,-0.030509804157459484,-0.36730649737367616,0.0006012971788597052
state_cal3__edge16,LTCUSDT,-0.03778520044640267,-0.45403416516845985,0.00023368258156751298
state_cal3__edge16,SOLUSDT,-0.04573430020458698,-0.5496372657530224,0.0008610020360573483
state_cal3__edge16,TRXUSDT,-0.001588466758394265,-0.019056132249339885,8.968987739276017e-05
state_cal3__edge16,XRPUSDT,-0.132631553125854,-1.5837684563788423,0.0011734011110529218
state_score3__edge8,ADAUSDT,-0.46669968002701806,-5.741573632133356,0.04183031703347533
state_score3__edge8,AVAXUSDT,-0.9683837147679265,-11.60755376142031,0.035855825928439646
state_score3__edge8,BCHUSDT,-1.061985745202918,-12.667986221235061,0.038293016484723774
state_score3__edge8,BNBUSDT,-0.2988970236931021,-3.745089780455224,0.029616735934799188
state_score3__edge8,BTCUSDT,-0.40473754248389493,-4.910397059561388,0.028681220380680893
state_score3__edge8,DOGEUSDT,-0.6731245187010626,-8.176027918318917,0.03628933967639266
state_score3__edge8,ETHUSDT,-0.8814742285251346,-10.30030719552839,0.03857642147736266
state_score3__edge8,LINKUSDT,-0.4986079418174367,-6.151579434383525,0.03511053369022898
state_score3__edge8,LTCUSDT,-0.7809836138069803,-9.537648657804532,0.03490427785894302
state_score3__edge8,SOLUSDT,-0.5469809521136729,-6.665992920658271,0.03498032727221181
state_score3__edge8,TRXUSDT,-0.22674649666156255,-2.748181091396118,0.024214738311211185
state_score3__edge8,XRPUSDT,-0.7851983768087845,-9.448207458964387,0.03845864011842338
state_score3__edge16,ADAUSDT,-0.40586254805187844,-4.9658729714174505,0.01964074334047392
state_score3__edge16,AVAXUSDT,-0.7859682537148152,-9.407895766578777,0.01821732150869615
state_score3__edge16,BCHUSDT,-0.5372269225946645,-6.611496914417536,0.019963566137207133
state_score3__edge16,BNBUSDT,-0.11508725768485566,-1.506647065487754,0.013368980361982044
state_score3__edge16,BTCUSDT,-0.24880468687530904,-3.016737805216285,0.013148369582383216
state_score3__edge16,DOGEUSDT,-0.6595318442702982,-7.913706871797411,0.01864179228008231
state_score3__edge16,ETHUSDT,-0.7551589352944696,-8.813110311052474,0.01821651286831926
state_score3__edge16,LINKUSDT,-0.37253627767605324,-4.573743484340065,0.01657941684429655
state_score3__edge16,LTCUSDT,-0.5181512734423624,-6.368778715627799,0.014609459468616179
state_score3__edge16,SOLUSDT,-0.5234766686914485,-6.281482720538456,0.016806035752804944
state_score3__edge16,TRXUSDT,-0.12850436181021826,-1.546901935186773,0.008975222465118535
state_score3__edge16,XRPUSDT,-0.6265877769311122,-7.510494004801183,0.019216522965016
state_cal6__edge8,ADAUSDT,0.0033237171553812442,0.03618029863285965,0.0009827886740278106
state_cal6__edge8,AVAXUSDT,-0.030988976369914212,-0.37241390860865975,0.0007029143133767667
state_cal6__edge8,BCHUSDT,0.032637169809268805,0.3899244574881555,0.0010017935657558878
state_cal6__edge8,BNBUSDT,0.03981149693746123,0.4779176973792598,0.0006157054580135468
state_cal6__edge8,BTCUSDT,-0.025434549945858163,-0.30511741397518666,0.0005282023410826016
state_cal6__edge8,DOGEUSDT,-0.028520589446069475,-0.3435773590640956,0.0008878607135145241
state_cal6__edge8,ETHUSDT,-0.03693396139289026,-0.44308141193799555,0.0008602972023462465
state_cal6__edge8,LINKUSDT,-0.007115796551104352,-0.08609114548948638,0.0007403657055214091
state_cal6__edge8,LTCUSDT,0.0008098277175105028,0.009542161002995542,0.0002978835997287104
state_cal6__edge8,SOLUSDT,-0.016702132766776984,-0.2008106329488224,0.0007138038671855305
state_cal6__edge8,TRXUSDT,-0.004563553630512735,-0.05470025521876476,0.00030008777888002465
state_cal6__edge8,XRPUSDT,-0.048374420528234034,-0.5796224390740679,0.0008651690443104298
state_cal6__edge16,ADAUSDT,0.024140826777367407,0.2895121046593063,0.00017434976505658562
state_cal6__edge16,AVAXUSDT,-0.002356234967246461,-0.028345827110087818,6.183485885962272e-05
state_cal6__edge16,BCHUSDT,0.018987716543340093,0.22796875576995834,5.109025601673092e-05
state_cal6__edge16,BNBUSDT,0.010423734307867043,0.1250560589679317,5.935823209969e-05
state_cal6__edge16,BTCUSDT,3.3218198866124305e-05,0.00039829983755623743,3.36454988962034e-06
state_cal6__edge16,DOGEUSDT,0.009970204008046409,0.11937890734481371,0.00014222641976182842
state_cal6__edge16,ETHUSDT,-0.0038882470982895194,-0.046646066652267226,6.841107592833589e-05
state_cal6__edge16,LINKUSDT,0.004896363898693969,0.05867613474848099,6.795620622908715e-05
state_cal6__edge16,LTCUSDT,0.0,0.0,0.0
state_cal6__edge16,SOLUSDT,-0.0009493186757592769,-0.011384959236393488,1.5943773492056507e-05
state_cal6__edge16,TRXUSDT,0.0002864248598444948,0.003435577966093284,1.4379276182705483e-05
state_cal6__edge16,XRPUSDT,-0.002222151157390621,-0.026659725180411264,1.209433283225009e-05
state_score6__edge8,ADAUSDT,-0.5486215883417912,-6.724310606129579,0.03888508793142016
state_score6__edge8,AVAXUSDT,-0.5940787782363999,-7.166581724467324,0.03067214268281878
state_score6__edge8,BCHUSDT,-0.7762502980329483,-9.306912133196231,0.03299453188350916
state_score6__edge8,BNBUSDT,-0.21742142281191626,-2.7319435975477813,0.026527133511787395
state_score6__edge8,BTCUSDT,-0.3486503860162305,-4.223417102543281,0.026446384211189434
state_score6__edge8,DOGEUSDT,-0.7149243128920432,-8.629036892574272,0.03216091011400331
state_score6__edge8,ETHUSDT,-0.8986674695316903,-10.493268241503594,0.035584473464197686
state_score6__edge8,LINKUSDT,-0.49430796712240316,-6.087256517349804,0.03293278718241394
state_score6__edge8,LTCUSDT,-0.2953475999436137,-3.6415509588591077,0.030336642381425763
state_score6__edge8,SOLUSDT,-0.5341948471062108,-6.510111589300582,0.03244858504594925
state_score6__edge8,TRXUSDT,-0.1923312890836242,-2.3159441803388137,0.02176860426530772
state_score6__edge8,XRPUSDT,-0.8835997625574318,-10.578241119809384,0.03459797297789707
state_score6__edge16,ADAUSDT,-0.3862917595928784,-4.728307260007214,0.01872260623530605
state_score6__edge16,AVAXUSDT,-0.41923784579673024,-5.049834621939475,0.015109051562528591
state_score6__edge16,BCHUSDT,-0.4165451752965842,-5.117707223373191,0.016669934977802503
state_score6__edge16,BNBUSDT,-0.05368497810580274,-0.7407948327464497,0.01194456384174802
state_score6__edge16,BTCUSDT,-0.2214169542885033,-2.6818898591141616,0.012192036622414259
state_score6__edge16,DOGEUSDT,-0.663117049552122,-7.9252318700978375,0.016104297922692485
state_score6__edge16,ETHUSDT,-0.7661157588667817,-8.935899219418674,0.01679770748500738
state_score6__edge16,LINKUSDT,-0.3854355342367463,-4.725102219042421,0.015647683190521205
state_score6__edge16,LTCUSDT,-0.11523295353820699,-1.4419744650373212,0.012477631455893179
state_score6__edge16,SOLUSDT,-0.5162788764815317,-6.19601395476278,0.016075491205349967
state_score6__edge16,TRXUSDT,-0.11803786994523006,-1.4166862199123331,0.008298308610639054
state_score6__edge16,XRPUSDT,-0.6413137054407685,-7.67849060716993,0.017564337548121655
state_score3_smooth__edge8,ADAUSDT,-0.5105643737392884,-6.089454266198957,0.03580635187631192
state_score3_smooth__edge8,AVAXUSDT,-0.6553278986906341,-7.883959480477698,0.029880172310837862
state_score3_smooth__edge8,BCHUSDT,-0.5410082804437771,-6.549086946558747,0.03226953506661562
state_score3_smooth__edge8,BNBUSDT,-0.13427150669629206,-1.6384680034391308,0.026468595821012554
state_score3_smooth__edge8,BTCUSDT,-0.23429792926038404,-2.840306386492264,0.025678021713241583
state_score3_smooth__edge8,DOGEUSDT,-0.3533076400708773,-4.282833313946877,0.03056843039574441
state_score3_smooth__edge8,ETHUSDT,-0.5643918056997795,-6.6946207418685955,0.03176801000743478
state_score3_smooth__edge8,LINKUSDT,-0.28266119686273944,-3.448017067584108,0.02926276757418396
state_score3_smooth__edge8,LTCUSDT,-0.46603400754807117,-5.610771314554763,0.029201187732540632
state_score3_smooth__edge8,SOLUSDT,-0.41955533558314895,-5.0347893270112465,0.0303224585897901
state_score3_smooth__edge8,TRXUSDT,0.0001703200197386624,-0.004602501878669951,0.023017881249684267
state_score3_smooth__edge8,XRPUSDT,-0.7740171988972631,-9.178113922343744,0.031374355386707804
state_score3_smooth__edge16,ADAUSDT,-0.4459669055841738,-5.33339799036402,0.022271645006074734
state_score3_smooth__edge16,AVAXUSDT,-0.5847222228433807,-7.005329153057227,0.019977117722125824
state_score3_smooth__edge16,BCHUSDT,-0.3813893487158821,-4.660560842223349,0.022872206757665037
state_score3_smooth__edge16,BNBUSDT,-0.07531851293244761,-0.9246366658660632,0.018865428905055787
state_score3_smooth__edge16,BTCUSDT,-0.10365157698451852,-1.2647533602023642,0.018278397896051114
state_score3_smooth__edge16,DOGEUSDT,-0.3576743212590421,-4.3081645805270625,0.02148154206056531
state_score3_smooth__edge16,ETHUSDT,-0.5242840700822567,-6.208959458312801,0.021714957670267168
state_score3_smooth__edge16,LINKUSDT,-0.28637341246178466,-3.461748689109412,0.021074498750902216
state_score3_smooth__edge16,LTCUSDT,-0.33028744151087924,-4.002459801190161,0.01871497200730718
state_score3_smooth__edge16,SOLUSDT,-0.4772332932581575,-5.678441450798144,0.021008324844736963
state_score3_smooth__edge16,TRXUSDT,-0.019973101252415054,-0.2413322078994251,0.014001458509287162
state_score3_smooth__edge16,XRPUSDT,-0.6516186065992994,-7.735005437746989,0.02268075070452391
