id,period,common_price_contribution_pct,relative_price_contribution_pct,funding_contribution_pct,fee_contribution_pct
base_ridge__edge8,oos,-0.14202649951215027,0.02553659715429893,-0.0023382761389385506,0.12199889934940125
base_ridge__edge16,oos,-0.031749038563417764,0.0027685797267924927,-0.00026094945291608345,0.016786936920404824
base15__edge8,oos,-1.555674695681267,-0.41317724090243446,-0.038211659259387076,4.888398826873091
base15__edge16,oos,-1.2610806178946072,-0.310567308078091,-0.031147288035584718,2.991868801078752
base31__edge8,oos,-4.6906213263542575,-0.15912945570417097,-0.023171846754303987,7.005308277459566
base31__edge16,oos,-3.884509226928788,-0.39666267561745394,-0.018124714698425203,4.88142560004397
wide_ridge__edge8,oos,-0.37276232175917673,-0.06397237473573736,-0.0033749030148613104,0.2279784727897127
wide_ridge__edge16,oos,-0.08452396260573004,-0.03061830153596759,-0.0001920332724195578,0.0437390996561786
wide15__edge8,oos,-2.727659037651641,-1.0717757772239875,-0.03322139529156977,4.835329642599703
wide15__edge16,oos,-2.072288203260692,-0.9122408930119212,-0.02580041312884513,2.9634581231087482
wide31__edge8,oos,-2.7975173729518326,-0.047908719511113515,-0.04382876174202642,7.351889879997008
wide31__edge16,oos,-2.355927873647575,-0.03445653884391973,-0.036853186331262305,5.148307499681374
wide15_static__edge8,oos,2.4500303494268896,0.08064497724637273,-0.0022940492213432725,2.9981073667923113
wide15_static__edge16,oos,2.1151180112401047,0.26639869592938825,-0.008212504614428483,1.7278352141016233
base_ensemble__edge8,oos,-2.395723776929599,-0.1112399307036071,-0.02323828064024296,3.4297791839101346
base_ensemble__edge16,oos,-1.7159003601189775,-0.16865190119929163,-0.015605528718065535,1.7930141226761522
wide_equal__edge8,oos,-2.2161687342997043,-0.3364092057713569,-0.030284618240170313,3.559287567354995
wide_equal__edge16,oos,-1.7193299500125196,-0.32154354654100276,-0.02090081742931441,1.903921989391355
wide_cov__edge8,oos,-2.186470859326891,-0.33394124182358537,-0.029902728080974345,3.4846024147304533
wide_cov__edge16,oos,-1.6887171903398068,-0.317419097614699,-0.020552672082980495,1.8491341837589075
asset_shrunk__edge8,oos,-1.5430140516971782,-0.46893171466319533,-0.028969447197976925,4.186675633569545
asset_shrunk__edge16,oos,-1.3478586818415912,-0.6382899181262636,-0.02026921478367671,2.3307435044713887
adaptive_equal__edge8,oos,-1.9824571335041594,-0.37828628648885076,-0.02657656768860121,3.3168236070564823
adaptive_equal__edge16,oos,-1.6137545536805804,-0.4024472960186624,-0.018591831616573833,1.726621685302996
pair_prediction__edge8,oos,0.3556765990979769,0.28384120087605,-0.02349835175801756,2.613119753698744
pair_prediction__edge16,oos,0.20581563770016315,0.41541511166640943,-0.016102425509208672,1.2891297457895894
pair_position__edge8,oos,0.42035306356619984,-0.16077569143641246,-0.019849645738820205,3.185798121070112
pair_position__edge16,oos,0.4083675200210581,-0.016362954266349074,-0.019443680526632864,1.99197176549339
anchor_wide__edge8,oos,-1.8773096153093887,-0.5584279827676298,-0.03668982469382593,4.568325148873878
anchor_wide__edge16,oos,-1.5051222021090078,-0.432577073752995,-0.028350742625644583,2.742685084133858
stack_global__edge8,oos,-1.0535655199239105,-0.045885822943195556,-0.02302075721530525,2.795705318237376
stack_global__edge16,oos,-0.8064804321385713,0.18303048820837434,-0.015308291703781209,1.374624681596814
stack_asset__edge8,oos,-1.0671728602778756,-0.08488347386211137,-0.022475287546904327,2.7985657909729573
stack_asset__edge16,oos,-0.8523325933032846,0.16169316162413677,-0.015059563130009258,1.3788245663750014
state_cal1__edge8,oos,2.7199793933513674,0.7339562223279462,-0.014791430457100446,0.9712743248167152
state_cal1__edge16,oos,2.2448276980453508,0.5036389336420507,-0.011572943551637373,0.41592905826187765
state_score1__edge8,oos,-0.7477745679496152,0.42569001631550824,-0.014008358096890036,2.1677631514824625
state_score1__edge16,oos,-0.4211691181218642,0.2546665342563994,-0.008778845503354914,1.0756910709897765
state_cal3__edge8,oos,-1.1341732920118026,0.07744889389473067,0.004509568832931495,0.17804711825043412
state_cal3__edge16,oos,-0.47594503147304623,0.06684519168491347,0.002514927729723427,0.05747384893222024
state_score3__edge8,oos,-4.585464855950012,-0.4087845512014114,0.002822272571202994,2.602392700029274
state_score3__edge16,oos,-4.090984248603247,-0.3115316795309305,0.00885898393564501,1.2832398628389534
state_cal6__edge8,oos,-0.17425877310746218,0.11207997297726449,-5.812350833399655e-05,0.059814845373206596
state_cal6__edge16,oos,0.010453584926706944,0.054016501758238564,-0.00023773981002318242,0.0049098101795826635
state_score6__edge8,oos,-4.273964046236098,0.1424501230948369,-0.004243658892671158,2.3626381396423723
state_score6__edge16,oos,-3.672982010968373,0.1361915778539858,0.0037630928170707444,1.1696811208445699
state_score3_smooth__edge8,oos,-3.9415425716265946,-0.4729117998000889,0.015119215325875564,0.5359316973717082
state_score3_smooth__edge16,oos,-3.4780637504702714,-0.4872614979359804,0.016542999806750572,0.2897105648847359
