model,period,ic,mse,r2_vs_zero,prediction_rms,observations
base_ridge,oos,-0.017222759053127614,0.0001405141656080558,-0.002555835727781064,0.000398539655476748,14976
base15,oos,-0.011522235317835633,0.00014451597657210384,-0.03110839424118228,0.0019561585346926677,14976
base31,oos,-0.024389411755693,0.00014881389677793503,-0.061773665356035456,0.0026647456894658616,14976
wide_ridge,oos,-0.01755698248085872,0.00014060759224614007,-0.003222426322533334,0.00046711452959208907,14976
wide15,oos,-0.02399300311554849,0.00014520078796711067,-0.03599446147480223,0.0019769715798527688,14976
wide31,oos,-0.017680416244070834,0.00014884136921981846,-0.061969678738833744,0.002742437564814617,14976
wide15_static,oos,0.01172005860522008,0.00014306312056374846,-0.02074239830514446,0.001889122777726293,14976
base_ensemble,oos,-0.02062310732092735,0.00014323378987906923,-0.02196010840087803,0.0015213579855977413,14976
wide_equal,oos,-0.022013827371643955,0.0001434759897241693,-0.023688182343221564,0.0015732976178668818,14976
wide_cov,oos,-0.02203512173743687,0.00014339687878915278,-0.023123732992314627,0.0015513193352847529,14976
asset_shrunk,oos,-0.016713210272378827,0.00014385891513808962,-0.02642032046405096,0.0017325785682527945,14976
adaptive_equal,oos,-0.02094055041719102,0.00014318580898017716,-0.02161776903616297,0.0015045257780374743,14976
pair_prediction,oos,-0.000332034979197499,0.00014204383106929634,-0.013469860148319635,0.001397123130743252,14976
pair_position,oos,-0.000332034979197499,0.00014204383106929634,-0.013469860148319635,0.001397123130743252,14976
anchor_wide,oos,-0.015297997277359364,0.0001443747715908833,-0.03010090949867328,0.0018800567774810346,14976
stack_global,oos,-0.012519918008189709,0.00014238548228465896,-0.015907510603439645,0.0013614462846661792,14976
stack_asset,oos,-0.01266308508713293,0.00014239489555400173,-0.01597467342700276,0.0013630317428464165,14976
state_cal1,oos,0.03311124444441034,0.00014018373224894854,-0.00019822366028177107,0.000840997939782833,14976
state_score1,oos,-0.007179824938776321,0.00014201281953984984,-0.013248595696533583,0.0012961697286338475,14976
state_cal3,oos,-0.035524478639446244,0.00014062901024824417,-0.003375241826266917,0.0003853215940962815,14976
state_score3,oos,-0.033993786413502404,0.0001431939244894227,-0.021675672459058548,0.001397123130743252,14976
state_cal6,oos,-0.025076712149986063,0.00014037754367302326,-0.0015810506044264816,0.00026903633788875555,14976
state_score6,oos,-0.02960865500237676,0.00014279464161140264,-0.01882682531448121,0.001324392752624628,14976
state_score3_smooth,oos,-0.033993786413502404,0.0001431939244894227,-0.021675672459058548,0.001397123130743252,14976
