id,horizon,period,net_return_pct,net_sum_pct,price_gross_pct,funding_pct,fee_pct,sharpe,max_drawdown_pct,mean_abs_position,turnover,positive_asset_share,break_even_bps,old_net_return_pct,additive_net_wealth_difference_pp,old_mean_abs_position,old_turnover
pool_12h_trial71,12,discovery,-24.744549348213962,-28.253050481845772,15.103001465411605,0.22836630983177628,43.58441825708915,-3.2721980107977093,-24.95131610614132,0.1248852747234003,1089.6104564272289,0.08333333333333333,1.4070503531614473,-24.065640081381922,-0.67890926683204,0.11195801919824458,978.7888719398433
pool_12h_trial71,12,validation,-9.398841846984652,-9.845173049006059,-1.8554179434380986,0.06358296878768634,8.053338074355644,-7.868361866027961,-9.430722171664009,0.10173889847486153,201.33345185889107,0.16666666666666666,-0.889983734996139,-5.922933564167043,-3.475908282817609,0.05391270224553887,110.78793271005276
pool_12h_trial71,12,holdout,-3.5499241563630046,-3.601048183697506,2.714373637495811,0.03627308331007233,6.35169490450339,-2.708844581344001,-5.894578075554257,0.0742416893412706,158.79237261258476,0.16666666666666666,1.7322284915515438,-0.8643790769363835,-2.685545079426621,0.038217011819248546,74.57446377719883
pool_4h_trial28,4,discovery,-28.54393267299512,-33.50848242423021,3.2726248786764387,0.06137511461269082,36.84248241751934,-5.2926809525843375,-28.629096121328434,0.04117603731295646,921.0620604379834,0.0,0.3619734365894678,-28.471922218799428,-0.07201045419569141,0.038734963717842276,860.9757379106553
pool_4h_trial28,4,validation,-2.5347761859983,-2.562992145995548,0.08186368639443004,0.018277556927344427,2.6631333893173226,-4.273032729392053,-2.821204718589776,0.012256635109705248,66.57833473293306,0.4166666666666667,0.15041115660743537,-2.0995492156273055,-0.43522697037099434,0.007932765235803819,39.24306590933825
pool_4h_trial28,4,holdout,-2.288284639106586,-2.309990052895725,-0.7231647161664279,0.00012335707272692186,1.5869486938020243,-3.027000060055854,-2.5680551918403016,0.007219071748013113,39.673717345050605,0.3333333333333333,-1.8224694016072638,-0.16585821273286117,-2.1224264263737247,0.006388434034371247,27.485834584271252
seed_OLD_12h_trial42,12,discovery,-24.73325258819925,-28.24872583146785,11.273540199315672,0.19384338521653566,39.716109416000066,-3.3561587970763855,-24.943646964807954,0.11330044988886444,992.9027354000017,0.08333333333333333,1.1549352394434131,-24.065640081381922,-0.6676125068173278,0.11195801919824458,978.7888719398433
seed_OLD_12h_trial42,12,validation,-7.1006381400158025,-7.351142133498883,-2.3069552343198336,0.007618075258211011,5.05180497443726,-7.442219957287285,-7.492008040419917,0.06080559874832112,126.2951243609315,0.0,-1.8206064333017964,-5.922933564167043,-1.1777045758487592,0.05391270224553887,110.78793271005276
seed_OLD_12h_trial42,12,holdout,-2.197431625851176,-2.2124644354519054,1.2983602570197603,0.001957233017464882,3.51278192548913,-1.9938781758197164,-3.8719283585479825,0.04292224080142996,87.81954813722825,0.3333333333333333,1.480669757040116,-0.8643790769363835,-1.3330525489147926,0.038217011819248546,74.57446377719883
seed_F4_12h_trial38,12,discovery,-23.267696047169338,-26.31659510489326,13.859747185241671,0.15115582442910772,40.32749811456403,-3.093738829472036,-23.467229603454943,0.11726113676300683,1008.1874528641008,0.25,1.3897120986645912,-24.065640081381922,0.7979440342125841,0.11195801919824458,978.7888719398433
seed_F4_12h_trial38,12,validation,-8.018015388613032,-8.345820281453626,-3.1973837175630737,0.02553664032862265,5.173973204219175,-8.54587339503194,-8.110942469423632,0.06427932525097398,129.34933010547937,0.16666666666666666,-2.4521557820577295,-5.922933564167043,-2.0950818244459883,0.05391270224553887,110.78793271005276
seed_F4_12h_trial38,12,holdout,0.08274285269214143,0.09325966538517028,3.45977198472261,0.005389881049714007,3.3719022003871535,0.07590860197010837,-3.038976273405347,0.04460489772077706,84.29755500967885,0.3333333333333333,4.110631518760494,-0.8643790769363835,0.9471219296285249,0.038217011819248546,74.57446377719883
seed_OLD_4h_trial40,4,discovery,-28.92040437155353,-34.03695266625295,0.5418626419200944,0.062007700813257224,34.6408230089863,-5.311531939781269,-28.97418858478241,0.03968020396146208,866.0205752246575,0.08333333333333333,0.06972932976525408,-28.471922218799428,-0.44848215275410297,0.038734963717842276,860.9757379106553
seed_OLD_4h_trial40,4,validation,-2.701155554672874,-2.7339389699323933,-0.8888175414168435,0.026504791862839307,1.8716262203783889,-4.903077470809146,-3.287900512454489,0.009754914660877353,46.790655509459725,0.25,-1.8429165827344938,-2.0995492156273055,-0.6016063390455684,0.007932765235803819,39.24306590933825
seed_OLD_4h_trial40,4,holdout,-0.3948630925895813,-0.3904715569359488,0.8737318241353619,-0.0031103085360244713,1.261093072535286,-0.46860413867110506,-1.2390126337560092,0.007134226640430718,31.52732681338215,0.16666666666666666,2.7614821921083132,-0.16585821273286117,-0.22900487985672013,0.006388434034371247,27.485834584271252
seed_F4_4h_trial36,4,discovery,-28.402603122725623,-33.30969729415473,2.127700422267497,0.0555179196124619,35.492915636034674,-5.216930475815131,-28.465159820022755,0.04047608555608687,887.3228909008668,0.0,0.24604553362343848,-28.471922218799428,0.06931909607380504,0.038734963717842276,860.9757379106553
seed_F4_4h_trial36,4,validation,-2.478867207775892,-2.5046202818994563,-0.7550030776386972,0.021037754971230914,1.77065495923199,-4.706261976629732,-2.874974161983801,0.009163283784994092,44.26637398079974,0.25,-1.658065155699943,-2.0995492156273055,-0.37931799214858675,0.007932765235803819,39.24306590933825
seed_F4_4h_trial36,4,holdout,0.011487727542491832,0.016957597974504544,1.2722817890389215,-0.004296552527865301,1.251027638536552,0.024948319437474026,-1.1376562309838634,0.007041300549117858,31.275690963413794,0.3333333333333333,4.054219738883919,-0.16585821273286117,0.177345940275353,0.006388434034371247,27.485834584271252
F3_4h_trial9,4,discovery,-28.589854472776988,-33.573633871182075,0.6334459432157765,0.057204247372642174,34.26428406177048,-5.369440517873609,-28.649661568103333,0.03896602495128167,856.6071015442622,0.0,0.0806262508614904,-28.471922218799428,-0.11793225397756046,0.038734963717842276,860.9757379106553
F3_4h_trial9,4,validation,-2.252324958977836,-2.2725477844100297,-0.7045166718947884,0.010572497724219644,1.578603610239461,-4.675254230577846,-2.7672456772159126,0.008298277896295864,39.46509025598652,0.25,-1.7583747298419097,-2.0995492156273055,-0.15277574335053057,0.007932765235803819,39.24306590933825
F3_4h_trial9,4,holdout,0.02641172971991068,0.03174114961541977,1.1165674580613656,-0.004907998627654197,1.079918309818292,0.04603764197234596,-1.3016750461231963,0.006552381768766896,26.9979577454573,0.3333333333333333,4.1175687061765265,-0.16585821273286117,0.19226994245277185,0.006388434034371247,27.485834584271252
seed_F3_12h_trial35,12,discovery,-24.09230735942839,-27.402132185416374,11.554460319123265,0.16214878712873712,39.11874129166839,-3.2370830427808195,-24.30016237951137,0.11180939878274458,977.9685322917092,0.25,1.1980558391583465,-24.065640081381922,-0.026667278046467402,0.11195801919824458,978.7888719398433
seed_F3_12h_trial35,12,validation,-5.9558311147548615,-6.127683272730892,-1.7224975689434054,0.010486671990663101,4.415672375778149,-7.07104251491735,-6.194497455838621,0.0539325023487883,110.39180939445372,0.16666666666666666,-1.550849566053727,-5.922933564167043,-0.03289755058781818,0.05391270224553887,110.78793271005276
seed_F3_12h_trial35,12,holdout,-0.7883960412066293,-0.7819189519753036,2.178253383263268,0.008171717624907895,2.96834405286348,-0.7250055635715054,-2.9182474176233653,0.03800611026107493,74.20860132158698,0.3333333333333333,2.94632301640235,-0.8643790769363835,0.07598303572975418,0.038217011819248546,74.57446377719883
old_nonlinear_4h_trial4,4,discovery,-28.326980383995647,-33.20610902607868,1.107134682419546,0.05822841308654094,34.37147212158478,-5.271745943909607,-28.384013677553277,0.0387730650156033,859.2868030396194,0.08333333333333333,0.13561980602794796,-28.471922218799428,0.14494183480378098,0.038734963717842276,860.9757379106553
old_nonlinear_4h_trial4,4,validation,-2.2550356932261373,-2.2767392167010967,-0.6776407155607571,0.024630718351615434,1.623729219491955,-4.990559585887624,-2.7386926066217065,0.00806326246729363,40.593230487298875,0.16666666666666666,-1.6086672318761637,-2.0995492156273055,-0.15548647759883183,0.007932765235803819,39.24306590933825
old_nonlinear_4h_trial4,4,holdout,-0.06958270756508567,-0.06447152165893538,1.0367582905721526,-0.004282169010176684,1.0969476432209113,-0.08613022743482876,-1.3051349136057766,0.0064139715523504875,27.42369108052278,0.3333333333333333,3.7649057471161305,-0.16585821273286117,0.0962755051677755,0.006388434034371247,27.485834584271252
seed_F3_4h_trial33,4,discovery,-28.433422286473263,-33.354748845285656,0.9322885458747938,0.05752553894522275,34.344562930105674,-5.30475542154236,-28.493073167088944,0.038711763387228044,858.6140732526418,0.08333333333333333,0.11528044038113151,-28.471922218799428,0.038499932326164554,0.038734963717842276,860.9757379106553
seed_F3_4h_trial33,4,validation,-1.9351733980850327,-1.9499889838800872,-0.4379897978607222,0.025808206716987494,1.5378073927363523,-4.159507780704973,-2.529256807400848,0.007947518385291013,38.445184818408805,0.3333333333333333,-1.0721280001400038,-2.0995492156273055,0.1643758175422727,0.007932765235803819,39.24306590933825
seed_F3_4h_trial33,4,holdout,-0.11625979642194695,-0.11116540538145571,0.9856967930118374,-0.003525600521291552,1.0933365978720013,-0.14645528485844178,-1.3057570729488766,0.006372734792803636,27.33341494680003,0.3333333333333333,3.59329851173803,-0.16585821273286117,0.04959841631091422,0.006388434034371247,27.485834584271252
joint_4h_trial17,4,discovery,-28.922873574148877,-34.04127655594159,0.35137840075785676,0.05771984967162465,34.45037480637108,-5.390363731024955,-28.98212126454782,0.03869977035705439,861.2593701592772,0.08333333333333333,0.047500005759452554,-28.471922218799428,-0.4509513553494493,0.038734963717842276,860.9757379106553
joint_4h_trial17,4,validation,-2.245335502056134,-2.2667705723598885,-0.700625744597243,0.02590831615388834,1.5920531439165344,-4.569832610501248,-2.7368476703386824,0.007992961446316895,39.80132859791337,0.25,-1.695213331342732,-2.0995492156273055,-0.1457862864288284,0.007932765235803819,39.24306590933825
joint_4h_trial17,4,holdout,-0.09620807096902828,-0.09108076728904686,0.9788897085401075,-0.0042914388588945595,1.0656790369702596,-0.11946624911931576,-1.3605783626915557,0.006435162898783915,26.64197592425648,0.4166666666666667,3.658130584803506,-0.16585821273286117,0.06965014176383288,0.006388434034371247,27.485834584271252
joint_interaction_residual_12h_trial27,12,discovery,-24.065640081381922,-27.366879212170836,11.620109893225598,0.1645657721972953,39.151554877593725,-3.270215219994559,-24.273591396264436,0.11195801919824458,978.7888719398433,0.16666666666666666,1.2040058896528998,-24.065640081381922,0.0,0.11195801919824458,978.7888719398433
joint_interaction_residual_12h_trial27,12,validation,-5.922933564167043,-6.092749600160382,-1.672125265630933,0.010892973872661332,4.4315173084021104,-6.862360875349313,-6.168976128429793,0.05391270224553887,110.78793271005276,0.16666666666666666,-1.4994704306884625,-5.922933564167043,0.0,0.05391270224553887,110.78793271005276
joint_interaction_residual_12h_trial27,12,holdout,-0.8643790769363835,-0.8585773844541553,2.1177753503352172,0.006625816298580427,2.9829785510879523,-0.7760805953363922,-3.011068653979332,0.038217011819248546,74.57446377719883,0.3333333333333333,2.8486978773065403,-0.8643790769363835,0.0,0.038217011819248546,74.57446377719883
F7_reference_12h_trial51,12,discovery,-24.065640081381922,-27.366879212170836,11.620109893225598,0.1645657721972953,39.151554877593725,-3.270215219994559,-24.273591396264436,0.11195801919824458,978.7888719398433,0.16666666666666666,1.2040058896528998,-24.065640081381922,0.0,0.11195801919824458,978.7888719398433
F7_reference_12h_trial51,12,validation,-5.922933564167043,-6.092749600160382,-1.672125265630933,0.010892973872661332,4.4315173084021104,-6.862360875349313,-6.168976128429793,0.05391270224553887,110.78793271005276,0.16666666666666666,-1.4994704306884625,-5.922933564167043,0.0,0.05391270224553887,110.78793271005276
F7_reference_12h_trial51,12,holdout,-0.8643790769363835,-0.8585773844541553,2.1177753503352172,0.006625816298580427,2.9829785510879523,-0.7760805953363922,-3.011068653979332,0.038217011819248546,74.57446377719883,0.3333333333333333,2.8486978773065403,-0.8643790769363835,0.0,0.038217011819248546,74.57446377719883
F7_reference_4h_trial49,4,discovery,-28.471922218799428,-33.408620355883414,0.9723438496892833,0.05806531085349549,34.4390295164262,-5.314591152307448,-28.531529595042638,0.038734963717842276,860.9757379106553,0.08333333333333333,0.11967923312720641,-28.471922218799428,0.0,0.038734963717842276,860.9757379106553
F7_reference_4h_trial49,4,validation,-2.0995492156273055,-2.1177631453464874,-0.5738938646310279,0.025853355658070922,1.56972263637353,-4.5955236876198855,-2.648082314870115,0.007932765235803819,39.24306590933825,0.3333333333333333,-1.3965282688133336,-2.0995492156273055,0.0,0.007932765235803819,39.24306590933825
F7_reference_4h_trial49,4,holdout,-0.16585821273286117,-0.16083285765572325,0.9427496586722798,-0.004149132957153232,1.09943338337085,-0.21413847273748252,-1.34246962418193,0.006388434034371247,27.485834584271252,0.3333333333333333,3.4148518315403087,-0.16585821273286117,0.0,0.006388434034371247,27.485834584271252
F4_4h_trial12,4,discovery,-28.471922218799428,-33.408620355883414,0.9723438496892833,0.05806531085349549,34.4390295164262,-5.314591152307448,-28.531529595042638,0.038734963717842276,860.9757379106553,0.08333333333333333,0.11967923312720641,-28.471922218799428,0.0,0.038734963717842276,860.9757379106553
F4_4h_trial12,4,validation,-2.0995492156273055,-2.1177631453464874,-0.5738938646310279,0.025853355658070922,1.56972263637353,-4.5955236876198855,-2.648082314870115,0.007932765235803819,39.24306590933825,0.3333333333333333,-1.3965282688133336,-2.0995492156273055,0.0,0.007932765235803819,39.24306590933825
F4_4h_trial12,4,holdout,-0.16585821273286117,-0.16083285765572325,0.9427496586722798,-0.004149132957153232,1.09943338337085,-0.21413847273748252,-1.34246962418193,0.006388434034371247,27.485834584271252,0.3333333333333333,3.4148518315403087,-0.16585821273286117,0.0,0.006388434034371247,27.485834584271252
F7_raw_12h_trial47,12,discovery,-24.150825046321987,-27.479080289960823,11.543974087305964,0.16485257125422448,39.187906948521004,-3.2652113611576103,-24.35854307649008,0.11195746984602045,979.697673713025,0.16666666666666666,1.1951469287646754,-24.065640081381922,-0.08518496494006556,0.11195801919824458,978.7888719398433
F7_raw_12h_trial47,12,validation,-5.9229335641670655,-6.092749600160382,-1.6721252656309329,0.010892973872661332,4.4315173084021104,-6.862360875349313,-6.168976128429793,0.05391270224553887,110.78793271005276,0.16666666666666666,-1.4994704306884623,-5.922933564167043,-2.220446049250313e-14,0.05391270224553887,110.78793271005276
F7_raw_12h_trial47,12,holdout,-0.8643790769363835,-0.8585773844541549,2.117775350335217,0.0066258162985804335,2.9829785510879523,-0.7760805953363921,-3.011068653979332,0.038217011819248546,74.57446377719882,0.3333333333333333,2.8486978773065394,-0.8643790769363835,0.0,0.038217011819248546,74.57446377719883
old_12h_trial63,12,discovery,-24.065640081381922,-27.366879212170836,11.620109893225598,0.1645657721972953,39.151554877593725,-3.270215219994559,-24.273591396264436,0.11195801919824458,978.7888719398433,0.16666666666666666,1.2040058896528998,-24.065640081381922,0.0,0.11195801919824458,978.7888719398433
old_12h_trial63,12,validation,-5.922933564167043,-6.092749600160382,-1.672125265630933,0.010892973872661332,4.4315173084021104,-6.862360875349313,-6.168976128429793,0.05391270224553887,110.78793271005276,0.16666666666666666,-1.4994704306884625,-5.922933564167043,0.0,0.05391270224553887,110.78793271005276
old_12h_trial63,12,holdout,-0.8643790769363835,-0.8585773844541553,2.1177753503352172,0.006625816298580427,2.9829785510879523,-0.7760805953363922,-3.011068653979332,0.038217011819248546,74.57446377719883,0.3333333333333333,2.8486978773065403,-0.8643790769363835,0.0,0.038217011819248546,74.57446377719883
old_4h_trial0,4,discovery,-28.471922218799428,-33.408620355883414,0.9723438496892833,0.05806531085349549,34.4390295164262,-5.314591152307448,-28.531529595042638,0.038734963717842276,860.9757379106553,0.08333333333333333,0.11967923312720641,-28.471922218799428,0.0,0.038734963717842276,860.9757379106553
old_4h_trial0,4,validation,-2.0995492156273055,-2.1177631453464874,-0.5738938646310279,0.025853355658070922,1.56972263637353,-4.5955236876198855,-2.648082314870115,0.007932765235803819,39.24306590933825,0.3333333333333333,-1.3965282688133336,-2.0995492156273055,0.0,0.007932765235803819,39.24306590933825
old_4h_trial0,4,holdout,-0.16585821273286117,-0.16083285765572325,0.9427496586722798,-0.004149132957153232,1.09943338337085,-0.21413847273748252,-1.34246962418193,0.006388434034371247,27.485834584271252,0.3333333333333333,3.4148518315403087,-0.16585821273286117,0.0,0.006388434034371247,27.485834584271252
F7_raw_4h_trial45,4,discovery,-28.471922218799428,-33.408620355883414,0.9723438496892833,0.05806531085349549,34.4390295164262,-5.314591152307448,-28.531529595042638,0.038734963717842276,860.9757379106553,0.08333333333333333,0.11967923312720641,-28.471922218799428,0.0,0.038734963717842276,860.9757379106553
F7_raw_4h_trial45,4,validation,-2.0995492156273055,-2.1177631453464874,-0.5738938646310279,0.025853355658070922,1.56972263637353,-4.5955236876198855,-2.648082314870115,0.007932765235803819,39.24306590933825,0.3333333333333333,-1.3965282688133336,-2.0995492156273055,0.0,0.007932765235803819,39.24306590933825
F7_raw_4h_trial45,4,holdout,-0.16585821273286117,-0.16083285765572325,0.9427496586722798,-0.004149132957153232,1.09943338337085,-0.21413847273748252,-1.34246962418193,0.006388434034371247,27.485834584271252,0.3333333333333333,3.4148518315403087,-0.16585821273286117,0.0,0.006388434034371247,27.485834584271252
joint_interaction_residual_4h_trial24,4,discovery,-28.471922218799428,-33.408620355883414,0.9723438496892833,0.05806531085349549,34.4390295164262,-5.314591152307448,-28.531529595042638,0.038734963717842276,860.9757379106553,0.08333333333333333,0.11967923312720641,-28.471922218799428,0.0,0.038734963717842276,860.9757379106553
joint_interaction_residual_4h_trial24,4,validation,-2.107928598477282,-2.1263225348906336,-0.5781809729649883,0.025850562838568455,1.5739921247642137,-4.5720953979186545,-2.6658931020306698,0.007929568278315039,39.34980311910535,0.3333333333333333,-1.403642118499569,-2.0995492156273055,-0.008379382849976746,0.007932765235803819,39.24306590933825
joint_interaction_residual_4h_trial24,4,holdout,-0.1427324119594231,-0.13764440344591589,0.9612264438358987,-0.004149377750089904,1.094721469531725,-0.18315070653577054,-1.3466361771447777,0.0064019958462437675,27.368036738293124,0.3333333333333333,3.497061463479676,-0.16585821273286117,0.023125800773438066,0.006388434034371247,27.485834584271252
joint_12h_trial19,12,discovery,-24.065640081381922,-27.366879212170836,11.620109893225598,0.1645657721972953,39.151554877593725,-3.270215219994559,-24.273591396264436,0.11195801919824458,978.7888719398433,0.16666666666666666,1.2040058896528998,-24.065640081381922,0.0,0.11195801919824458,978.7888719398433
joint_12h_trial19,12,validation,-5.922933564167043,-6.092749600160382,-1.672125265630933,0.010892973872661332,4.4315173084021104,-6.862360875349313,-6.168976128429793,0.05391270224553887,110.78793271005276,0.16666666666666666,-1.4994704306884625,-5.922933564167043,0.0,0.05391270224553887,110.78793271005276
joint_12h_trial19,12,holdout,-0.8643790769363835,-0.8585773844541553,2.1177753503352172,0.006625816298580427,2.9829785510879523,-0.7760805953363922,-3.011068653979332,0.038217011819248546,74.57446377719883,0.3333333333333333,2.8486978773065403,-0.8643790769363835,0.0,0.038217011819248546,74.57446377719883
joint_interaction_4h_trial20,4,discovery,-28.471922218799428,-33.408620355883414,0.9723438496892833,0.05806531085349549,34.4390295164262,-5.314591152307448,-28.531529595042638,0.038734963717842276,860.9757379106553,0.08333333333333333,0.11967923312720641,-28.471922218799428,0.0,0.038734963717842276,860.9757379106553
joint_interaction_4h_trial20,4,validation,-2.0995492156273055,-2.1177631453464874,-0.5738938646310279,0.025853355658070922,1.56972263637353,-4.5955236876198855,-2.648082314870115,0.007932765235803819,39.24306590933825,0.3333333333333333,-1.3965282688133336,-2.0995492156273055,0.0,0.007932765235803819,39.24306590933825
joint_interaction_4h_trial20,4,holdout,-0.16585821273286117,-0.16083285765572325,0.9427496586722798,-0.004149132957153232,1.09943338337085,-0.21413847273748252,-1.34246962418193,0.006388434034371247,27.485834584271252,0.3333333333333333,3.4148518315403087,-0.16585821273286117,0.0,0.006388434034371247,27.485834584271252
joint_interaction_12h_trial23,12,discovery,-24.065640081381922,-27.366879212170836,11.620109893225598,0.1645657721972953,39.151554877593725,-3.270215219994559,-24.273591396264436,0.11195801919824458,978.7888719398433,0.16666666666666666,1.2040058896528998,-24.065640081381922,0.0,0.11195801919824458,978.7888719398433
joint_interaction_12h_trial23,12,validation,-5.922933564167043,-6.092749600160382,-1.672125265630933,0.010892973872661332,4.4315173084021104,-6.862360875349313,-6.168976128429793,0.05391270224553887,110.78793271005276,0.16666666666666666,-1.4994704306884625,-5.922933564167043,0.0,0.05391270224553887,110.78793271005276
joint_interaction_12h_trial23,12,holdout,-0.8643790769363835,-0.8585773844541553,2.1177753503352172,0.006625816298580427,2.9829785510879523,-0.7760805953363922,-3.011068653979332,0.038217011819248546,74.57446377719883,0.3333333333333333,2.8486978773065403,-0.8643790769363835,0.0,0.038217011819248546,74.57446377719883
F4_12h_trial14,12,discovery,-23.802870237039674,-27.021757484356197,11.94796088638928,0.16761429121086088,39.13733266195633,-3.212172536048517,-24.011858054228497,0.11191683788210599,978.4333165489084,0.25,1.2382627382654672,-24.065640081381922,0.26276984434224815,0.11195801919824458,978.7888719398433
F4_12h_trial14,12,validation,-5.56761592756716,-5.718640745659063,-1.2770472375992117,0.013438540347844297,4.455032048407696,-6.711429959313817,-5.849778642871916,0.054360050578308096,111.3758012101924,0.16666666666666666,-1.1345451018274963,-5.922933564167043,0.35531763659988336,0.05391270224553887,110.78793271005276
F4_12h_trial14,12,holdout,-0.8755868242710685,-0.8701574631065057,2.102239789602903,0.004764809583107692,2.9771620622925163,-0.828830805229554,-2.8242066575219993,0.03795275253487795,74.4290515573129,0.3333333333333333,2.8308900289607286,-0.8643790769363835,-0.011207747334684992,0.038217011819248546,74.57446377719883
old_nonlinear_12h_trial7,12,discovery,-23.86208466100097,-27.099196394525322,11.774267272988084,0.16364874137695484,39.03711240889035,-3.244418263236973,-24.09583920415018,0.11158501908464862,975.927810222259,0.16666666666666666,1.2232376093111113,-24.065640081381922,0.2035554203809511,0.11195801919824458,978.7888719398433
old_nonlinear_12h_trial7,12,validation,-5.461985348114851,-5.606733775889946,-1.2425754003956135,0.011511771393682245,4.375670146888017,-6.462487716638767,-5.763033593118383,0.054009578040808116,109.39175367220038,0.16666666666666666,-1.1253715089812846,-5.922933564167043,0.46094821605219227,0.05391270224553887,110.78793271005276
old_nonlinear_12h_trial7,12,holdout,-1.0619014309584895,-1.058067539296701,1.9570350107950267,0.007216872261081414,3.022319422352809,-0.976306972105123,-2.9515078855135823,0.038084453018160554,75.5579855588202,0.25,2.599661529524212,-0.8643790769363835,-0.19752235402210605,0.038217011819248546,74.57446377719883
F3_12h_trial11,12,discovery,-26.75057341763757,-30.967416006413632,8.646928711077063,0.14841749649405758,39.762762213984765,-3.77634573709852,-26.959233031359286,0.11284467084292729,994.0690553496195,0.25,0.8847822151025261,-24.065640081381922,-2.6849333362556465,0.11195801919824458,978.7888719398433
F3_12h_trial11,12,validation,-6.143986023587756,-6.3306805659564755,-1.8842206993222148,0.014490646846525287,4.460950513480787,-7.384716675343085,-6.34543365934328,0.05471766035478943,111.52376283701969,0.16666666666666666,-1.6765306378767943,-5.922933564167043,-0.2210524594207124,0.05391270224553887,110.78793271005276
F3_12h_trial11,12,holdout,-0.9552505964866564,-0.9504471537824034,2.050065538097524,0.007416424065784916,3.007929115945712,-0.8902513344272367,-2.913675549683059,0.03818744916595143,75.19822789864278,0.3333333333333333,2.7360777237151397,-0.8643790769363835,-0.09087151955027295,0.038217011819248546,74.57446377719883
