id,period,asset,net_contribution_sum_pct
pool_12h_trial71,discovery,ADAUSDT,-1.5653463561976764
pool_12h_trial71,discovery,AVAXUSDT,-0.5160535144359081
pool_12h_trial71,discovery,BCHUSDT,-2.899082297545133
pool_12h_trial71,discovery,BNBUSDT,0.42703283769410394
pool_12h_trial71,discovery,BTCUSDT,-0.2078187783351281
pool_12h_trial71,discovery,DOGEUSDT,0.20214275513934374
pool_12h_trial71,discovery,ETHUSDT,-0.15379823295219935
pool_12h_trial71,discovery,LINKUSDT,0.03709478105930526
pool_12h_trial71,discovery,LTCUSDT,-1.698162728148775
pool_12h_trial71,discovery,SOLUSDT,-2.933297446341743
pool_12h_trial71,discovery,TRXUSDT,-1.5737333645371911
pool_12h_trial71,discovery,XRPUSDT,-6.34340377369431
pool_12h_trial71,validation,ADAUSDT,0.3233004189436111
pool_12h_trial71,validation,AVAXUSDT,-0.6792539432414125
pool_12h_trial71,validation,BCHUSDT,-0.25295853551214026
pool_12h_trial71,validation,BNBUSDT,-0.3393913106088704
pool_12h_trial71,validation,BTCUSDT,-0.3622397595830176
pool_12h_trial71,validation,DOGEUSDT,0.7364675574892909
pool_12h_trial71,validation,ETHUSDT,-0.23458431481417097
pool_12h_trial71,validation,LINKUSDT,-1.4040462085940604
pool_12h_trial71,validation,LTCUSDT,-2.1349806936345574
pool_12h_trial71,validation,SOLUSDT,-0.38074023393650575
pool_12h_trial71,validation,TRXUSDT,-0.5030838360274011
pool_12h_trial71,validation,XRPUSDT,-1.813860851224893
pool_12h_trial71,holdout,ADAUSDT,-0.5581892616654448
pool_12h_trial71,holdout,AVAXUSDT,-1.2345108021638211
pool_12h_trial71,holdout,BCHUSDT,-0.3868798136118734
pool_12h_trial71,holdout,BNBUSDT,-0.2568103444940474
pool_12h_trial71,holdout,BTCUSDT,-0.18274306053660613
pool_12h_trial71,holdout,DOGEUSDT,-0.6215193181489577
pool_12h_trial71,holdout,ETHUSDT,-0.7626607373287303
pool_12h_trial71,holdout,LINKUSDT,-0.5584877669905025
pool_12h_trial71,holdout,LTCUSDT,0.05924674878406525
pool_12h_trial71,holdout,SOLUSDT,0.2983955530982728
pool_12h_trial71,holdout,TRXUSDT,-0.3681057581833634
pool_12h_trial71,holdout,XRPUSDT,-0.521313754796731
pool_4h_trial28,discovery,ADAUSDT,-0.27695309054840817
pool_4h_trial28,discovery,AVAXUSDT,0.014585143654008636
pool_4h_trial28,discovery,BCHUSDT,-0.3741629096990627
pool_4h_trial28,discovery,BNBUSDT,-0.06202615753963862
pool_4h_trial28,discovery,BTCUSDT,-0.15261077566074624
pool_4h_trial28,discovery,DOGEUSDT,-1.0382776336264612
pool_4h_trial28,discovery,ETHUSDT,-0.009208461184914302
pool_4h_trial28,discovery,LINKUSDT,-0.18685551390280916
pool_4h_trial28,discovery,LTCUSDT,0.24043197306599481
pool_4h_trial28,discovery,SOLUSDT,0.24187456964023232
pool_4h_trial28,discovery,TRXUSDT,-0.05771027906304058
pool_4h_trial28,discovery,XRPUSDT,0.3282206631060734
pool_4h_trial28,validation,ADAUSDT,0.004437614431782704
pool_4h_trial28,validation,AVAXUSDT,0.21788131378400988
pool_4h_trial28,validation,BCHUSDT,-0.0476878891655057
pool_4h_trial28,validation,BNBUSDT,-0.00020246287148390852
pool_4h_trial28,validation,BTCUSDT,-0.05583266555587879
pool_4h_trial28,validation,DOGEUSDT,0.08331418059909688
pool_4h_trial28,validation,ETHUSDT,-0.022006497942216496
pool_4h_trial28,validation,LINKUSDT,-0.4181586972216181
pool_4h_trial28,validation,LTCUSDT,-0.4281558488232491
pool_4h_trial28,validation,SOLUSDT,0.36836652067193776
pool_4h_trial28,validation,TRXUSDT,-0.038701950912953136
pool_4h_trial28,validation,XRPUSDT,-0.11528219384773919
pool_4h_trial28,holdout,ADAUSDT,-0.061406698043682595
pool_4h_trial28,holdout,AVAXUSDT,-0.018536466173642196
pool_4h_trial28,holdout,BCHUSDT,-0.24345850573197791
pool_4h_trial28,holdout,BNBUSDT,-0.0057495316853452974
pool_4h_trial28,holdout,BTCUSDT,-0.0021812357998508597
pool_4h_trial28,holdout,DOGEUSDT,-0.05501341288243675
pool_4h_trial28,holdout,ETHUSDT,-0.026184494701239364
pool_4h_trial28,holdout,LINKUSDT,-0.008764119886007482
pool_4h_trial28,holdout,LTCUSDT,-0.007448403578063684
pool_4h_trial28,holdout,SOLUSDT,-0.023570524868193218
pool_4h_trial28,holdout,TRXUSDT,0.0020024248547479777
pool_4h_trial28,holdout,XRPUSDT,0.2825580935900238
seed_OLD_12h_trial42,discovery,ADAUSDT,0.07692272458633373
seed_OLD_12h_trial42,discovery,AVAXUSDT,-0.03387419653878144
seed_OLD_12h_trial42,discovery,BCHUSDT,-1.093660296571247
seed_OLD_12h_trial42,discovery,BNBUSDT,0.05943615820282245
seed_OLD_12h_trial42,discovery,BTCUSDT,-0.20702742999148613
seed_OLD_12h_trial42,discovery,DOGEUSDT,0.198119547998141
seed_OLD_12h_trial42,discovery,ETHUSDT,0.17489669559634555
seed_OLD_12h_trial42,discovery,LINKUSDT,-0.9725479861153574
seed_OLD_12h_trial42,discovery,LTCUSDT,0.2473799126140036
seed_OLD_12h_trial42,discovery,SOLUSDT,0.3223001949765358
seed_OLD_12h_trial42,discovery,TRXUSDT,-0.699595841307079
seed_OLD_12h_trial42,discovery,XRPUSDT,0.31355924083791265
seed_OLD_12h_trial42,validation,ADAUSDT,-0.3001278843788344
seed_OLD_12h_trial42,validation,AVAXUSDT,-0.3402017891682958
seed_OLD_12h_trial42,validation,BCHUSDT,-0.015038710203447811
seed_OLD_12h_trial42,validation,BNBUSDT,0.043980563296815635
seed_OLD_12h_trial42,validation,BTCUSDT,-0.07774051366782976
seed_OLD_12h_trial42,validation,DOGEUSDT,0.7800506111161383
seed_OLD_12h_trial42,validation,ETHUSDT,0.059825892245911595
seed_OLD_12h_trial42,validation,LINKUSDT,-0.16735098254912928
seed_OLD_12h_trial42,validation,LTCUSDT,0.08971804435804744
seed_OLD_12h_trial42,validation,SOLUSDT,-0.01971711832317646
seed_OLD_12h_trial42,validation,TRXUSDT,-0.05922916262927334
seed_OLD_12h_trial42,validation,XRPUSDT,-0.1450623224764175
seed_OLD_12h_trial42,holdout,ADAUSDT,-0.18308224222266992
seed_OLD_12h_trial42,holdout,AVAXUSDT,-0.18105206179698383
seed_OLD_12h_trial42,holdout,BCHUSDT,-0.2637626250752406
seed_OLD_12h_trial42,holdout,BNBUSDT,-0.00840440361690131
seed_OLD_12h_trial42,holdout,BTCUSDT,-0.02531084378871735
seed_OLD_12h_trial42,holdout,DOGEUSDT,-0.10447384226185068
seed_OLD_12h_trial42,holdout,ETHUSDT,-0.003320119317987487
seed_OLD_12h_trial42,holdout,LINKUSDT,-0.004969819279381739
seed_OLD_12h_trial42,holdout,LTCUSDT,-0.02795518694685395
seed_OLD_12h_trial42,holdout,SOLUSDT,-0.0890786511405177
seed_OLD_12h_trial42,holdout,TRXUSDT,-0.011009417709420566
seed_OLD_12h_trial42,holdout,XRPUSDT,0.24133323305908405
seed_F4_12h_trial38,discovery,ADAUSDT,-0.7000801157969968
seed_F4_12h_trial38,discovery,AVAXUSDT,0.6899713183556141
seed_F4_12h_trial38,discovery,BCHUSDT,0.18100640095741197
seed_F4_12h_trial38,discovery,BNBUSDT,0.03191914249317741
seed_F4_12h_trial38,discovery,BTCUSDT,-0.5110080420794019
seed_F4_12h_trial38,discovery,DOGEUSDT,0.9450771823486822
seed_F4_12h_trial38,discovery,ETHUSDT,0.37077786931165785
seed_F4_12h_trial38,discovery,LINKUSDT,0.39952419041278325
seed_F4_12h_trial38,discovery,LTCUSDT,-0.40848367590790186
seed_F4_12h_trial38,discovery,SOLUSDT,-0.9976797470101381
seed_F4_12h_trial38,discovery,TRXUSDT,1.0348392048227457
seed_F4_12h_trial38,discovery,XRPUSDT,1.2596419129519307
seed_F4_12h_trial38,validation,ADAUSDT,0.23877518839902354
seed_F4_12h_trial38,validation,AVAXUSDT,-0.35258718483962515
seed_F4_12h_trial38,validation,BCHUSDT,-0.1914666489073061
seed_F4_12h_trial38,validation,BNBUSDT,0.22560313274415142
seed_F4_12h_trial38,validation,BTCUSDT,-0.06864856179925216
seed_F4_12h_trial38,validation,DOGEUSDT,-0.15645311025316852
seed_F4_12h_trial38,validation,ETHUSDT,-0.3522365630273008
seed_F4_12h_trial38,validation,LINKUSDT,-0.6204815140096257
seed_F4_12h_trial38,validation,LTCUSDT,-0.21623599331087096
seed_F4_12h_trial38,validation,SOLUSDT,0.051185967329899947
seed_F4_12h_trial38,validation,TRXUSDT,-0.02737151474373103
seed_F4_12h_trial38,validation,XRPUSDT,-0.14795389331469225
seed_F4_12h_trial38,holdout,ADAUSDT,-0.03249481361645467
seed_F4_12h_trial38,holdout,AVAXUSDT,-0.46974623030619683
seed_F4_12h_trial38,holdout,BCHUSDT,0.11945638369567964
seed_F4_12h_trial38,holdout,BNBUSDT,-0.008574285225735037
seed_F4_12h_trial38,holdout,BTCUSDT,-0.010806686931517859
seed_F4_12h_trial38,holdout,DOGEUSDT,-0.008711181044891077
seed_F4_12h_trial38,holdout,ETHUSDT,0.11653572887222452
seed_F4_12h_trial38,holdout,LINKUSDT,-0.010135725531096798
seed_F4_12h_trial38,holdout,LTCUSDT,0.19990906238515269
seed_F4_12h_trial38,holdout,SOLUSDT,0.024344258081050854
seed_F4_12h_trial38,holdout,TRXUSDT,0.006078808009573983
seed_F4_12h_trial38,holdout,XRPUSDT,-0.03739647230560177
seed_OLD_4h_trial40,discovery,ADAUSDT,-0.030510079574491523
seed_OLD_4h_trial40,discovery,AVAXUSDT,0.027759565432828166
seed_OLD_4h_trial40,discovery,BCHUSDT,-0.05058278899692515
seed_OLD_4h_trial40,discovery,BNBUSDT,-0.0330317862895744
seed_OLD_4h_trial40,discovery,BTCUSDT,-0.012114792171114034
seed_OLD_4h_trial40,discovery,DOGEUSDT,-0.00982892171107999
seed_OLD_4h_trial40,discovery,ETHUSDT,-0.02673133457544949
seed_OLD_4h_trial40,discovery,LINKUSDT,0.10943238416933537
seed_OLD_4h_trial40,discovery,LTCUSDT,-0.03204589654974008
seed_OLD_4h_trial40,discovery,SOLUSDT,0.0643163963040813
seed_OLD_4h_trial40,discovery,TRXUSDT,0.28335147613609074
seed_OLD_4h_trial40,discovery,XRPUSDT,-1.268590570629057
seed_OLD_4h_trial40,validation,ADAUSDT,-0.0160086307221582
seed_OLD_4h_trial40,validation,AVAXUSDT,-0.0073934485089254065
seed_OLD_4h_trial40,validation,BCHUSDT,-0.003495068387042656
seed_OLD_4h_trial40,validation,BNBUSDT,0.003841582699079402
seed_OLD_4h_trial40,validation,BTCUSDT,-0.0047998332396530724
seed_OLD_4h_trial40,validation,DOGEUSDT,0.06977138844595882
seed_OLD_4h_trial40,validation,ETHUSDT,-0.005833548010937894
seed_OLD_4h_trial40,validation,LINKUSDT,-0.009724962448750487
seed_OLD_4h_trial40,validation,LTCUSDT,-0.0039072658912002204
seed_OLD_4h_trial40,validation,SOLUSDT,-0.013250752528846103
seed_OLD_4h_trial40,validation,TRXUSDT,-0.0007508304984252499
seed_OLD_4h_trial40,validation,XRPUSDT,-0.006396102246293853
seed_OLD_4h_trial40,holdout,ADAUSDT,0.0
seed_OLD_4h_trial40,holdout,AVAXUSDT,0.0
seed_OLD_4h_trial40,holdout,BCHUSDT,0.0
seed_OLD_4h_trial40,holdout,BNBUSDT,0.0
seed_OLD_4h_trial40,holdout,BTCUSDT,0.0
seed_OLD_4h_trial40,holdout,DOGEUSDT,0.0
seed_OLD_4h_trial40,holdout,ETHUSDT,0.0
seed_OLD_4h_trial40,holdout,LINKUSDT,0.0
seed_OLD_4h_trial40,holdout,LTCUSDT,0.0
seed_OLD_4h_trial40,holdout,SOLUSDT,0.0
seed_OLD_4h_trial40,holdout,TRXUSDT,0.0
seed_OLD_4h_trial40,holdout,XRPUSDT,0.0
seed_F4_4h_trial36,discovery,ADAUSDT,-0.01514663218970839
seed_F4_4h_trial36,discovery,AVAXUSDT,-0.017516843128403677
seed_F4_4h_trial36,discovery,BCHUSDT,0.00905856126983888
seed_F4_4h_trial36,discovery,BNBUSDT,-0.003297288736256355
seed_F4_4h_trial36,discovery,BTCUSDT,-0.000245059444412011
seed_F4_4h_trial36,discovery,DOGEUSDT,0.0392034482049341
seed_F4_4h_trial36,discovery,ETHUSDT,-0.00017592159602279928
seed_F4_4h_trial36,discovery,LINKUSDT,-0.003838196790434956
seed_F4_4h_trial36,discovery,LTCUSDT,0.0036909514994240694
seed_F4_4h_trial36,discovery,SOLUSDT,-0.023521593471580313
seed_F4_4h_trial36,discovery,TRXUSDT,-0.0006428183021210379
seed_F4_4h_trial36,discovery,XRPUSDT,0.0016178474375133066
seed_F4_4h_trial36,validation,ADAUSDT,0.0
seed_F4_4h_trial36,validation,AVAXUSDT,0.0
seed_F4_4h_trial36,validation,BCHUSDT,0.0
seed_F4_4h_trial36,validation,BNBUSDT,0.0
seed_F4_4h_trial36,validation,BTCUSDT,0.0
seed_F4_4h_trial36,validation,DOGEUSDT,0.0
seed_F4_4h_trial36,validation,ETHUSDT,0.0
seed_F4_4h_trial36,validation,LINKUSDT,0.0
seed_F4_4h_trial36,validation,LTCUSDT,0.0
seed_F4_4h_trial36,validation,SOLUSDT,0.0
seed_F4_4h_trial36,validation,TRXUSDT,0.0
seed_F4_4h_trial36,validation,XRPUSDT,0.0
seed_F4_4h_trial36,holdout,ADAUSDT,0.0
seed_F4_4h_trial36,holdout,AVAXUSDT,0.0
seed_F4_4h_trial36,holdout,BCHUSDT,0.0
seed_F4_4h_trial36,holdout,BNBUSDT,0.0
seed_F4_4h_trial36,holdout,BTCUSDT,0.0
seed_F4_4h_trial36,holdout,DOGEUSDT,0.0
seed_F4_4h_trial36,holdout,ETHUSDT,0.0
seed_F4_4h_trial36,holdout,LINKUSDT,0.0
seed_F4_4h_trial36,holdout,LTCUSDT,0.0
seed_F4_4h_trial36,holdout,SOLUSDT,0.0
seed_F4_4h_trial36,holdout,TRXUSDT,0.0
seed_F4_4h_trial36,holdout,XRPUSDT,0.0
F3_4h_trial9,discovery,ADAUSDT,-0.01179134532841
F3_4h_trial9,discovery,AVAXUSDT,0.0038294439570299376
F3_4h_trial9,discovery,BCHUSDT,0.007302112770553558
F3_4h_trial9,discovery,BNBUSDT,-0.0005374036955395006
F3_4h_trial9,discovery,BTCUSDT,-0.0013588924872941473
F3_4h_trial9,discovery,DOGEUSDT,-0.0003358690585936401
F3_4h_trial9,discovery,ETHUSDT,-0.0008948027190862793
F3_4h_trial9,discovery,LINKUSDT,-0.00023939017614686608
F3_4h_trial9,discovery,LTCUSDT,-5.6052492954929024e-05
F3_4h_trial9,discovery,SOLUSDT,0.032735603912800636
F3_4h_trial9,discovery,TRXUSDT,0.0005686115849939951
F3_4h_trial9,discovery,XRPUSDT,0.1860815798488434
F3_4h_trial9,validation,ADAUSDT,0.0
F3_4h_trial9,validation,AVAXUSDT,0.0
F3_4h_trial9,validation,BCHUSDT,0.0
F3_4h_trial9,validation,BNBUSDT,0.0
F3_4h_trial9,validation,BTCUSDT,0.0
F3_4h_trial9,validation,DOGEUSDT,0.0
F3_4h_trial9,validation,ETHUSDT,0.0
F3_4h_trial9,validation,LINKUSDT,0.0
F3_4h_trial9,validation,LTCUSDT,0.0
F3_4h_trial9,validation,SOLUSDT,0.0
F3_4h_trial9,validation,TRXUSDT,0.0
F3_4h_trial9,validation,XRPUSDT,0.0
F3_4h_trial9,holdout,ADAUSDT,0.0
F3_4h_trial9,holdout,AVAXUSDT,0.0
F3_4h_trial9,holdout,BCHUSDT,0.0
F3_4h_trial9,holdout,BNBUSDT,0.0
F3_4h_trial9,holdout,BTCUSDT,0.0
F3_4h_trial9,holdout,DOGEUSDT,0.0
F3_4h_trial9,holdout,ETHUSDT,0.0
F3_4h_trial9,holdout,LINKUSDT,0.0
F3_4h_trial9,holdout,LTCUSDT,0.0
F3_4h_trial9,holdout,SOLUSDT,0.0
F3_4h_trial9,holdout,TRXUSDT,0.0
F3_4h_trial9,holdout,XRPUSDT,0.0
seed_F3_12h_trial35,discovery,ADAUSDT,0.0
seed_F3_12h_trial35,discovery,AVAXUSDT,0.0
seed_F3_12h_trial35,discovery,BCHUSDT,0.0
seed_F3_12h_trial35,discovery,BNBUSDT,0.0
seed_F3_12h_trial35,discovery,BTCUSDT,0.0
seed_F3_12h_trial35,discovery,DOGEUSDT,0.0
seed_F3_12h_trial35,discovery,ETHUSDT,0.0
seed_F3_12h_trial35,discovery,LINKUSDT,0.0
seed_F3_12h_trial35,discovery,LTCUSDT,0.0
seed_F3_12h_trial35,discovery,SOLUSDT,0.0
seed_F3_12h_trial35,discovery,TRXUSDT,0.0
seed_F3_12h_trial35,discovery,XRPUSDT,0.0
seed_F3_12h_trial35,validation,ADAUSDT,0.0
seed_F3_12h_trial35,validation,AVAXUSDT,0.0
seed_F3_12h_trial35,validation,BCHUSDT,0.0
seed_F3_12h_trial35,validation,BNBUSDT,0.0
seed_F3_12h_trial35,validation,BTCUSDT,0.0
seed_F3_12h_trial35,validation,DOGEUSDT,0.0
seed_F3_12h_trial35,validation,ETHUSDT,0.0
seed_F3_12h_trial35,validation,LINKUSDT,0.0
seed_F3_12h_trial35,validation,LTCUSDT,0.0
seed_F3_12h_trial35,validation,SOLUSDT,0.0
seed_F3_12h_trial35,validation,TRXUSDT,0.0
seed_F3_12h_trial35,validation,XRPUSDT,0.0
seed_F3_12h_trial35,holdout,ADAUSDT,0.0
seed_F3_12h_trial35,holdout,AVAXUSDT,0.0
seed_F3_12h_trial35,holdout,BCHUSDT,0.0
seed_F3_12h_trial35,holdout,BNBUSDT,0.0
seed_F3_12h_trial35,holdout,BTCUSDT,0.0
seed_F3_12h_trial35,holdout,DOGEUSDT,0.0
seed_F3_12h_trial35,holdout,ETHUSDT,0.0
seed_F3_12h_trial35,holdout,LINKUSDT,0.0
seed_F3_12h_trial35,holdout,LTCUSDT,0.0
seed_F3_12h_trial35,holdout,SOLUSDT,0.0
seed_F3_12h_trial35,holdout,TRXUSDT,0.0
seed_F3_12h_trial35,holdout,XRPUSDT,0.0
old_nonlinear_4h_trial4,discovery,ADAUSDT,0.0
old_nonlinear_4h_trial4,discovery,AVAXUSDT,0.0
old_nonlinear_4h_trial4,discovery,BCHUSDT,0.0
old_nonlinear_4h_trial4,discovery,BNBUSDT,0.0
old_nonlinear_4h_trial4,discovery,BTCUSDT,0.0
old_nonlinear_4h_trial4,discovery,DOGEUSDT,0.0
old_nonlinear_4h_trial4,discovery,ETHUSDT,0.0
old_nonlinear_4h_trial4,discovery,LINKUSDT,0.0
old_nonlinear_4h_trial4,discovery,LTCUSDT,0.0
old_nonlinear_4h_trial4,discovery,SOLUSDT,0.0
old_nonlinear_4h_trial4,discovery,TRXUSDT,0.0
old_nonlinear_4h_trial4,discovery,XRPUSDT,0.0
old_nonlinear_4h_trial4,validation,ADAUSDT,0.0
old_nonlinear_4h_trial4,validation,AVAXUSDT,0.0
old_nonlinear_4h_trial4,validation,BCHUSDT,0.0
old_nonlinear_4h_trial4,validation,BNBUSDT,0.0
old_nonlinear_4h_trial4,validation,BTCUSDT,0.0
old_nonlinear_4h_trial4,validation,DOGEUSDT,0.0
old_nonlinear_4h_trial4,validation,ETHUSDT,0.0
old_nonlinear_4h_trial4,validation,LINKUSDT,0.0
old_nonlinear_4h_trial4,validation,LTCUSDT,0.0
old_nonlinear_4h_trial4,validation,SOLUSDT,0.0
old_nonlinear_4h_trial4,validation,TRXUSDT,0.0
old_nonlinear_4h_trial4,validation,XRPUSDT,0.0
old_nonlinear_4h_trial4,holdout,ADAUSDT,0.0
old_nonlinear_4h_trial4,holdout,AVAXUSDT,0.0
old_nonlinear_4h_trial4,holdout,BCHUSDT,0.0
old_nonlinear_4h_trial4,holdout,BNBUSDT,0.0
old_nonlinear_4h_trial4,holdout,BTCUSDT,0.0
old_nonlinear_4h_trial4,holdout,DOGEUSDT,0.0
old_nonlinear_4h_trial4,holdout,ETHUSDT,0.0
old_nonlinear_4h_trial4,holdout,LINKUSDT,0.0
old_nonlinear_4h_trial4,holdout,LTCUSDT,0.0
old_nonlinear_4h_trial4,holdout,SOLUSDT,0.0
old_nonlinear_4h_trial4,holdout,TRXUSDT,0.0
old_nonlinear_4h_trial4,holdout,XRPUSDT,0.0
seed_F3_4h_trial33,discovery,ADAUSDT,0.0
seed_F3_4h_trial33,discovery,AVAXUSDT,0.0
seed_F3_4h_trial33,discovery,BCHUSDT,0.0
seed_F3_4h_trial33,discovery,BNBUSDT,0.0
seed_F3_4h_trial33,discovery,BTCUSDT,0.0
seed_F3_4h_trial33,discovery,DOGEUSDT,0.0
seed_F3_4h_trial33,discovery,ETHUSDT,0.0
seed_F3_4h_trial33,discovery,LINKUSDT,0.0
seed_F3_4h_trial33,discovery,LTCUSDT,0.0
seed_F3_4h_trial33,discovery,SOLUSDT,0.0
seed_F3_4h_trial33,discovery,TRXUSDT,0.0
seed_F3_4h_trial33,discovery,XRPUSDT,0.0
seed_F3_4h_trial33,validation,ADAUSDT,0.0
seed_F3_4h_trial33,validation,AVAXUSDT,0.0
seed_F3_4h_trial33,validation,BCHUSDT,0.0
seed_F3_4h_trial33,validation,BNBUSDT,0.0
seed_F3_4h_trial33,validation,BTCUSDT,0.0
seed_F3_4h_trial33,validation,DOGEUSDT,0.0
seed_F3_4h_trial33,validation,ETHUSDT,0.0
seed_F3_4h_trial33,validation,LINKUSDT,0.0
seed_F3_4h_trial33,validation,LTCUSDT,0.0
seed_F3_4h_trial33,validation,SOLUSDT,0.0
seed_F3_4h_trial33,validation,TRXUSDT,0.0
seed_F3_4h_trial33,validation,XRPUSDT,0.0
seed_F3_4h_trial33,holdout,ADAUSDT,0.0
seed_F3_4h_trial33,holdout,AVAXUSDT,0.0
seed_F3_4h_trial33,holdout,BCHUSDT,0.0
seed_F3_4h_trial33,holdout,BNBUSDT,0.0
seed_F3_4h_trial33,holdout,BTCUSDT,0.0
seed_F3_4h_trial33,holdout,DOGEUSDT,0.0
seed_F3_4h_trial33,holdout,ETHUSDT,0.0
seed_F3_4h_trial33,holdout,LINKUSDT,0.0
seed_F3_4h_trial33,holdout,LTCUSDT,0.0
seed_F3_4h_trial33,holdout,SOLUSDT,0.0
seed_F3_4h_trial33,holdout,TRXUSDT,0.0
seed_F3_4h_trial33,holdout,XRPUSDT,0.0
joint_4h_trial17,discovery,ADAUSDT,0.0
joint_4h_trial17,discovery,AVAXUSDT,0.0
joint_4h_trial17,discovery,BCHUSDT,0.0
joint_4h_trial17,discovery,BNBUSDT,0.0
joint_4h_trial17,discovery,BTCUSDT,0.0
joint_4h_trial17,discovery,DOGEUSDT,0.0
joint_4h_trial17,discovery,ETHUSDT,0.0
joint_4h_trial17,discovery,LINKUSDT,0.0
joint_4h_trial17,discovery,LTCUSDT,0.0
joint_4h_trial17,discovery,SOLUSDT,0.0
joint_4h_trial17,discovery,TRXUSDT,0.0
joint_4h_trial17,discovery,XRPUSDT,0.0
joint_4h_trial17,validation,ADAUSDT,0.0
joint_4h_trial17,validation,AVAXUSDT,0.0
joint_4h_trial17,validation,BCHUSDT,0.0
joint_4h_trial17,validation,BNBUSDT,0.0
joint_4h_trial17,validation,BTCUSDT,0.0
joint_4h_trial17,validation,DOGEUSDT,0.0
joint_4h_trial17,validation,ETHUSDT,0.0
joint_4h_trial17,validation,LINKUSDT,0.0
joint_4h_trial17,validation,LTCUSDT,0.0
joint_4h_trial17,validation,SOLUSDT,0.0
joint_4h_trial17,validation,TRXUSDT,0.0
joint_4h_trial17,validation,XRPUSDT,0.0
joint_4h_trial17,holdout,ADAUSDT,0.0
joint_4h_trial17,holdout,AVAXUSDT,0.0
joint_4h_trial17,holdout,BCHUSDT,0.0
joint_4h_trial17,holdout,BNBUSDT,0.0
joint_4h_trial17,holdout,BTCUSDT,0.0
joint_4h_trial17,holdout,DOGEUSDT,0.0
joint_4h_trial17,holdout,ETHUSDT,0.0
joint_4h_trial17,holdout,LINKUSDT,0.0
joint_4h_trial17,holdout,LTCUSDT,0.0
joint_4h_trial17,holdout,SOLUSDT,0.0
joint_4h_trial17,holdout,TRXUSDT,0.0
joint_4h_trial17,holdout,XRPUSDT,0.0
joint_interaction_residual_12h_trial27,discovery,ADAUSDT,0.0
joint_interaction_residual_12h_trial27,discovery,AVAXUSDT,0.0
joint_interaction_residual_12h_trial27,discovery,BCHUSDT,0.0
joint_interaction_residual_12h_trial27,discovery,BNBUSDT,0.0
joint_interaction_residual_12h_trial27,discovery,BTCUSDT,0.0
joint_interaction_residual_12h_trial27,discovery,DOGEUSDT,0.0
joint_interaction_residual_12h_trial27,discovery,ETHUSDT,0.0
joint_interaction_residual_12h_trial27,discovery,LINKUSDT,0.0
joint_interaction_residual_12h_trial27,discovery,LTCUSDT,0.0
joint_interaction_residual_12h_trial27,discovery,SOLUSDT,0.0
joint_interaction_residual_12h_trial27,discovery,TRXUSDT,0.0
joint_interaction_residual_12h_trial27,discovery,XRPUSDT,0.0
joint_interaction_residual_12h_trial27,validation,ADAUSDT,0.0
joint_interaction_residual_12h_trial27,validation,AVAXUSDT,0.0
joint_interaction_residual_12h_trial27,validation,BCHUSDT,0.0
joint_interaction_residual_12h_trial27,validation,BNBUSDT,0.0
joint_interaction_residual_12h_trial27,validation,BTCUSDT,0.0
joint_interaction_residual_12h_trial27,validation,DOGEUSDT,0.0
joint_interaction_residual_12h_trial27,validation,ETHUSDT,0.0
joint_interaction_residual_12h_trial27,validation,LINKUSDT,0.0
joint_interaction_residual_12h_trial27,validation,LTCUSDT,0.0
joint_interaction_residual_12h_trial27,validation,SOLUSDT,0.0
joint_interaction_residual_12h_trial27,validation,TRXUSDT,0.0
joint_interaction_residual_12h_trial27,validation,XRPUSDT,0.0
joint_interaction_residual_12h_trial27,holdout,ADAUSDT,0.0
joint_interaction_residual_12h_trial27,holdout,AVAXUSDT,0.0
joint_interaction_residual_12h_trial27,holdout,BCHUSDT,0.0
joint_interaction_residual_12h_trial27,holdout,BNBUSDT,0.0
joint_interaction_residual_12h_trial27,holdout,BTCUSDT,0.0
joint_interaction_residual_12h_trial27,holdout,DOGEUSDT,0.0
joint_interaction_residual_12h_trial27,holdout,ETHUSDT,0.0
joint_interaction_residual_12h_trial27,holdout,LINKUSDT,0.0
joint_interaction_residual_12h_trial27,holdout,LTCUSDT,0.0
joint_interaction_residual_12h_trial27,holdout,SOLUSDT,0.0
joint_interaction_residual_12h_trial27,holdout,TRXUSDT,0.0
joint_interaction_residual_12h_trial27,holdout,XRPUSDT,0.0
F7_reference_12h_trial51,discovery,ADAUSDT,0.0
F7_reference_12h_trial51,discovery,AVAXUSDT,0.0
F7_reference_12h_trial51,discovery,BCHUSDT,0.0
F7_reference_12h_trial51,discovery,BNBUSDT,0.0
F7_reference_12h_trial51,discovery,BTCUSDT,0.0
F7_reference_12h_trial51,discovery,DOGEUSDT,0.0
F7_reference_12h_trial51,discovery,ETHUSDT,0.0
F7_reference_12h_trial51,discovery,LINKUSDT,0.0
F7_reference_12h_trial51,discovery,LTCUSDT,0.0
F7_reference_12h_trial51,discovery,SOLUSDT,0.0
F7_reference_12h_trial51,discovery,TRXUSDT,0.0
F7_reference_12h_trial51,discovery,XRPUSDT,0.0
F7_reference_12h_trial51,validation,ADAUSDT,0.0
F7_reference_12h_trial51,validation,AVAXUSDT,0.0
F7_reference_12h_trial51,validation,BCHUSDT,0.0
F7_reference_12h_trial51,validation,BNBUSDT,0.0
F7_reference_12h_trial51,validation,BTCUSDT,0.0
F7_reference_12h_trial51,validation,DOGEUSDT,0.0
F7_reference_12h_trial51,validation,ETHUSDT,0.0
F7_reference_12h_trial51,validation,LINKUSDT,0.0
F7_reference_12h_trial51,validation,LTCUSDT,0.0
F7_reference_12h_trial51,validation,SOLUSDT,0.0
F7_reference_12h_trial51,validation,TRXUSDT,0.0
F7_reference_12h_trial51,validation,XRPUSDT,0.0
F7_reference_12h_trial51,holdout,ADAUSDT,0.0
F7_reference_12h_trial51,holdout,AVAXUSDT,0.0
F7_reference_12h_trial51,holdout,BCHUSDT,0.0
F7_reference_12h_trial51,holdout,BNBUSDT,0.0
F7_reference_12h_trial51,holdout,BTCUSDT,0.0
F7_reference_12h_trial51,holdout,DOGEUSDT,0.0
F7_reference_12h_trial51,holdout,ETHUSDT,0.0
F7_reference_12h_trial51,holdout,LINKUSDT,0.0
F7_reference_12h_trial51,holdout,LTCUSDT,0.0
F7_reference_12h_trial51,holdout,SOLUSDT,0.0
F7_reference_12h_trial51,holdout,TRXUSDT,0.0
F7_reference_12h_trial51,holdout,XRPUSDT,0.0
F7_reference_4h_trial49,discovery,ADAUSDT,0.0
F7_reference_4h_trial49,discovery,AVAXUSDT,0.0
F7_reference_4h_trial49,discovery,BCHUSDT,0.0
F7_reference_4h_trial49,discovery,BNBUSDT,0.0
F7_reference_4h_trial49,discovery,BTCUSDT,0.0
F7_reference_4h_trial49,discovery,DOGEUSDT,0.0
F7_reference_4h_trial49,discovery,ETHUSDT,0.0
F7_reference_4h_trial49,discovery,LINKUSDT,0.0
F7_reference_4h_trial49,discovery,LTCUSDT,0.0
F7_reference_4h_trial49,discovery,SOLUSDT,0.0
F7_reference_4h_trial49,discovery,TRXUSDT,0.0
F7_reference_4h_trial49,discovery,XRPUSDT,0.0
F7_reference_4h_trial49,validation,ADAUSDT,0.0
F7_reference_4h_trial49,validation,AVAXUSDT,0.0
F7_reference_4h_trial49,validation,BCHUSDT,0.0
F7_reference_4h_trial49,validation,BNBUSDT,0.0
F7_reference_4h_trial49,validation,BTCUSDT,0.0
F7_reference_4h_trial49,validation,DOGEUSDT,0.0
F7_reference_4h_trial49,validation,ETHUSDT,0.0
F7_reference_4h_trial49,validation,LINKUSDT,0.0
F7_reference_4h_trial49,validation,LTCUSDT,0.0
F7_reference_4h_trial49,validation,SOLUSDT,0.0
F7_reference_4h_trial49,validation,TRXUSDT,0.0
F7_reference_4h_trial49,validation,XRPUSDT,0.0
F7_reference_4h_trial49,holdout,ADAUSDT,0.0
F7_reference_4h_trial49,holdout,AVAXUSDT,0.0
F7_reference_4h_trial49,holdout,BCHUSDT,0.0
F7_reference_4h_trial49,holdout,BNBUSDT,0.0
F7_reference_4h_trial49,holdout,BTCUSDT,0.0
F7_reference_4h_trial49,holdout,DOGEUSDT,0.0
F7_reference_4h_trial49,holdout,ETHUSDT,0.0
F7_reference_4h_trial49,holdout,LINKUSDT,0.0
F7_reference_4h_trial49,holdout,LTCUSDT,0.0
F7_reference_4h_trial49,holdout,SOLUSDT,0.0
F7_reference_4h_trial49,holdout,TRXUSDT,0.0
F7_reference_4h_trial49,holdout,XRPUSDT,0.0
F4_4h_trial12,discovery,ADAUSDT,0.0
F4_4h_trial12,discovery,AVAXUSDT,0.0
F4_4h_trial12,discovery,BCHUSDT,0.0
F4_4h_trial12,discovery,BNBUSDT,0.0
F4_4h_trial12,discovery,BTCUSDT,0.0
F4_4h_trial12,discovery,DOGEUSDT,0.0
F4_4h_trial12,discovery,ETHUSDT,0.0
F4_4h_trial12,discovery,LINKUSDT,0.0
F4_4h_trial12,discovery,LTCUSDT,0.0
F4_4h_trial12,discovery,SOLUSDT,0.0
F4_4h_trial12,discovery,TRXUSDT,0.0
F4_4h_trial12,discovery,XRPUSDT,0.0
F4_4h_trial12,validation,ADAUSDT,0.0
F4_4h_trial12,validation,AVAXUSDT,0.0
F4_4h_trial12,validation,BCHUSDT,0.0
F4_4h_trial12,validation,BNBUSDT,0.0
F4_4h_trial12,validation,BTCUSDT,0.0
F4_4h_trial12,validation,DOGEUSDT,0.0
F4_4h_trial12,validation,ETHUSDT,0.0
F4_4h_trial12,validation,LINKUSDT,0.0
F4_4h_trial12,validation,LTCUSDT,0.0
F4_4h_trial12,validation,SOLUSDT,0.0
F4_4h_trial12,validation,TRXUSDT,0.0
F4_4h_trial12,validation,XRPUSDT,0.0
F4_4h_trial12,holdout,ADAUSDT,0.0
F4_4h_trial12,holdout,AVAXUSDT,0.0
F4_4h_trial12,holdout,BCHUSDT,0.0
F4_4h_trial12,holdout,BNBUSDT,0.0
F4_4h_trial12,holdout,BTCUSDT,0.0
F4_4h_trial12,holdout,DOGEUSDT,0.0
F4_4h_trial12,holdout,ETHUSDT,0.0
F4_4h_trial12,holdout,LINKUSDT,0.0
F4_4h_trial12,holdout,LTCUSDT,0.0
F4_4h_trial12,holdout,SOLUSDT,0.0
F4_4h_trial12,holdout,TRXUSDT,0.0
F4_4h_trial12,holdout,XRPUSDT,0.0
F7_raw_12h_trial47,discovery,ADAUSDT,0.0
F7_raw_12h_trial47,discovery,AVAXUSDT,0.0
F7_raw_12h_trial47,discovery,BCHUSDT,0.0
F7_raw_12h_trial47,discovery,BNBUSDT,0.0
F7_raw_12h_trial47,discovery,BTCUSDT,0.0
F7_raw_12h_trial47,discovery,DOGEUSDT,0.0
F7_raw_12h_trial47,discovery,ETHUSDT,0.0
F7_raw_12h_trial47,discovery,LINKUSDT,0.0
F7_raw_12h_trial47,discovery,LTCUSDT,0.0
F7_raw_12h_trial47,discovery,SOLUSDT,0.0
F7_raw_12h_trial47,discovery,TRXUSDT,0.0
F7_raw_12h_trial47,discovery,XRPUSDT,0.0
F7_raw_12h_trial47,validation,ADAUSDT,0.0
F7_raw_12h_trial47,validation,AVAXUSDT,0.0
F7_raw_12h_trial47,validation,BCHUSDT,0.0
F7_raw_12h_trial47,validation,BNBUSDT,0.0
F7_raw_12h_trial47,validation,BTCUSDT,0.0
F7_raw_12h_trial47,validation,DOGEUSDT,0.0
F7_raw_12h_trial47,validation,ETHUSDT,0.0
F7_raw_12h_trial47,validation,LINKUSDT,0.0
F7_raw_12h_trial47,validation,LTCUSDT,0.0
F7_raw_12h_trial47,validation,SOLUSDT,0.0
F7_raw_12h_trial47,validation,TRXUSDT,0.0
F7_raw_12h_trial47,validation,XRPUSDT,0.0
F7_raw_12h_trial47,holdout,ADAUSDT,0.0
F7_raw_12h_trial47,holdout,AVAXUSDT,0.0
F7_raw_12h_trial47,holdout,BCHUSDT,0.0
F7_raw_12h_trial47,holdout,BNBUSDT,0.0
F7_raw_12h_trial47,holdout,BTCUSDT,0.0
F7_raw_12h_trial47,holdout,DOGEUSDT,0.0
F7_raw_12h_trial47,holdout,ETHUSDT,0.0
F7_raw_12h_trial47,holdout,LINKUSDT,0.0
F7_raw_12h_trial47,holdout,LTCUSDT,0.0
F7_raw_12h_trial47,holdout,SOLUSDT,0.0
F7_raw_12h_trial47,holdout,TRXUSDT,0.0
F7_raw_12h_trial47,holdout,XRPUSDT,0.0
old_12h_trial63,discovery,ADAUSDT,0.0
old_12h_trial63,discovery,AVAXUSDT,0.0
old_12h_trial63,discovery,BCHUSDT,0.0
old_12h_trial63,discovery,BNBUSDT,0.0
old_12h_trial63,discovery,BTCUSDT,0.0
old_12h_trial63,discovery,DOGEUSDT,0.0
old_12h_trial63,discovery,ETHUSDT,0.0
old_12h_trial63,discovery,LINKUSDT,0.0
old_12h_trial63,discovery,LTCUSDT,0.0
old_12h_trial63,discovery,SOLUSDT,0.0
old_12h_trial63,discovery,TRXUSDT,0.0
old_12h_trial63,discovery,XRPUSDT,0.0
old_12h_trial63,validation,ADAUSDT,0.0
old_12h_trial63,validation,AVAXUSDT,0.0
old_12h_trial63,validation,BCHUSDT,0.0
old_12h_trial63,validation,BNBUSDT,0.0
old_12h_trial63,validation,BTCUSDT,0.0
old_12h_trial63,validation,DOGEUSDT,0.0
old_12h_trial63,validation,ETHUSDT,0.0
old_12h_trial63,validation,LINKUSDT,0.0
old_12h_trial63,validation,LTCUSDT,0.0
old_12h_trial63,validation,SOLUSDT,0.0
old_12h_trial63,validation,TRXUSDT,0.0
old_12h_trial63,validation,XRPUSDT,0.0
old_12h_trial63,holdout,ADAUSDT,0.0
old_12h_trial63,holdout,AVAXUSDT,0.0
old_12h_trial63,holdout,BCHUSDT,0.0
old_12h_trial63,holdout,BNBUSDT,0.0
old_12h_trial63,holdout,BTCUSDT,0.0
old_12h_trial63,holdout,DOGEUSDT,0.0
old_12h_trial63,holdout,ETHUSDT,0.0
old_12h_trial63,holdout,LINKUSDT,0.0
old_12h_trial63,holdout,LTCUSDT,0.0
old_12h_trial63,holdout,SOLUSDT,0.0
old_12h_trial63,holdout,TRXUSDT,0.0
old_12h_trial63,holdout,XRPUSDT,0.0
old_4h_trial0,discovery,ADAUSDT,0.0
old_4h_trial0,discovery,AVAXUSDT,0.0
old_4h_trial0,discovery,BCHUSDT,0.0
old_4h_trial0,discovery,BNBUSDT,0.0
old_4h_trial0,discovery,BTCUSDT,0.0
old_4h_trial0,discovery,DOGEUSDT,0.0
old_4h_trial0,discovery,ETHUSDT,0.0
old_4h_trial0,discovery,LINKUSDT,0.0
old_4h_trial0,discovery,LTCUSDT,0.0
old_4h_trial0,discovery,SOLUSDT,0.0
old_4h_trial0,discovery,TRXUSDT,0.0
old_4h_trial0,discovery,XRPUSDT,0.0
old_4h_trial0,validation,ADAUSDT,0.0
old_4h_trial0,validation,AVAXUSDT,0.0
old_4h_trial0,validation,BCHUSDT,0.0
old_4h_trial0,validation,BNBUSDT,0.0
old_4h_trial0,validation,BTCUSDT,0.0
old_4h_trial0,validation,DOGEUSDT,0.0
old_4h_trial0,validation,ETHUSDT,0.0
old_4h_trial0,validation,LINKUSDT,0.0
old_4h_trial0,validation,LTCUSDT,0.0
old_4h_trial0,validation,SOLUSDT,0.0
old_4h_trial0,validation,TRXUSDT,0.0
old_4h_trial0,validation,XRPUSDT,0.0
old_4h_trial0,holdout,ADAUSDT,0.0
old_4h_trial0,holdout,AVAXUSDT,0.0
old_4h_trial0,holdout,BCHUSDT,0.0
old_4h_trial0,holdout,BNBUSDT,0.0
old_4h_trial0,holdout,BTCUSDT,0.0
old_4h_trial0,holdout,DOGEUSDT,0.0
old_4h_trial0,holdout,ETHUSDT,0.0
old_4h_trial0,holdout,LINKUSDT,0.0
old_4h_trial0,holdout,LTCUSDT,0.0
old_4h_trial0,holdout,SOLUSDT,0.0
old_4h_trial0,holdout,TRXUSDT,0.0
old_4h_trial0,holdout,XRPUSDT,0.0
F7_raw_4h_trial45,discovery,ADAUSDT,0.0
F7_raw_4h_trial45,discovery,AVAXUSDT,0.0
F7_raw_4h_trial45,discovery,BCHUSDT,0.0
F7_raw_4h_trial45,discovery,BNBUSDT,0.0
F7_raw_4h_trial45,discovery,BTCUSDT,0.0
F7_raw_4h_trial45,discovery,DOGEUSDT,0.0
F7_raw_4h_trial45,discovery,ETHUSDT,0.0
F7_raw_4h_trial45,discovery,LINKUSDT,0.0
F7_raw_4h_trial45,discovery,LTCUSDT,0.0
F7_raw_4h_trial45,discovery,SOLUSDT,0.0
F7_raw_4h_trial45,discovery,TRXUSDT,0.0
F7_raw_4h_trial45,discovery,XRPUSDT,0.0
F7_raw_4h_trial45,validation,ADAUSDT,0.0
F7_raw_4h_trial45,validation,AVAXUSDT,0.0
F7_raw_4h_trial45,validation,BCHUSDT,0.0
F7_raw_4h_trial45,validation,BNBUSDT,0.0
F7_raw_4h_trial45,validation,BTCUSDT,0.0
F7_raw_4h_trial45,validation,DOGEUSDT,0.0
F7_raw_4h_trial45,validation,ETHUSDT,0.0
F7_raw_4h_trial45,validation,LINKUSDT,0.0
F7_raw_4h_trial45,validation,LTCUSDT,0.0
F7_raw_4h_trial45,validation,SOLUSDT,0.0
F7_raw_4h_trial45,validation,TRXUSDT,0.0
F7_raw_4h_trial45,validation,XRPUSDT,0.0
F7_raw_4h_trial45,holdout,ADAUSDT,0.0
F7_raw_4h_trial45,holdout,AVAXUSDT,0.0
F7_raw_4h_trial45,holdout,BCHUSDT,0.0
F7_raw_4h_trial45,holdout,BNBUSDT,0.0
F7_raw_4h_trial45,holdout,BTCUSDT,0.0
F7_raw_4h_trial45,holdout,DOGEUSDT,0.0
F7_raw_4h_trial45,holdout,ETHUSDT,0.0
F7_raw_4h_trial45,holdout,LINKUSDT,0.0
F7_raw_4h_trial45,holdout,LTCUSDT,0.0
F7_raw_4h_trial45,holdout,SOLUSDT,0.0
F7_raw_4h_trial45,holdout,TRXUSDT,0.0
F7_raw_4h_trial45,holdout,XRPUSDT,0.0
joint_interaction_residual_4h_trial24,discovery,ADAUSDT,0.0
joint_interaction_residual_4h_trial24,discovery,AVAXUSDT,0.0
joint_interaction_residual_4h_trial24,discovery,BCHUSDT,0.0
joint_interaction_residual_4h_trial24,discovery,BNBUSDT,0.0
joint_interaction_residual_4h_trial24,discovery,BTCUSDT,0.0
joint_interaction_residual_4h_trial24,discovery,DOGEUSDT,0.0
joint_interaction_residual_4h_trial24,discovery,ETHUSDT,0.0
joint_interaction_residual_4h_trial24,discovery,LINKUSDT,0.0
joint_interaction_residual_4h_trial24,discovery,LTCUSDT,0.0
joint_interaction_residual_4h_trial24,discovery,SOLUSDT,0.0
joint_interaction_residual_4h_trial24,discovery,TRXUSDT,0.0
joint_interaction_residual_4h_trial24,discovery,XRPUSDT,0.0
joint_interaction_residual_4h_trial24,validation,ADAUSDT,0.0
joint_interaction_residual_4h_trial24,validation,AVAXUSDT,0.0
joint_interaction_residual_4h_trial24,validation,BCHUSDT,0.0
joint_interaction_residual_4h_trial24,validation,BNBUSDT,0.0
joint_interaction_residual_4h_trial24,validation,BTCUSDT,0.0
joint_interaction_residual_4h_trial24,validation,DOGEUSDT,0.0
joint_interaction_residual_4h_trial24,validation,ETHUSDT,0.0
joint_interaction_residual_4h_trial24,validation,LINKUSDT,0.0
joint_interaction_residual_4h_trial24,validation,LTCUSDT,0.0
joint_interaction_residual_4h_trial24,validation,SOLUSDT,0.0
joint_interaction_residual_4h_trial24,validation,TRXUSDT,0.0
joint_interaction_residual_4h_trial24,validation,XRPUSDT,0.0
joint_interaction_residual_4h_trial24,holdout,ADAUSDT,0.0
joint_interaction_residual_4h_trial24,holdout,AVAXUSDT,0.0
joint_interaction_residual_4h_trial24,holdout,BCHUSDT,0.0
joint_interaction_residual_4h_trial24,holdout,BNBUSDT,0.0
joint_interaction_residual_4h_trial24,holdout,BTCUSDT,0.0
joint_interaction_residual_4h_trial24,holdout,DOGEUSDT,0.0
joint_interaction_residual_4h_trial24,holdout,ETHUSDT,0.0
joint_interaction_residual_4h_trial24,holdout,LINKUSDT,0.0
joint_interaction_residual_4h_trial24,holdout,LTCUSDT,0.0
joint_interaction_residual_4h_trial24,holdout,SOLUSDT,0.0
joint_interaction_residual_4h_trial24,holdout,TRXUSDT,0.0
joint_interaction_residual_4h_trial24,holdout,XRPUSDT,0.0
joint_12h_trial19,discovery,ADAUSDT,0.0
joint_12h_trial19,discovery,AVAXUSDT,0.0
joint_12h_trial19,discovery,BCHUSDT,0.0
joint_12h_trial19,discovery,BNBUSDT,0.0
joint_12h_trial19,discovery,BTCUSDT,0.0
joint_12h_trial19,discovery,DOGEUSDT,0.0
joint_12h_trial19,discovery,ETHUSDT,0.0
joint_12h_trial19,discovery,LINKUSDT,0.0
joint_12h_trial19,discovery,LTCUSDT,0.0
joint_12h_trial19,discovery,SOLUSDT,0.0
joint_12h_trial19,discovery,TRXUSDT,0.0
joint_12h_trial19,discovery,XRPUSDT,0.0
joint_12h_trial19,validation,ADAUSDT,0.0
joint_12h_trial19,validation,AVAXUSDT,0.0
joint_12h_trial19,validation,BCHUSDT,0.0
joint_12h_trial19,validation,BNBUSDT,0.0
joint_12h_trial19,validation,BTCUSDT,0.0
joint_12h_trial19,validation,DOGEUSDT,0.0
joint_12h_trial19,validation,ETHUSDT,0.0
joint_12h_trial19,validation,LINKUSDT,0.0
joint_12h_trial19,validation,LTCUSDT,0.0
joint_12h_trial19,validation,SOLUSDT,0.0
joint_12h_trial19,validation,TRXUSDT,0.0
joint_12h_trial19,validation,XRPUSDT,0.0
joint_12h_trial19,holdout,ADAUSDT,0.0
joint_12h_trial19,holdout,AVAXUSDT,0.0
joint_12h_trial19,holdout,BCHUSDT,0.0
joint_12h_trial19,holdout,BNBUSDT,0.0
joint_12h_trial19,holdout,BTCUSDT,0.0
joint_12h_trial19,holdout,DOGEUSDT,0.0
joint_12h_trial19,holdout,ETHUSDT,0.0
joint_12h_trial19,holdout,LINKUSDT,0.0
joint_12h_trial19,holdout,LTCUSDT,0.0
joint_12h_trial19,holdout,SOLUSDT,0.0
joint_12h_trial19,holdout,TRXUSDT,0.0
joint_12h_trial19,holdout,XRPUSDT,0.0
joint_interaction_4h_trial20,discovery,ADAUSDT,0.0
joint_interaction_4h_trial20,discovery,AVAXUSDT,0.0
joint_interaction_4h_trial20,discovery,BCHUSDT,0.0
joint_interaction_4h_trial20,discovery,BNBUSDT,0.0
joint_interaction_4h_trial20,discovery,BTCUSDT,0.0
joint_interaction_4h_trial20,discovery,DOGEUSDT,0.0
joint_interaction_4h_trial20,discovery,ETHUSDT,0.0
joint_interaction_4h_trial20,discovery,LINKUSDT,0.0
joint_interaction_4h_trial20,discovery,LTCUSDT,0.0
joint_interaction_4h_trial20,discovery,SOLUSDT,0.0
joint_interaction_4h_trial20,discovery,TRXUSDT,0.0
joint_interaction_4h_trial20,discovery,XRPUSDT,0.0
joint_interaction_4h_trial20,validation,ADAUSDT,0.0
joint_interaction_4h_trial20,validation,AVAXUSDT,0.0
joint_interaction_4h_trial20,validation,BCHUSDT,0.0
joint_interaction_4h_trial20,validation,BNBUSDT,0.0
joint_interaction_4h_trial20,validation,BTCUSDT,0.0
joint_interaction_4h_trial20,validation,DOGEUSDT,0.0
joint_interaction_4h_trial20,validation,ETHUSDT,0.0
joint_interaction_4h_trial20,validation,LINKUSDT,0.0
joint_interaction_4h_trial20,validation,LTCUSDT,0.0
joint_interaction_4h_trial20,validation,SOLUSDT,0.0
joint_interaction_4h_trial20,validation,TRXUSDT,0.0
joint_interaction_4h_trial20,validation,XRPUSDT,0.0
joint_interaction_4h_trial20,holdout,ADAUSDT,0.0
joint_interaction_4h_trial20,holdout,AVAXUSDT,0.0
joint_interaction_4h_trial20,holdout,BCHUSDT,0.0
joint_interaction_4h_trial20,holdout,BNBUSDT,0.0
joint_interaction_4h_trial20,holdout,BTCUSDT,0.0
joint_interaction_4h_trial20,holdout,DOGEUSDT,0.0
joint_interaction_4h_trial20,holdout,ETHUSDT,0.0
joint_interaction_4h_trial20,holdout,LINKUSDT,0.0
joint_interaction_4h_trial20,holdout,LTCUSDT,0.0
joint_interaction_4h_trial20,holdout,SOLUSDT,0.0
joint_interaction_4h_trial20,holdout,TRXUSDT,0.0
joint_interaction_4h_trial20,holdout,XRPUSDT,0.0
joint_interaction_12h_trial23,discovery,ADAUSDT,0.0
joint_interaction_12h_trial23,discovery,AVAXUSDT,0.0
joint_interaction_12h_trial23,discovery,BCHUSDT,0.0
joint_interaction_12h_trial23,discovery,BNBUSDT,0.0
joint_interaction_12h_trial23,discovery,BTCUSDT,0.0
joint_interaction_12h_trial23,discovery,DOGEUSDT,0.0
joint_interaction_12h_trial23,discovery,ETHUSDT,0.0
joint_interaction_12h_trial23,discovery,LINKUSDT,0.0
joint_interaction_12h_trial23,discovery,LTCUSDT,0.0
joint_interaction_12h_trial23,discovery,SOLUSDT,0.0
joint_interaction_12h_trial23,discovery,TRXUSDT,0.0
joint_interaction_12h_trial23,discovery,XRPUSDT,0.0
joint_interaction_12h_trial23,validation,ADAUSDT,0.0
joint_interaction_12h_trial23,validation,AVAXUSDT,0.0
joint_interaction_12h_trial23,validation,BCHUSDT,0.0
joint_interaction_12h_trial23,validation,BNBUSDT,0.0
joint_interaction_12h_trial23,validation,BTCUSDT,0.0
joint_interaction_12h_trial23,validation,DOGEUSDT,0.0
joint_interaction_12h_trial23,validation,ETHUSDT,0.0
joint_interaction_12h_trial23,validation,LINKUSDT,0.0
joint_interaction_12h_trial23,validation,LTCUSDT,0.0
joint_interaction_12h_trial23,validation,SOLUSDT,0.0
joint_interaction_12h_trial23,validation,TRXUSDT,0.0
joint_interaction_12h_trial23,validation,XRPUSDT,0.0
joint_interaction_12h_trial23,holdout,ADAUSDT,0.0
joint_interaction_12h_trial23,holdout,AVAXUSDT,0.0
joint_interaction_12h_trial23,holdout,BCHUSDT,0.0
joint_interaction_12h_trial23,holdout,BNBUSDT,0.0
joint_interaction_12h_trial23,holdout,BTCUSDT,0.0
joint_interaction_12h_trial23,holdout,DOGEUSDT,0.0
joint_interaction_12h_trial23,holdout,ETHUSDT,0.0
joint_interaction_12h_trial23,holdout,LINKUSDT,0.0
joint_interaction_12h_trial23,holdout,LTCUSDT,0.0
joint_interaction_12h_trial23,holdout,SOLUSDT,0.0
joint_interaction_12h_trial23,holdout,TRXUSDT,0.0
joint_interaction_12h_trial23,holdout,XRPUSDT,0.0
F4_12h_trial14,discovery,ADAUSDT,0.0
F4_12h_trial14,discovery,AVAXUSDT,0.0
F4_12h_trial14,discovery,BCHUSDT,0.0
F4_12h_trial14,discovery,BNBUSDT,0.0
F4_12h_trial14,discovery,BTCUSDT,0.0
F4_12h_trial14,discovery,DOGEUSDT,0.0
F4_12h_trial14,discovery,ETHUSDT,0.0
F4_12h_trial14,discovery,LINKUSDT,0.0
F4_12h_trial14,discovery,LTCUSDT,0.0
F4_12h_trial14,discovery,SOLUSDT,0.0
F4_12h_trial14,discovery,TRXUSDT,0.0
F4_12h_trial14,discovery,XRPUSDT,0.0
F4_12h_trial14,validation,ADAUSDT,0.0
F4_12h_trial14,validation,AVAXUSDT,0.0
F4_12h_trial14,validation,BCHUSDT,0.0
F4_12h_trial14,validation,BNBUSDT,0.0
F4_12h_trial14,validation,BTCUSDT,0.0
F4_12h_trial14,validation,DOGEUSDT,0.0
F4_12h_trial14,validation,ETHUSDT,0.0
F4_12h_trial14,validation,LINKUSDT,0.0
F4_12h_trial14,validation,LTCUSDT,0.0
F4_12h_trial14,validation,SOLUSDT,0.0
F4_12h_trial14,validation,TRXUSDT,0.0
F4_12h_trial14,validation,XRPUSDT,0.0
F4_12h_trial14,holdout,ADAUSDT,0.0
F4_12h_trial14,holdout,AVAXUSDT,0.0
F4_12h_trial14,holdout,BCHUSDT,0.0
F4_12h_trial14,holdout,BNBUSDT,0.0
F4_12h_trial14,holdout,BTCUSDT,0.0
F4_12h_trial14,holdout,DOGEUSDT,0.0
F4_12h_trial14,holdout,ETHUSDT,0.0
F4_12h_trial14,holdout,LINKUSDT,0.0
F4_12h_trial14,holdout,LTCUSDT,0.0
F4_12h_trial14,holdout,SOLUSDT,0.0
F4_12h_trial14,holdout,TRXUSDT,0.0
F4_12h_trial14,holdout,XRPUSDT,0.0
old_nonlinear_12h_trial7,discovery,ADAUSDT,0.0
old_nonlinear_12h_trial7,discovery,AVAXUSDT,0.0
old_nonlinear_12h_trial7,discovery,BCHUSDT,0.0
old_nonlinear_12h_trial7,discovery,BNBUSDT,0.0
old_nonlinear_12h_trial7,discovery,BTCUSDT,0.0
old_nonlinear_12h_trial7,discovery,DOGEUSDT,0.0
old_nonlinear_12h_trial7,discovery,ETHUSDT,0.0
old_nonlinear_12h_trial7,discovery,LINKUSDT,0.0
old_nonlinear_12h_trial7,discovery,LTCUSDT,0.0
old_nonlinear_12h_trial7,discovery,SOLUSDT,0.0
old_nonlinear_12h_trial7,discovery,TRXUSDT,0.0
old_nonlinear_12h_trial7,discovery,XRPUSDT,0.0
old_nonlinear_12h_trial7,validation,ADAUSDT,0.0
old_nonlinear_12h_trial7,validation,AVAXUSDT,0.0
old_nonlinear_12h_trial7,validation,BCHUSDT,0.0
old_nonlinear_12h_trial7,validation,BNBUSDT,0.0
old_nonlinear_12h_trial7,validation,BTCUSDT,0.0
old_nonlinear_12h_trial7,validation,DOGEUSDT,0.0
old_nonlinear_12h_trial7,validation,ETHUSDT,0.0
old_nonlinear_12h_trial7,validation,LINKUSDT,0.0
old_nonlinear_12h_trial7,validation,LTCUSDT,0.0
old_nonlinear_12h_trial7,validation,SOLUSDT,0.0
old_nonlinear_12h_trial7,validation,TRXUSDT,0.0
old_nonlinear_12h_trial7,validation,XRPUSDT,0.0
old_nonlinear_12h_trial7,holdout,ADAUSDT,0.0
old_nonlinear_12h_trial7,holdout,AVAXUSDT,0.0
old_nonlinear_12h_trial7,holdout,BCHUSDT,0.0
old_nonlinear_12h_trial7,holdout,BNBUSDT,0.0
old_nonlinear_12h_trial7,holdout,BTCUSDT,0.0
old_nonlinear_12h_trial7,holdout,DOGEUSDT,0.0
old_nonlinear_12h_trial7,holdout,ETHUSDT,0.0
old_nonlinear_12h_trial7,holdout,LINKUSDT,0.0
old_nonlinear_12h_trial7,holdout,LTCUSDT,0.0
old_nonlinear_12h_trial7,holdout,SOLUSDT,0.0
old_nonlinear_12h_trial7,holdout,TRXUSDT,0.0
old_nonlinear_12h_trial7,holdout,XRPUSDT,0.0
F3_12h_trial11,discovery,ADAUSDT,-0.5265568496344092
F3_12h_trial11,discovery,AVAXUSDT,-0.13297327255631183
F3_12h_trial11,discovery,BCHUSDT,0.456465911126348
F3_12h_trial11,discovery,BNBUSDT,0.01598270783948569
F3_12h_trial11,discovery,BTCUSDT,-0.050152748344889614
F3_12h_trial11,discovery,DOGEUSDT,0.0013293557392259063
F3_12h_trial11,discovery,ETHUSDT,-0.06823611830986079
F3_12h_trial11,discovery,LINKUSDT,-0.2633728602236182
F3_12h_trial11,discovery,LTCUSDT,-0.1757774641487477
F3_12h_trial11,discovery,SOLUSDT,-0.08840487179120186
F3_12h_trial11,discovery,TRXUSDT,-0.06631759844201232
F3_12h_trial11,discovery,XRPUSDT,-0.18068606529560075
F3_12h_trial11,validation,ADAUSDT,0.0
F3_12h_trial11,validation,AVAXUSDT,0.0
F3_12h_trial11,validation,BCHUSDT,0.0
F3_12h_trial11,validation,BNBUSDT,0.0
F3_12h_trial11,validation,BTCUSDT,0.0
F3_12h_trial11,validation,DOGEUSDT,0.0
F3_12h_trial11,validation,ETHUSDT,0.0
F3_12h_trial11,validation,LINKUSDT,0.0
F3_12h_trial11,validation,LTCUSDT,0.0
F3_12h_trial11,validation,SOLUSDT,0.0
F3_12h_trial11,validation,TRXUSDT,0.0
F3_12h_trial11,validation,XRPUSDT,0.0
F3_12h_trial11,holdout,ADAUSDT,0.0
F3_12h_trial11,holdout,AVAXUSDT,0.0
F3_12h_trial11,holdout,BCHUSDT,0.0
F3_12h_trial11,holdout,BNBUSDT,0.0
F3_12h_trial11,holdout,BTCUSDT,0.0
F3_12h_trial11,holdout,DOGEUSDT,0.0
F3_12h_trial11,holdout,ETHUSDT,0.0
F3_12h_trial11,holdout,LINKUSDT,0.0
F3_12h_trial11,holdout,LTCUSDT,0.0
F3_12h_trial11,holdout,SOLUSDT,0.0
F3_12h_trial11,holdout,TRXUSDT,0.0
F3_12h_trial11,holdout,XRPUSDT,0.0
