id,month,net_return_pct,net_sum_pct
pool_12h_trial71,2023-01,0.0,0.0
pool_12h_trial71,2023-02,0.0,0.0
pool_12h_trial71,2023-03,0.0,0.0
pool_12h_trial71,2023-04,0.0,0.0
pool_12h_trial71,2023-05,0.0,0.0
pool_12h_trial71,2023-06,0.0,0.0
pool_12h_trial71,2023-07,0.0,0.0
pool_12h_trial71,2023-08,0.0,0.0
pool_12h_trial71,2023-09,0.0,0.0
pool_12h_trial71,2023-10,0.0,0.0
pool_12h_trial71,2023-11,0.0,0.0
pool_12h_trial71,2023-12,0.0,0.0
pool_12h_trial71,2024-01,0.02368358663129566,0.024888432891932016
pool_12h_trial71,2024-02,-0.5546755504799883,-0.554709446174785
pool_12h_trial71,2024-03,-2.962657952645209,-2.9942822095845583
pool_12h_trial71,2024-04,-0.6285185325272225,-0.6276321058852373
pool_12h_trial71,2024-05,-0.5290353853301122,-0.5296613235291385
pool_12h_trial71,2024-06,-0.1729647501034659,-0.17291644319048674
pool_12h_trial71,2024-07,-1.703649740959412,-1.716817405961567
pool_12h_trial71,2024-08,-0.7171121891953347,-0.7169111145851789
pool_12h_trial71,2024-09,-0.8570506274205525,-0.8604191416443401
pool_12h_trial71,2024-10,-0.7841915159727875,-0.7862724520236026
pool_12h_trial71,2024-11,0.12551346345164305,0.14211440138881581
pool_12h_trial71,2024-12,-4.341715072789388,-4.422664339256408
pool_12h_trial71,2025-01,-1.7474701958639316,-1.7572328200291192
pool_12h_trial71,2025-02,-0.6712497667513362,-0.6697449808919491
pool_12h_trial71,2025-03,-1.03795433714714,-1.0373871659153158
pool_12h_trial71,2025-04,-0.024270792275160602,-0.0227207438464664
pool_12h_trial71,2025-05,-0.45996482167960373,-0.4598029750588005
pool_12h_trial71,2025-06,-0.06293154854070115,-0.06225428499910228
pool_12h_trial71,2025-07,-0.4595582283285715,-0.45845979372670376
pool_12h_trial71,2025-08,-1.7593186485247991,-1.772624921271452
pool_12h_trial71,2025-09,-1.046350780192784,-1.05053566429074
pool_12h_trial71,2025-10,-0.5936720287711417,-0.5926549051903792
pool_12h_trial71,2025-11,-2.3223643159748897,-2.347542556358543
pool_12h_trial71,2025-12,-0.19145824946910084,-0.19102776047429054
pool_12h_trial71,2026-01,-0.6311589557027375,-0.63252610943202
pool_12h_trial71,2026-02,-1.0214194795331033,-1.024843387413576
pool_12h_trial71,2026-03,-0.8930435251000013,-0.8966725484076044
pool_12h_trial71,2026-04,-0.33676618735197783,-0.33720930142659256
pool_12h_trial71,2026-05,-0.10959975127987631,-0.1091821645519439
pool_12h_trial71,2026-06,-1.4934372490636116,-1.5032198731987017
pool_12h_trial71,2026-07,-0.7255369299783543,-0.7272481001905158
pool_12h_trial71,2026-08,-0.8312973894767928,-0.8328805351839927
pool_12h_trial71,2026-09,0.33525913829397513,0.3376775943351873
pool_4h_trial28,2023-01,0.0,0.0
pool_4h_trial28,2023-02,0.0,0.0
pool_4h_trial28,2023-03,0.0,0.0
pool_4h_trial28,2023-04,0.0,0.0
pool_4h_trial28,2023-05,0.0,0.0
pool_4h_trial28,2023-06,0.0,0.0
pool_4h_trial28,2023-07,0.0,0.0
pool_4h_trial28,2023-08,0.0,0.0
pool_4h_trial28,2023-09,0.0,0.0
pool_4h_trial28,2023-10,0.0,0.0
pool_4h_trial28,2023-11,0.0,0.0
pool_4h_trial28,2023-12,0.0,0.0
pool_4h_trial28,2024-01,-0.016648284394016333,-0.01664925410679093
pool_4h_trial28,2024-02,-0.04734924843792232,-0.04735490374661461
pool_4h_trial28,2024-03,-0.7339341474254524,-0.7354081221131594
pool_4h_trial28,2024-04,-0.051632181653704645,-0.0514132023040322
pool_4h_trial28,2024-05,0.0397004273534618,0.03969826449283594
pool_4h_trial28,2024-06,0.0,0.0
pool_4h_trial28,2024-07,-0.03713148488632134,-0.03713563754603181
pool_4h_trial28,2024-08,-0.046878053580357015,-0.04685392466187535
pool_4h_trial28,2024-09,0.0,0.0
pool_4h_trial28,2024-10,0.0,0.0
pool_4h_trial28,2024-11,0.12569347672568565,0.1273394701667654
pool_4h_trial28,2024-12,-0.2831950467330757,-0.281151520426193
pool_4h_trial28,2025-01,0.10403041624622578,0.10443018184131125
pool_4h_trial28,2025-02,0.0734706147532016,0.07356761218215084
pool_4h_trial28,2025-03,-0.4548384437368269,-0.45510465381889953
pool_4h_trial28,2025-04,-0.006657964109479941,-0.006656781718238216
pool_4h_trial28,2025-05,0.0,0.0
pool_4h_trial28,2025-06,0.0,0.0
pool_4h_trial28,2025-07,-0.15151680995603156,-0.1515932901810278
pool_4h_trial28,2025-08,-0.023003663014575793,-0.022994084527198304
pool_4h_trial28,2025-09,-0.003203511798388625,-0.003203373308385147
pool_4h_trial28,2025-10,-0.18237226218145164,-0.18212950692143778
pool_4h_trial28,2025-11,-0.08390566775740016,-0.08391548713343756
pool_4h_trial28,2025-12,-0.008192861277467323,-0.0081928347823305
pool_4h_trial28,2026-01,0.0,0.0
pool_4h_trial28,2026-02,-0.06857364322020443,-0.06858089120897502
pool_4h_trial28,2026-03,0.0,0.0
pool_4h_trial28,2026-04,0.0,0.0
pool_4h_trial28,2026-05,0.031204689569075406,0.03121121470654499
pool_4h_trial28,2026-06,0.05085027297835332,0.050859249265974134
pool_4h_trial28,2026-07,0.0,0.0
pool_4h_trial28,2026-08,-0.035951508201503835,-0.03578317991631718
pool_4h_trial28,2026-09,-0.1457933837942127,-0.14545926775289447
seed_OLD_12h_trial42,2023-01,0.0,0.0
seed_OLD_12h_trial42,2023-02,0.0,0.0
seed_OLD_12h_trial42,2023-03,0.0,0.0
seed_OLD_12h_trial42,2023-04,0.0,0.0
seed_OLD_12h_trial42,2023-05,0.0,0.0
seed_OLD_12h_trial42,2023-06,0.0,0.0
seed_OLD_12h_trial42,2023-07,-1.0167561021160898,-1.0178309913285741
seed_OLD_12h_trial42,2023-08,-0.011157383622073525,-0.011137194475733766
seed_OLD_12h_trial42,2023-09,0.0,0.0
seed_OLD_12h_trial42,2023-10,-0.03445326717527175,-0.034454363229910676
seed_OLD_12h_trial42,2023-11,-0.315836099318223,-0.3152620998631678
seed_OLD_12h_trial42,2023-12,-0.056255507523417236,-0.05556195618230126
seed_OLD_12h_trial42,2024-01,0.0,0.0
seed_OLD_12h_trial42,2024-02,-0.17716243276721944,-0.17709220426811684
seed_OLD_12h_trial42,2024-03,0.4797259133476839,0.4799841771536537
seed_OLD_12h_trial42,2024-04,0.009370921539075816,0.009394720300344526
seed_OLD_12h_trial42,2024-05,0.0,0.0
seed_OLD_12h_trial42,2024-06,0.0,0.0
seed_OLD_12h_trial42,2024-07,0.0,0.0
seed_OLD_12h_trial42,2024-08,0.3570814983145265,0.35655679106484084
seed_OLD_12h_trial42,2024-09,0.0,0.0
seed_OLD_12h_trial42,2024-10,-0.062370175868209365,-0.062375556067054964
seed_OLD_12h_trial42,2024-11,1.262599569678402,1.2590448801073906
seed_OLD_12h_trial42,2024-12,-1.5829890886991604,-1.5894968696972152
seed_OLD_12h_trial42,2025-01,0.011276889900080356,0.012223427747784836
seed_OLD_12h_trial42,2025-02,0.04385046730304154,0.04401746500589075
seed_OLD_12h_trial42,2025-03,-0.5587338894169513,-0.5592710811317835
seed_OLD_12h_trial42,2025-04,0.018831691246701254,0.0188325256786235
seed_OLD_12h_trial42,2025-05,0.03857107538272064,0.03856953788986475
seed_OLD_12h_trial42,2025-06,-0.010235231910427078,-0.0102324844163925
seed_OLD_12h_trial42,2025-07,-0.07284321928683335,-0.0728440630585134
seed_OLD_12h_trial42,2025-08,-0.00133283915486615,-0.0013250085408947599
seed_OLD_12h_trial42,2025-09,0.030577333967629627,0.030581691599335402
seed_OLD_12h_trial42,2025-10,0.07298749154267536,0.07366234299319066
seed_OLD_12h_trial42,2025-11,-0.1809076748716998,-0.18096833537260912
seed_OLD_12h_trial42,2025-12,0.0,0.0
seed_OLD_12h_trial42,2026-01,0.0,0.0
seed_OLD_12h_trial42,2026-02,-0.046090436286705394,-0.04609817937337325
seed_OLD_12h_trial42,2026-03,0.0,0.0
seed_OLD_12h_trial42,2026-04,0.0,0.0
seed_OLD_12h_trial42,2026-05,-0.037674166441847845,-0.03767211686857713
seed_OLD_12h_trial42,2026-06,-0.16659331987564086,-0.16646371853156539
seed_OLD_12h_trial42,2026-07,0.0,0.0
seed_OLD_12h_trial42,2026-08,-0.02254490741124826,-0.022321221579026423
seed_OLD_12h_trial42,2026-09,-0.38823013321415134,-0.38853074374489893
seed_F4_12h_trial38,2023-01,0.0,0.0
seed_F4_12h_trial38,2023-02,0.0,0.0
seed_F4_12h_trial38,2023-03,0.0,0.0
seed_F4_12h_trial38,2023-04,0.0,0.0
seed_F4_12h_trial38,2023-05,0.0,0.0
seed_F4_12h_trial38,2023-06,0.0,0.0
seed_F4_12h_trial38,2023-07,0.0,0.0
seed_F4_12h_trial38,2023-08,0.0,0.0
seed_F4_12h_trial38,2023-09,0.0,0.0
seed_F4_12h_trial38,2023-10,0.0,0.0
seed_F4_12h_trial38,2023-11,0.0,0.0
seed_F4_12h_trial38,2023-12,0.0,0.0
seed_F4_12h_trial38,2024-01,-0.018807822681043973,-0.01879394288674391
seed_F4_12h_trial38,2024-02,0.0004574895499764864,0.0004751442757671234
seed_F4_12h_trial38,2024-03,0.3011886373819106,0.30185030346340713
seed_F4_12h_trial38,2024-04,0.1145171840388759,0.1148135193048918
seed_F4_12h_trial38,2024-05,0.0,0.0
seed_F4_12h_trial38,2024-06,0.0,0.0
seed_F4_12h_trial38,2024-07,0.0,0.0
seed_F4_12h_trial38,2024-08,-0.11584319990772807,-0.1157202992021527
seed_F4_12h_trial38,2024-09,0.0,0.0
seed_F4_12h_trial38,2024-10,-0.05074303848079387,-0.050747244444193325
seed_F4_12h_trial38,2024-11,1.2651196420324196,1.2634336745506414
seed_F4_12h_trial38,2024-12,0.8163425324129836,0.8186796414633185
seed_F4_12h_trial38,2025-01,-0.3916770795712399,-0.39153945918549116
seed_F4_12h_trial38,2025-02,-0.029904949717762808,-0.029089759007523187
seed_F4_12h_trial38,2025-03,0.142842084475725,0.14571358217358268
seed_F4_12h_trial38,2025-04,0.08212175671218347,0.08235122368700634
seed_F4_12h_trial38,2025-05,0.3334708310507084,0.33306956804662874
seed_F4_12h_trial38,2025-06,-0.15900555201101563,-0.1589903113795769
seed_F4_12h_trial38,2025-07,-0.060714047914545155,-0.060470300021075105
seed_F4_12h_trial38,2025-08,-0.7450589594539259,-0.7472582682195839
seed_F4_12h_trial38,2025-09,-0.2942609000907148,-0.2944170085930897
seed_F4_12h_trial38,2025-10,0.14292321393134522,0.14348209047366112
seed_F4_12h_trial38,2025-11,-0.5883158780393027,-0.5897610805949584
seed_F4_12h_trial38,2025-12,-0.04780000507449422,-0.04780479579048532
seed_F4_12h_trial38,2026-01,-0.02164050133410811,-0.021641332986966234
seed_F4_12h_trial38,2026-02,-0.04505417859022032,-0.045001527211010126
seed_F4_12h_trial38,2026-03,0.0,0.0
seed_F4_12h_trial38,2026-04,0.0,0.0
seed_F4_12h_trial38,2026-05,0.027320949812437156,0.02732465735988122
seed_F4_12h_trial38,2026-06,-0.051563002576082706,-0.05148334634647628
seed_F4_12h_trial38,2026-07,-0.010048620621805338,-0.010045651870905763
seed_F4_12h_trial38,2026-08,-0.07905696213025282,-0.07893492945017895
seed_F4_12h_trial38,2026-09,0.04516553441309412,0.046599643600877226
seed_OLD_4h_trial40,2023-01,0.0,0.0
seed_OLD_4h_trial40,2023-02,0.0,0.0
seed_OLD_4h_trial40,2023-03,0.0,0.0
seed_OLD_4h_trial40,2023-04,0.0,0.0
seed_OLD_4h_trial40,2023-05,0.0,0.0
seed_OLD_4h_trial40,2023-06,0.0,0.0
seed_OLD_4h_trial40,2023-07,-1.22321234313566,-1.2273057126200926
seed_OLD_4h_trial40,2023-08,0.0,0.0
seed_OLD_4h_trial40,2023-09,0.0,0.0
seed_OLD_4h_trial40,2023-10,0.0,0.0
seed_OLD_4h_trial40,2023-11,0.0,0.0
seed_OLD_4h_trial40,2023-12,0.0,0.0
seed_OLD_4h_trial40,2024-01,0.0,0.0
seed_OLD_4h_trial40,2024-02,0.0,0.0
seed_OLD_4h_trial40,2024-03,0.0,0.0
seed_OLD_4h_trial40,2024-04,0.0,0.0
seed_OLD_4h_trial40,2024-05,0.0,0.0
seed_OLD_4h_trial40,2024-06,0.0,0.0
seed_OLD_4h_trial40,2024-07,0.0,0.0
seed_OLD_4h_trial40,2024-08,0.0,0.0
seed_OLD_4h_trial40,2024-09,0.0,0.0
seed_OLD_4h_trial40,2024-10,0.0,0.0
seed_OLD_4h_trial40,2024-11,0.15179388627040158,0.1519370732402846
seed_OLD_4h_trial40,2024-12,0.22887879745199236,0.229443731617795
seed_OLD_4h_trial40,2025-01,0.0,0.0
seed_OLD_4h_trial40,2025-02,0.0,0.0
seed_OLD_4h_trial40,2025-03,-0.13277748344538987,-0.13265144069308338
seed_OLD_4h_trial40,2025-04,0.0,0.0
seed_OLD_4h_trial40,2025-05,0.0,0.0
seed_OLD_4h_trial40,2025-06,0.0,0.0
seed_OLD_4h_trial40,2025-07,0.0,0.0
seed_OLD_4h_trial40,2025-08,0.0,0.0
seed_OLD_4h_trial40,2025-09,0.0,0.0
seed_OLD_4h_trial40,2025-10,0.0020321768072983915,0.0020525286628050475
seed_OLD_4h_trial40,2025-11,0.0,0.0
seed_OLD_4h_trial40,2025-12,0.0,0.0
seed_OLD_4h_trial40,2026-01,0.0,0.0
seed_OLD_4h_trial40,2026-02,0.0,0.0
seed_OLD_4h_trial40,2026-03,0.0,0.0
seed_OLD_4h_trial40,2026-04,0.0,0.0
seed_OLD_4h_trial40,2026-05,0.0,0.0
seed_OLD_4h_trial40,2026-06,0.0,0.0
seed_OLD_4h_trial40,2026-07,0.0,0.0
seed_OLD_4h_trial40,2026-08,0.0,0.0
seed_OLD_4h_trial40,2026-09,0.0,0.0
seed_F4_4h_trial36,2023-01,0.0,0.0
seed_F4_4h_trial36,2023-02,0.0,0.0
seed_F4_4h_trial36,2023-03,0.0,0.0
seed_F4_4h_trial36,2023-04,0.0,0.0
seed_F4_4h_trial36,2023-05,0.0,0.0
seed_F4_4h_trial36,2023-06,0.0,0.0
seed_F4_4h_trial36,2023-07,0.0,0.0
seed_F4_4h_trial36,2023-08,0.0,0.0
seed_F4_4h_trial36,2023-09,0.0,0.0
seed_F4_4h_trial36,2023-10,0.0,0.0
seed_F4_4h_trial36,2023-11,0.0,0.0
seed_F4_4h_trial36,2023-12,0.0,0.0
seed_F4_4h_trial36,2024-01,0.0,0.0
seed_F4_4h_trial36,2024-02,0.0,0.0
seed_F4_4h_trial36,2024-03,-0.010847566601124292,-0.010813545247229203
seed_F4_4h_trial36,2024-04,0.0,0.0
seed_F4_4h_trial36,2024-05,0.0,0.0
seed_F4_4h_trial36,2024-06,0.0,0.0
seed_F4_4h_trial36,2024-07,0.0,0.0
seed_F4_4h_trial36,2024-08,0.0,0.0
seed_F4_4h_trial36,2024-09,0.0,0.0
seed_F4_4h_trial36,2024-10,0.0,0.0
seed_F4_4h_trial36,2024-11,0.0,0.0
seed_F4_4h_trial36,2024-12,0.0,0.0
seed_F4_4h_trial36,2025-01,0.0,0.0
seed_F4_4h_trial36,2025-02,0.0,0.0
seed_F4_4h_trial36,2025-03,0.0,0.0
seed_F4_4h_trial36,2025-04,0.0,0.0
seed_F4_4h_trial36,2025-05,0.0,0.0
seed_F4_4h_trial36,2025-06,0.0,0.0
seed_F4_4h_trial36,2025-07,0.0,0.0
seed_F4_4h_trial36,2025-08,0.0,0.0
seed_F4_4h_trial36,2025-09,0.0,0.0
seed_F4_4h_trial36,2025-10,0.0,0.0
seed_F4_4h_trial36,2025-11,0.0,0.0
seed_F4_4h_trial36,2025-12,0.0,0.0
seed_F4_4h_trial36,2026-01,0.0,0.0
seed_F4_4h_trial36,2026-02,0.0,0.0
seed_F4_4h_trial36,2026-03,0.0,0.0
seed_F4_4h_trial36,2026-04,0.0,0.0
seed_F4_4h_trial36,2026-05,0.0,0.0
seed_F4_4h_trial36,2026-06,0.0,0.0
seed_F4_4h_trial36,2026-07,0.0,0.0
seed_F4_4h_trial36,2026-08,0.0,0.0
seed_F4_4h_trial36,2026-09,0.0,0.0
F3_4h_trial9,2023-01,0.0,0.0
F3_4h_trial9,2023-02,0.0,0.0
F3_4h_trial9,2023-03,0.0,0.0
F3_4h_trial9,2023-04,0.0,0.0
F3_4h_trial9,2023-05,0.0,0.0
F3_4h_trial9,2023-06,0.0,0.0
F3_4h_trial9,2023-07,0.21547141962676708,0.21530359611619618
F3_4h_trial9,2023-08,0.0,0.0
F3_4h_trial9,2023-09,0.0,0.0
F3_4h_trial9,2023-10,0.0,0.0
F3_4h_trial9,2023-11,0.0,0.0
F3_4h_trial9,2023-12,0.0,0.0
F3_4h_trial9,2024-01,0.0,0.0
F3_4h_trial9,2024-02,0.0,0.0
F3_4h_trial9,2024-03,0.0,0.0
F3_4h_trial9,2024-04,0.0,0.0
F3_4h_trial9,2024-05,0.0,0.0
F3_4h_trial9,2024-06,0.0,0.0
F3_4h_trial9,2024-07,0.0,0.0
F3_4h_trial9,2024-08,0.0,0.0
F3_4h_trial9,2024-09,0.0,0.0
F3_4h_trial9,2024-10,0.0,0.0
F3_4h_trial9,2024-11,0.0,0.0
F3_4h_trial9,2024-12,0.0,0.0
F3_4h_trial9,2025-01,0.0,0.0
F3_4h_trial9,2025-02,0.0,0.0
F3_4h_trial9,2025-03,0.0,0.0
F3_4h_trial9,2025-04,0.0,0.0
F3_4h_trial9,2025-05,0.0,0.0
F3_4h_trial9,2025-06,0.0,0.0
F3_4h_trial9,2025-07,0.0,0.0
F3_4h_trial9,2025-08,0.0,0.0
F3_4h_trial9,2025-09,0.0,0.0
F3_4h_trial9,2025-10,0.0,0.0
F3_4h_trial9,2025-11,0.0,0.0
F3_4h_trial9,2025-12,0.0,0.0
F3_4h_trial9,2026-01,0.0,0.0
F3_4h_trial9,2026-02,0.0,0.0
F3_4h_trial9,2026-03,0.0,0.0
F3_4h_trial9,2026-04,0.0,0.0
F3_4h_trial9,2026-05,0.0,0.0
F3_4h_trial9,2026-06,0.0,0.0
F3_4h_trial9,2026-07,0.0,0.0
F3_4h_trial9,2026-08,0.0,0.0
F3_4h_trial9,2026-09,0.0,0.0
seed_F3_12h_trial35,2023-01,0.0,0.0
seed_F3_12h_trial35,2023-02,0.0,0.0
seed_F3_12h_trial35,2023-03,0.0,0.0
seed_F3_12h_trial35,2023-04,0.0,0.0
seed_F3_12h_trial35,2023-05,0.0,0.0
seed_F3_12h_trial35,2023-06,0.0,0.0
seed_F3_12h_trial35,2023-07,0.0,0.0
seed_F3_12h_trial35,2023-08,0.0,0.0
seed_F3_12h_trial35,2023-09,0.0,0.0
seed_F3_12h_trial35,2023-10,0.0,0.0
seed_F3_12h_trial35,2023-11,0.0,0.0
seed_F3_12h_trial35,2023-12,0.0,0.0
seed_F3_12h_trial35,2024-01,0.0,0.0
seed_F3_12h_trial35,2024-02,0.0,0.0
seed_F3_12h_trial35,2024-03,0.0,0.0
seed_F3_12h_trial35,2024-04,0.0,0.0
seed_F3_12h_trial35,2024-05,0.0,0.0
seed_F3_12h_trial35,2024-06,0.0,0.0
seed_F3_12h_trial35,2024-07,0.0,0.0
seed_F3_12h_trial35,2024-08,0.0,0.0
seed_F3_12h_trial35,2024-09,0.0,0.0
seed_F3_12h_trial35,2024-10,0.0,0.0
seed_F3_12h_trial35,2024-11,0.0,0.0
seed_F3_12h_trial35,2024-12,0.0,0.0
seed_F3_12h_trial35,2025-01,0.0,0.0
seed_F3_12h_trial35,2025-02,0.0,0.0
seed_F3_12h_trial35,2025-03,0.0,0.0
seed_F3_12h_trial35,2025-04,0.0,0.0
seed_F3_12h_trial35,2025-05,0.0,0.0
seed_F3_12h_trial35,2025-06,0.0,0.0
seed_F3_12h_trial35,2025-07,0.0,0.0
seed_F3_12h_trial35,2025-08,0.0,0.0
seed_F3_12h_trial35,2025-09,0.0,0.0
seed_F3_12h_trial35,2025-10,0.0,0.0
seed_F3_12h_trial35,2025-11,0.0,0.0
seed_F3_12h_trial35,2025-12,0.0,0.0
seed_F3_12h_trial35,2026-01,0.0,0.0
seed_F3_12h_trial35,2026-02,0.0,0.0
seed_F3_12h_trial35,2026-03,0.0,0.0
seed_F3_12h_trial35,2026-04,0.0,0.0
seed_F3_12h_trial35,2026-05,0.0,0.0
seed_F3_12h_trial35,2026-06,0.0,0.0
seed_F3_12h_trial35,2026-07,0.0,0.0
seed_F3_12h_trial35,2026-08,0.0,0.0
seed_F3_12h_trial35,2026-09,0.0,0.0
old_nonlinear_4h_trial4,2023-01,0.0,0.0
old_nonlinear_4h_trial4,2023-02,0.0,0.0
old_nonlinear_4h_trial4,2023-03,0.0,0.0
old_nonlinear_4h_trial4,2023-04,0.0,0.0
old_nonlinear_4h_trial4,2023-05,0.0,0.0
old_nonlinear_4h_trial4,2023-06,0.0,0.0
old_nonlinear_4h_trial4,2023-07,0.0,0.0
old_nonlinear_4h_trial4,2023-08,0.0,0.0
old_nonlinear_4h_trial4,2023-09,0.0,0.0
old_nonlinear_4h_trial4,2023-10,0.0,0.0
old_nonlinear_4h_trial4,2023-11,0.0,0.0
old_nonlinear_4h_trial4,2023-12,0.0,0.0
old_nonlinear_4h_trial4,2024-01,0.0,0.0
old_nonlinear_4h_trial4,2024-02,0.0,0.0
old_nonlinear_4h_trial4,2024-03,0.0,0.0
old_nonlinear_4h_trial4,2024-04,0.0,0.0
old_nonlinear_4h_trial4,2024-05,0.0,0.0
old_nonlinear_4h_trial4,2024-06,0.0,0.0
old_nonlinear_4h_trial4,2024-07,0.0,0.0
old_nonlinear_4h_trial4,2024-08,0.0,0.0
old_nonlinear_4h_trial4,2024-09,0.0,0.0
old_nonlinear_4h_trial4,2024-10,0.0,0.0
old_nonlinear_4h_trial4,2024-11,0.0,0.0
old_nonlinear_4h_trial4,2024-12,0.0,0.0
old_nonlinear_4h_trial4,2025-01,0.0,0.0
old_nonlinear_4h_trial4,2025-02,0.0,0.0
old_nonlinear_4h_trial4,2025-03,0.0,0.0
old_nonlinear_4h_trial4,2025-04,0.0,0.0
old_nonlinear_4h_trial4,2025-05,0.0,0.0
old_nonlinear_4h_trial4,2025-06,0.0,0.0
old_nonlinear_4h_trial4,2025-07,0.0,0.0
old_nonlinear_4h_trial4,2025-08,0.0,0.0
old_nonlinear_4h_trial4,2025-09,0.0,0.0
old_nonlinear_4h_trial4,2025-10,0.0,0.0
old_nonlinear_4h_trial4,2025-11,0.0,0.0
old_nonlinear_4h_trial4,2025-12,0.0,0.0
old_nonlinear_4h_trial4,2026-01,0.0,0.0
old_nonlinear_4h_trial4,2026-02,0.0,0.0
old_nonlinear_4h_trial4,2026-03,0.0,0.0
old_nonlinear_4h_trial4,2026-04,0.0,0.0
old_nonlinear_4h_trial4,2026-05,0.0,0.0
old_nonlinear_4h_trial4,2026-06,0.0,0.0
old_nonlinear_4h_trial4,2026-07,0.0,0.0
old_nonlinear_4h_trial4,2026-08,0.0,0.0
old_nonlinear_4h_trial4,2026-09,0.0,0.0
seed_F3_4h_trial33,2023-01,0.0,0.0
seed_F3_4h_trial33,2023-02,0.0,0.0
seed_F3_4h_trial33,2023-03,0.0,0.0
seed_F3_4h_trial33,2023-04,0.0,0.0
seed_F3_4h_trial33,2023-05,0.0,0.0
seed_F3_4h_trial33,2023-06,0.0,0.0
seed_F3_4h_trial33,2023-07,0.0,0.0
seed_F3_4h_trial33,2023-08,0.0,0.0
seed_F3_4h_trial33,2023-09,0.0,0.0
seed_F3_4h_trial33,2023-10,0.0,0.0
seed_F3_4h_trial33,2023-11,0.0,0.0
seed_F3_4h_trial33,2023-12,0.0,0.0
seed_F3_4h_trial33,2024-01,0.0,0.0
seed_F3_4h_trial33,2024-02,0.0,0.0
seed_F3_4h_trial33,2024-03,0.0,0.0
seed_F3_4h_trial33,2024-04,0.0,0.0
seed_F3_4h_trial33,2024-05,0.0,0.0
seed_F3_4h_trial33,2024-06,0.0,0.0
seed_F3_4h_trial33,2024-07,0.0,0.0
seed_F3_4h_trial33,2024-08,0.0,0.0
seed_F3_4h_trial33,2024-09,0.0,0.0
seed_F3_4h_trial33,2024-10,0.0,0.0
seed_F3_4h_trial33,2024-11,0.0,0.0
seed_F3_4h_trial33,2024-12,0.0,0.0
seed_F3_4h_trial33,2025-01,0.0,0.0
seed_F3_4h_trial33,2025-02,0.0,0.0
seed_F3_4h_trial33,2025-03,0.0,0.0
seed_F3_4h_trial33,2025-04,0.0,0.0
seed_F3_4h_trial33,2025-05,0.0,0.0
seed_F3_4h_trial33,2025-06,0.0,0.0
seed_F3_4h_trial33,2025-07,0.0,0.0
seed_F3_4h_trial33,2025-08,0.0,0.0
seed_F3_4h_trial33,2025-09,0.0,0.0
seed_F3_4h_trial33,2025-10,0.0,0.0
seed_F3_4h_trial33,2025-11,0.0,0.0
seed_F3_4h_trial33,2025-12,0.0,0.0
seed_F3_4h_trial33,2026-01,0.0,0.0
seed_F3_4h_trial33,2026-02,0.0,0.0
seed_F3_4h_trial33,2026-03,0.0,0.0
seed_F3_4h_trial33,2026-04,0.0,0.0
seed_F3_4h_trial33,2026-05,0.0,0.0
seed_F3_4h_trial33,2026-06,0.0,0.0
seed_F3_4h_trial33,2026-07,0.0,0.0
seed_F3_4h_trial33,2026-08,0.0,0.0
seed_F3_4h_trial33,2026-09,0.0,0.0
joint_4h_trial17,2023-01,0.0,0.0
joint_4h_trial17,2023-02,0.0,0.0
joint_4h_trial17,2023-03,0.0,0.0
joint_4h_trial17,2023-04,0.0,0.0
joint_4h_trial17,2023-05,0.0,0.0
joint_4h_trial17,2023-06,0.0,0.0
joint_4h_trial17,2023-07,0.0,0.0
joint_4h_trial17,2023-08,0.0,0.0
joint_4h_trial17,2023-09,0.0,0.0
joint_4h_trial17,2023-10,0.0,0.0
joint_4h_trial17,2023-11,0.0,0.0
joint_4h_trial17,2023-12,0.0,0.0
joint_4h_trial17,2024-01,0.0,0.0
joint_4h_trial17,2024-02,0.0,0.0
joint_4h_trial17,2024-03,0.0,0.0
joint_4h_trial17,2024-04,0.0,0.0
joint_4h_trial17,2024-05,0.0,0.0
joint_4h_trial17,2024-06,0.0,0.0
joint_4h_trial17,2024-07,0.0,0.0
joint_4h_trial17,2024-08,0.0,0.0
joint_4h_trial17,2024-09,0.0,0.0
joint_4h_trial17,2024-10,0.0,0.0
joint_4h_trial17,2024-11,0.0,0.0
joint_4h_trial17,2024-12,0.0,0.0
joint_4h_trial17,2025-01,0.0,0.0
joint_4h_trial17,2025-02,0.0,0.0
joint_4h_trial17,2025-03,0.0,0.0
joint_4h_trial17,2025-04,0.0,0.0
joint_4h_trial17,2025-05,0.0,0.0
joint_4h_trial17,2025-06,0.0,0.0
joint_4h_trial17,2025-07,0.0,0.0
joint_4h_trial17,2025-08,0.0,0.0
joint_4h_trial17,2025-09,0.0,0.0
joint_4h_trial17,2025-10,0.0,0.0
joint_4h_trial17,2025-11,0.0,0.0
joint_4h_trial17,2025-12,0.0,0.0
joint_4h_trial17,2026-01,0.0,0.0
joint_4h_trial17,2026-02,0.0,0.0
joint_4h_trial17,2026-03,0.0,0.0
joint_4h_trial17,2026-04,0.0,0.0
joint_4h_trial17,2026-05,0.0,0.0
joint_4h_trial17,2026-06,0.0,0.0
joint_4h_trial17,2026-07,0.0,0.0
joint_4h_trial17,2026-08,0.0,0.0
joint_4h_trial17,2026-09,0.0,0.0
joint_interaction_residual_12h_trial27,2023-01,0.0,0.0
joint_interaction_residual_12h_trial27,2023-02,0.0,0.0
joint_interaction_residual_12h_trial27,2023-03,0.0,0.0
joint_interaction_residual_12h_trial27,2023-04,0.0,0.0
joint_interaction_residual_12h_trial27,2023-05,0.0,0.0
joint_interaction_residual_12h_trial27,2023-06,0.0,0.0
joint_interaction_residual_12h_trial27,2023-07,0.0,0.0
joint_interaction_residual_12h_trial27,2023-08,0.0,0.0
joint_interaction_residual_12h_trial27,2023-09,0.0,0.0
joint_interaction_residual_12h_trial27,2023-10,0.0,0.0
joint_interaction_residual_12h_trial27,2023-11,0.0,0.0
joint_interaction_residual_12h_trial27,2023-12,0.0,0.0
joint_interaction_residual_12h_trial27,2024-01,0.0,0.0
joint_interaction_residual_12h_trial27,2024-02,0.0,0.0
joint_interaction_residual_12h_trial27,2024-03,0.0,0.0
joint_interaction_residual_12h_trial27,2024-04,0.0,0.0
joint_interaction_residual_12h_trial27,2024-05,0.0,0.0
joint_interaction_residual_12h_trial27,2024-06,0.0,0.0
joint_interaction_residual_12h_trial27,2024-07,0.0,0.0
joint_interaction_residual_12h_trial27,2024-08,0.0,0.0
joint_interaction_residual_12h_trial27,2024-09,0.0,0.0
joint_interaction_residual_12h_trial27,2024-10,0.0,0.0
joint_interaction_residual_12h_trial27,2024-11,0.0,0.0
joint_interaction_residual_12h_trial27,2024-12,0.0,0.0
joint_interaction_residual_12h_trial27,2025-01,0.0,0.0
joint_interaction_residual_12h_trial27,2025-02,0.0,0.0
joint_interaction_residual_12h_trial27,2025-03,0.0,0.0
joint_interaction_residual_12h_trial27,2025-04,0.0,0.0
joint_interaction_residual_12h_trial27,2025-05,0.0,0.0
joint_interaction_residual_12h_trial27,2025-06,0.0,0.0
joint_interaction_residual_12h_trial27,2025-07,0.0,0.0
joint_interaction_residual_12h_trial27,2025-08,0.0,0.0
joint_interaction_residual_12h_trial27,2025-09,0.0,0.0
joint_interaction_residual_12h_trial27,2025-10,0.0,0.0
joint_interaction_residual_12h_trial27,2025-11,0.0,0.0
joint_interaction_residual_12h_trial27,2025-12,0.0,0.0
joint_interaction_residual_12h_trial27,2026-01,0.0,0.0
joint_interaction_residual_12h_trial27,2026-02,0.0,0.0
joint_interaction_residual_12h_trial27,2026-03,0.0,0.0
joint_interaction_residual_12h_trial27,2026-04,0.0,0.0
joint_interaction_residual_12h_trial27,2026-05,0.0,0.0
joint_interaction_residual_12h_trial27,2026-06,0.0,0.0
joint_interaction_residual_12h_trial27,2026-07,0.0,0.0
joint_interaction_residual_12h_trial27,2026-08,0.0,0.0
joint_interaction_residual_12h_trial27,2026-09,0.0,0.0
F7_reference_12h_trial51,2023-01,0.0,0.0
F7_reference_12h_trial51,2023-02,0.0,0.0
F7_reference_12h_trial51,2023-03,0.0,0.0
F7_reference_12h_trial51,2023-04,0.0,0.0
F7_reference_12h_trial51,2023-05,0.0,0.0
F7_reference_12h_trial51,2023-06,0.0,0.0
F7_reference_12h_trial51,2023-07,0.0,0.0
F7_reference_12h_trial51,2023-08,0.0,0.0
F7_reference_12h_trial51,2023-09,0.0,0.0
F7_reference_12h_trial51,2023-10,0.0,0.0
F7_reference_12h_trial51,2023-11,0.0,0.0
F7_reference_12h_trial51,2023-12,0.0,0.0
F7_reference_12h_trial51,2024-01,0.0,0.0
F7_reference_12h_trial51,2024-02,0.0,0.0
F7_reference_12h_trial51,2024-03,0.0,0.0
F7_reference_12h_trial51,2024-04,0.0,0.0
F7_reference_12h_trial51,2024-05,0.0,0.0
F7_reference_12h_trial51,2024-06,0.0,0.0
F7_reference_12h_trial51,2024-07,0.0,0.0
F7_reference_12h_trial51,2024-08,0.0,0.0
F7_reference_12h_trial51,2024-09,0.0,0.0
F7_reference_12h_trial51,2024-10,0.0,0.0
F7_reference_12h_trial51,2024-11,0.0,0.0
F7_reference_12h_trial51,2024-12,0.0,0.0
F7_reference_12h_trial51,2025-01,0.0,0.0
F7_reference_12h_trial51,2025-02,0.0,0.0
F7_reference_12h_trial51,2025-03,0.0,0.0
F7_reference_12h_trial51,2025-04,0.0,0.0
F7_reference_12h_trial51,2025-05,0.0,0.0
F7_reference_12h_trial51,2025-06,0.0,0.0
F7_reference_12h_trial51,2025-07,0.0,0.0
F7_reference_12h_trial51,2025-08,0.0,0.0
F7_reference_12h_trial51,2025-09,0.0,0.0
F7_reference_12h_trial51,2025-10,0.0,0.0
F7_reference_12h_trial51,2025-11,0.0,0.0
F7_reference_12h_trial51,2025-12,0.0,0.0
F7_reference_12h_trial51,2026-01,0.0,0.0
F7_reference_12h_trial51,2026-02,0.0,0.0
F7_reference_12h_trial51,2026-03,0.0,0.0
F7_reference_12h_trial51,2026-04,0.0,0.0
F7_reference_12h_trial51,2026-05,0.0,0.0
F7_reference_12h_trial51,2026-06,0.0,0.0
F7_reference_12h_trial51,2026-07,0.0,0.0
F7_reference_12h_trial51,2026-08,0.0,0.0
F7_reference_12h_trial51,2026-09,0.0,0.0
F7_reference_4h_trial49,2023-01,0.0,0.0
F7_reference_4h_trial49,2023-02,0.0,0.0
F7_reference_4h_trial49,2023-03,0.0,0.0
F7_reference_4h_trial49,2023-04,0.0,0.0
F7_reference_4h_trial49,2023-05,0.0,0.0
F7_reference_4h_trial49,2023-06,0.0,0.0
F7_reference_4h_trial49,2023-07,0.0,0.0
F7_reference_4h_trial49,2023-08,0.0,0.0
F7_reference_4h_trial49,2023-09,0.0,0.0
F7_reference_4h_trial49,2023-10,0.0,0.0
F7_reference_4h_trial49,2023-11,0.0,0.0
F7_reference_4h_trial49,2023-12,0.0,0.0
F7_reference_4h_trial49,2024-01,0.0,0.0
F7_reference_4h_trial49,2024-02,0.0,0.0
F7_reference_4h_trial49,2024-03,0.0,0.0
F7_reference_4h_trial49,2024-04,0.0,0.0
F7_reference_4h_trial49,2024-05,0.0,0.0
F7_reference_4h_trial49,2024-06,0.0,0.0
F7_reference_4h_trial49,2024-07,0.0,0.0
F7_reference_4h_trial49,2024-08,0.0,0.0
F7_reference_4h_trial49,2024-09,0.0,0.0
F7_reference_4h_trial49,2024-10,0.0,0.0
F7_reference_4h_trial49,2024-11,0.0,0.0
F7_reference_4h_trial49,2024-12,0.0,0.0
F7_reference_4h_trial49,2025-01,0.0,0.0
F7_reference_4h_trial49,2025-02,0.0,0.0
F7_reference_4h_trial49,2025-03,0.0,0.0
F7_reference_4h_trial49,2025-04,0.0,0.0
F7_reference_4h_trial49,2025-05,0.0,0.0
F7_reference_4h_trial49,2025-06,0.0,0.0
F7_reference_4h_trial49,2025-07,0.0,0.0
F7_reference_4h_trial49,2025-08,0.0,0.0
F7_reference_4h_trial49,2025-09,0.0,0.0
F7_reference_4h_trial49,2025-10,0.0,0.0
F7_reference_4h_trial49,2025-11,0.0,0.0
F7_reference_4h_trial49,2025-12,0.0,0.0
F7_reference_4h_trial49,2026-01,0.0,0.0
F7_reference_4h_trial49,2026-02,0.0,0.0
F7_reference_4h_trial49,2026-03,0.0,0.0
F7_reference_4h_trial49,2026-04,0.0,0.0
F7_reference_4h_trial49,2026-05,0.0,0.0
F7_reference_4h_trial49,2026-06,0.0,0.0
F7_reference_4h_trial49,2026-07,0.0,0.0
F7_reference_4h_trial49,2026-08,0.0,0.0
F7_reference_4h_trial49,2026-09,0.0,0.0
F4_4h_trial12,2023-01,0.0,0.0
F4_4h_trial12,2023-02,0.0,0.0
F4_4h_trial12,2023-03,0.0,0.0
F4_4h_trial12,2023-04,0.0,0.0
F4_4h_trial12,2023-05,0.0,0.0
F4_4h_trial12,2023-06,0.0,0.0
F4_4h_trial12,2023-07,0.0,0.0
F4_4h_trial12,2023-08,0.0,0.0
F4_4h_trial12,2023-09,0.0,0.0
F4_4h_trial12,2023-10,0.0,0.0
F4_4h_trial12,2023-11,0.0,0.0
F4_4h_trial12,2023-12,0.0,0.0
F4_4h_trial12,2024-01,0.0,0.0
F4_4h_trial12,2024-02,0.0,0.0
F4_4h_trial12,2024-03,0.0,0.0
F4_4h_trial12,2024-04,0.0,0.0
F4_4h_trial12,2024-05,0.0,0.0
F4_4h_trial12,2024-06,0.0,0.0
F4_4h_trial12,2024-07,0.0,0.0
F4_4h_trial12,2024-08,0.0,0.0
F4_4h_trial12,2024-09,0.0,0.0
F4_4h_trial12,2024-10,0.0,0.0
F4_4h_trial12,2024-11,0.0,0.0
F4_4h_trial12,2024-12,0.0,0.0
F4_4h_trial12,2025-01,0.0,0.0
F4_4h_trial12,2025-02,0.0,0.0
F4_4h_trial12,2025-03,0.0,0.0
F4_4h_trial12,2025-04,0.0,0.0
F4_4h_trial12,2025-05,0.0,0.0
F4_4h_trial12,2025-06,0.0,0.0
F4_4h_trial12,2025-07,0.0,0.0
F4_4h_trial12,2025-08,0.0,0.0
F4_4h_trial12,2025-09,0.0,0.0
F4_4h_trial12,2025-10,0.0,0.0
F4_4h_trial12,2025-11,0.0,0.0
F4_4h_trial12,2025-12,0.0,0.0
F4_4h_trial12,2026-01,0.0,0.0
F4_4h_trial12,2026-02,0.0,0.0
F4_4h_trial12,2026-03,0.0,0.0
F4_4h_trial12,2026-04,0.0,0.0
F4_4h_trial12,2026-05,0.0,0.0
F4_4h_trial12,2026-06,0.0,0.0
F4_4h_trial12,2026-07,0.0,0.0
F4_4h_trial12,2026-08,0.0,0.0
F4_4h_trial12,2026-09,0.0,0.0
F7_raw_12h_trial47,2023-01,0.0,0.0
F7_raw_12h_trial47,2023-02,0.0,0.0
F7_raw_12h_trial47,2023-03,0.0,0.0
F7_raw_12h_trial47,2023-04,0.0,0.0
F7_raw_12h_trial47,2023-05,0.0,0.0
F7_raw_12h_trial47,2023-06,0.0,0.0
F7_raw_12h_trial47,2023-07,0.0,0.0
F7_raw_12h_trial47,2023-08,0.0,0.0
F7_raw_12h_trial47,2023-09,0.0,0.0
F7_raw_12h_trial47,2023-10,0.0,0.0
F7_raw_12h_trial47,2023-11,0.0,0.0
F7_raw_12h_trial47,2023-12,0.0,0.0
F7_raw_12h_trial47,2024-01,0.0,0.0
F7_raw_12h_trial47,2024-02,0.0,0.0
F7_raw_12h_trial47,2024-03,0.0,0.0
F7_raw_12h_trial47,2024-04,0.0,0.0
F7_raw_12h_trial47,2024-05,0.0,0.0
F7_raw_12h_trial47,2024-06,0.0,0.0
F7_raw_12h_trial47,2024-07,0.0,0.0
F7_raw_12h_trial47,2024-08,0.0,0.0
F7_raw_12h_trial47,2024-09,0.0,0.0
F7_raw_12h_trial47,2024-10,0.0,0.0
F7_raw_12h_trial47,2024-11,0.0,0.0
F7_raw_12h_trial47,2024-12,0.0,0.0
F7_raw_12h_trial47,2025-01,0.0,0.0
F7_raw_12h_trial47,2025-02,0.0,0.0
F7_raw_12h_trial47,2025-03,0.0,0.0
F7_raw_12h_trial47,2025-04,0.0,0.0
F7_raw_12h_trial47,2025-05,0.0,0.0
F7_raw_12h_trial47,2025-06,0.0,0.0
F7_raw_12h_trial47,2025-07,0.0,0.0
F7_raw_12h_trial47,2025-08,0.0,0.0
F7_raw_12h_trial47,2025-09,0.0,0.0
F7_raw_12h_trial47,2025-10,0.0,0.0
F7_raw_12h_trial47,2025-11,0.0,0.0
F7_raw_12h_trial47,2025-12,0.0,0.0
F7_raw_12h_trial47,2026-01,0.0,0.0
F7_raw_12h_trial47,2026-02,0.0,0.0
F7_raw_12h_trial47,2026-03,0.0,0.0
F7_raw_12h_trial47,2026-04,0.0,0.0
F7_raw_12h_trial47,2026-05,0.0,0.0
F7_raw_12h_trial47,2026-06,0.0,0.0
F7_raw_12h_trial47,2026-07,0.0,0.0
F7_raw_12h_trial47,2026-08,0.0,0.0
F7_raw_12h_trial47,2026-09,0.0,0.0
old_12h_trial63,2023-01,0.0,0.0
old_12h_trial63,2023-02,0.0,0.0
old_12h_trial63,2023-03,0.0,0.0
old_12h_trial63,2023-04,0.0,0.0
old_12h_trial63,2023-05,0.0,0.0
old_12h_trial63,2023-06,0.0,0.0
old_12h_trial63,2023-07,0.0,0.0
old_12h_trial63,2023-08,0.0,0.0
old_12h_trial63,2023-09,0.0,0.0
old_12h_trial63,2023-10,0.0,0.0
old_12h_trial63,2023-11,0.0,0.0
old_12h_trial63,2023-12,0.0,0.0
old_12h_trial63,2024-01,0.0,0.0
old_12h_trial63,2024-02,0.0,0.0
old_12h_trial63,2024-03,0.0,0.0
old_12h_trial63,2024-04,0.0,0.0
old_12h_trial63,2024-05,0.0,0.0
old_12h_trial63,2024-06,0.0,0.0
old_12h_trial63,2024-07,0.0,0.0
old_12h_trial63,2024-08,0.0,0.0
old_12h_trial63,2024-09,0.0,0.0
old_12h_trial63,2024-10,0.0,0.0
old_12h_trial63,2024-11,0.0,0.0
old_12h_trial63,2024-12,0.0,0.0
old_12h_trial63,2025-01,0.0,0.0
old_12h_trial63,2025-02,0.0,0.0
old_12h_trial63,2025-03,0.0,0.0
old_12h_trial63,2025-04,0.0,0.0
old_12h_trial63,2025-05,0.0,0.0
old_12h_trial63,2025-06,0.0,0.0
old_12h_trial63,2025-07,0.0,0.0
old_12h_trial63,2025-08,0.0,0.0
old_12h_trial63,2025-09,0.0,0.0
old_12h_trial63,2025-10,0.0,0.0
old_12h_trial63,2025-11,0.0,0.0
old_12h_trial63,2025-12,0.0,0.0
old_12h_trial63,2026-01,0.0,0.0
old_12h_trial63,2026-02,0.0,0.0
old_12h_trial63,2026-03,0.0,0.0
old_12h_trial63,2026-04,0.0,0.0
old_12h_trial63,2026-05,0.0,0.0
old_12h_trial63,2026-06,0.0,0.0
old_12h_trial63,2026-07,0.0,0.0
old_12h_trial63,2026-08,0.0,0.0
old_12h_trial63,2026-09,0.0,0.0
old_4h_trial0,2023-01,0.0,0.0
old_4h_trial0,2023-02,0.0,0.0
old_4h_trial0,2023-03,0.0,0.0
old_4h_trial0,2023-04,0.0,0.0
old_4h_trial0,2023-05,0.0,0.0
old_4h_trial0,2023-06,0.0,0.0
old_4h_trial0,2023-07,0.0,0.0
old_4h_trial0,2023-08,0.0,0.0
old_4h_trial0,2023-09,0.0,0.0
old_4h_trial0,2023-10,0.0,0.0
old_4h_trial0,2023-11,0.0,0.0
old_4h_trial0,2023-12,0.0,0.0
old_4h_trial0,2024-01,0.0,0.0
old_4h_trial0,2024-02,0.0,0.0
old_4h_trial0,2024-03,0.0,0.0
old_4h_trial0,2024-04,0.0,0.0
old_4h_trial0,2024-05,0.0,0.0
old_4h_trial0,2024-06,0.0,0.0
old_4h_trial0,2024-07,0.0,0.0
old_4h_trial0,2024-08,0.0,0.0
old_4h_trial0,2024-09,0.0,0.0
old_4h_trial0,2024-10,0.0,0.0
old_4h_trial0,2024-11,0.0,0.0
old_4h_trial0,2024-12,0.0,0.0
old_4h_trial0,2025-01,0.0,0.0
old_4h_trial0,2025-02,0.0,0.0
old_4h_trial0,2025-03,0.0,0.0
old_4h_trial0,2025-04,0.0,0.0
old_4h_trial0,2025-05,0.0,0.0
old_4h_trial0,2025-06,0.0,0.0
old_4h_trial0,2025-07,0.0,0.0
old_4h_trial0,2025-08,0.0,0.0
old_4h_trial0,2025-09,0.0,0.0
old_4h_trial0,2025-10,0.0,0.0
old_4h_trial0,2025-11,0.0,0.0
old_4h_trial0,2025-12,0.0,0.0
old_4h_trial0,2026-01,0.0,0.0
old_4h_trial0,2026-02,0.0,0.0
old_4h_trial0,2026-03,0.0,0.0
old_4h_trial0,2026-04,0.0,0.0
old_4h_trial0,2026-05,0.0,0.0
old_4h_trial0,2026-06,0.0,0.0
old_4h_trial0,2026-07,0.0,0.0
old_4h_trial0,2026-08,0.0,0.0
old_4h_trial0,2026-09,0.0,0.0
F7_raw_4h_trial45,2023-01,0.0,0.0
F7_raw_4h_trial45,2023-02,0.0,0.0
F7_raw_4h_trial45,2023-03,0.0,0.0
F7_raw_4h_trial45,2023-04,0.0,0.0
F7_raw_4h_trial45,2023-05,0.0,0.0
F7_raw_4h_trial45,2023-06,0.0,0.0
F7_raw_4h_trial45,2023-07,0.0,0.0
F7_raw_4h_trial45,2023-08,0.0,0.0
F7_raw_4h_trial45,2023-09,0.0,0.0
F7_raw_4h_trial45,2023-10,0.0,0.0
F7_raw_4h_trial45,2023-11,0.0,0.0
F7_raw_4h_trial45,2023-12,0.0,0.0
F7_raw_4h_trial45,2024-01,0.0,0.0
F7_raw_4h_trial45,2024-02,0.0,0.0
F7_raw_4h_trial45,2024-03,0.0,0.0
F7_raw_4h_trial45,2024-04,0.0,0.0
F7_raw_4h_trial45,2024-05,0.0,0.0
F7_raw_4h_trial45,2024-06,0.0,0.0
F7_raw_4h_trial45,2024-07,0.0,0.0
F7_raw_4h_trial45,2024-08,0.0,0.0
F7_raw_4h_trial45,2024-09,0.0,0.0
F7_raw_4h_trial45,2024-10,0.0,0.0
F7_raw_4h_trial45,2024-11,0.0,0.0
F7_raw_4h_trial45,2024-12,0.0,0.0
F7_raw_4h_trial45,2025-01,0.0,0.0
F7_raw_4h_trial45,2025-02,0.0,0.0
F7_raw_4h_trial45,2025-03,0.0,0.0
F7_raw_4h_trial45,2025-04,0.0,0.0
F7_raw_4h_trial45,2025-05,0.0,0.0
F7_raw_4h_trial45,2025-06,0.0,0.0
F7_raw_4h_trial45,2025-07,0.0,0.0
F7_raw_4h_trial45,2025-08,0.0,0.0
F7_raw_4h_trial45,2025-09,0.0,0.0
F7_raw_4h_trial45,2025-10,0.0,0.0
F7_raw_4h_trial45,2025-11,0.0,0.0
F7_raw_4h_trial45,2025-12,0.0,0.0
F7_raw_4h_trial45,2026-01,0.0,0.0
F7_raw_4h_trial45,2026-02,0.0,0.0
F7_raw_4h_trial45,2026-03,0.0,0.0
F7_raw_4h_trial45,2026-04,0.0,0.0
F7_raw_4h_trial45,2026-05,0.0,0.0
F7_raw_4h_trial45,2026-06,0.0,0.0
F7_raw_4h_trial45,2026-07,0.0,0.0
F7_raw_4h_trial45,2026-08,0.0,0.0
F7_raw_4h_trial45,2026-09,0.0,0.0
joint_interaction_residual_4h_trial24,2023-01,0.0,0.0
joint_interaction_residual_4h_trial24,2023-02,0.0,0.0
joint_interaction_residual_4h_trial24,2023-03,0.0,0.0
joint_interaction_residual_4h_trial24,2023-04,0.0,0.0
joint_interaction_residual_4h_trial24,2023-05,0.0,0.0
joint_interaction_residual_4h_trial24,2023-06,0.0,0.0
joint_interaction_residual_4h_trial24,2023-07,0.0,0.0
joint_interaction_residual_4h_trial24,2023-08,0.0,0.0
joint_interaction_residual_4h_trial24,2023-09,0.0,0.0
joint_interaction_residual_4h_trial24,2023-10,0.0,0.0
joint_interaction_residual_4h_trial24,2023-11,0.0,0.0
joint_interaction_residual_4h_trial24,2023-12,0.0,0.0
joint_interaction_residual_4h_trial24,2024-01,0.0,0.0
joint_interaction_residual_4h_trial24,2024-02,0.0,0.0
joint_interaction_residual_4h_trial24,2024-03,0.0,0.0
joint_interaction_residual_4h_trial24,2024-04,0.0,0.0
joint_interaction_residual_4h_trial24,2024-05,0.0,0.0
joint_interaction_residual_4h_trial24,2024-06,0.0,0.0
joint_interaction_residual_4h_trial24,2024-07,0.0,0.0
joint_interaction_residual_4h_trial24,2024-08,0.0,0.0
joint_interaction_residual_4h_trial24,2024-09,0.0,0.0
joint_interaction_residual_4h_trial24,2024-10,0.0,0.0
joint_interaction_residual_4h_trial24,2024-11,0.0,0.0
joint_interaction_residual_4h_trial24,2024-12,0.0,0.0
joint_interaction_residual_4h_trial24,2025-01,0.0,0.0
joint_interaction_residual_4h_trial24,2025-02,0.0,0.0
joint_interaction_residual_4h_trial24,2025-03,0.0,0.0
joint_interaction_residual_4h_trial24,2025-04,0.0,0.0
joint_interaction_residual_4h_trial24,2025-05,0.0,0.0
joint_interaction_residual_4h_trial24,2025-06,0.0,0.0
joint_interaction_residual_4h_trial24,2025-07,0.0,0.0
joint_interaction_residual_4h_trial24,2025-08,0.0,0.0
joint_interaction_residual_4h_trial24,2025-09,0.0,0.0
joint_interaction_residual_4h_trial24,2025-10,0.0,0.0
joint_interaction_residual_4h_trial24,2025-11,0.0,0.0
joint_interaction_residual_4h_trial24,2025-12,0.0,0.0
joint_interaction_residual_4h_trial24,2026-01,0.0,0.0
joint_interaction_residual_4h_trial24,2026-02,0.0,0.0
joint_interaction_residual_4h_trial24,2026-03,0.0,0.0
joint_interaction_residual_4h_trial24,2026-04,0.0,0.0
joint_interaction_residual_4h_trial24,2026-05,0.0,0.0
joint_interaction_residual_4h_trial24,2026-06,0.0,0.0
joint_interaction_residual_4h_trial24,2026-07,0.0,0.0
joint_interaction_residual_4h_trial24,2026-08,0.0,0.0
joint_interaction_residual_4h_trial24,2026-09,0.0,0.0
joint_12h_trial19,2023-01,0.0,0.0
joint_12h_trial19,2023-02,0.0,0.0
joint_12h_trial19,2023-03,0.0,0.0
joint_12h_trial19,2023-04,0.0,0.0
joint_12h_trial19,2023-05,0.0,0.0
joint_12h_trial19,2023-06,0.0,0.0
joint_12h_trial19,2023-07,0.0,0.0
joint_12h_trial19,2023-08,0.0,0.0
joint_12h_trial19,2023-09,0.0,0.0
joint_12h_trial19,2023-10,0.0,0.0
joint_12h_trial19,2023-11,0.0,0.0
joint_12h_trial19,2023-12,0.0,0.0
joint_12h_trial19,2024-01,0.0,0.0
joint_12h_trial19,2024-02,0.0,0.0
joint_12h_trial19,2024-03,0.0,0.0
joint_12h_trial19,2024-04,0.0,0.0
joint_12h_trial19,2024-05,0.0,0.0
joint_12h_trial19,2024-06,0.0,0.0
joint_12h_trial19,2024-07,0.0,0.0
joint_12h_trial19,2024-08,0.0,0.0
joint_12h_trial19,2024-09,0.0,0.0
joint_12h_trial19,2024-10,0.0,0.0
joint_12h_trial19,2024-11,0.0,0.0
joint_12h_trial19,2024-12,0.0,0.0
joint_12h_trial19,2025-01,0.0,0.0
joint_12h_trial19,2025-02,0.0,0.0
joint_12h_trial19,2025-03,0.0,0.0
joint_12h_trial19,2025-04,0.0,0.0
joint_12h_trial19,2025-05,0.0,0.0
joint_12h_trial19,2025-06,0.0,0.0
joint_12h_trial19,2025-07,0.0,0.0
joint_12h_trial19,2025-08,0.0,0.0
joint_12h_trial19,2025-09,0.0,0.0
joint_12h_trial19,2025-10,0.0,0.0
joint_12h_trial19,2025-11,0.0,0.0
joint_12h_trial19,2025-12,0.0,0.0
joint_12h_trial19,2026-01,0.0,0.0
joint_12h_trial19,2026-02,0.0,0.0
joint_12h_trial19,2026-03,0.0,0.0
joint_12h_trial19,2026-04,0.0,0.0
joint_12h_trial19,2026-05,0.0,0.0
joint_12h_trial19,2026-06,0.0,0.0
joint_12h_trial19,2026-07,0.0,0.0
joint_12h_trial19,2026-08,0.0,0.0
joint_12h_trial19,2026-09,0.0,0.0
joint_interaction_4h_trial20,2023-01,0.0,0.0
joint_interaction_4h_trial20,2023-02,0.0,0.0
joint_interaction_4h_trial20,2023-03,0.0,0.0
joint_interaction_4h_trial20,2023-04,0.0,0.0
joint_interaction_4h_trial20,2023-05,0.0,0.0
joint_interaction_4h_trial20,2023-06,0.0,0.0
joint_interaction_4h_trial20,2023-07,0.0,0.0
joint_interaction_4h_trial20,2023-08,0.0,0.0
joint_interaction_4h_trial20,2023-09,0.0,0.0
joint_interaction_4h_trial20,2023-10,0.0,0.0
joint_interaction_4h_trial20,2023-11,0.0,0.0
joint_interaction_4h_trial20,2023-12,0.0,0.0
joint_interaction_4h_trial20,2024-01,0.0,0.0
joint_interaction_4h_trial20,2024-02,0.0,0.0
joint_interaction_4h_trial20,2024-03,0.0,0.0
joint_interaction_4h_trial20,2024-04,0.0,0.0
joint_interaction_4h_trial20,2024-05,0.0,0.0
joint_interaction_4h_trial20,2024-06,0.0,0.0
joint_interaction_4h_trial20,2024-07,0.0,0.0
joint_interaction_4h_trial20,2024-08,0.0,0.0
joint_interaction_4h_trial20,2024-09,0.0,0.0
joint_interaction_4h_trial20,2024-10,0.0,0.0
joint_interaction_4h_trial20,2024-11,0.0,0.0
joint_interaction_4h_trial20,2024-12,0.0,0.0
joint_interaction_4h_trial20,2025-01,0.0,0.0
joint_interaction_4h_trial20,2025-02,0.0,0.0
joint_interaction_4h_trial20,2025-03,0.0,0.0
joint_interaction_4h_trial20,2025-04,0.0,0.0
joint_interaction_4h_trial20,2025-05,0.0,0.0
joint_interaction_4h_trial20,2025-06,0.0,0.0
joint_interaction_4h_trial20,2025-07,0.0,0.0
joint_interaction_4h_trial20,2025-08,0.0,0.0
joint_interaction_4h_trial20,2025-09,0.0,0.0
joint_interaction_4h_trial20,2025-10,0.0,0.0
joint_interaction_4h_trial20,2025-11,0.0,0.0
joint_interaction_4h_trial20,2025-12,0.0,0.0
joint_interaction_4h_trial20,2026-01,0.0,0.0
joint_interaction_4h_trial20,2026-02,0.0,0.0
joint_interaction_4h_trial20,2026-03,0.0,0.0
joint_interaction_4h_trial20,2026-04,0.0,0.0
joint_interaction_4h_trial20,2026-05,0.0,0.0
joint_interaction_4h_trial20,2026-06,0.0,0.0
joint_interaction_4h_trial20,2026-07,0.0,0.0
joint_interaction_4h_trial20,2026-08,0.0,0.0
joint_interaction_4h_trial20,2026-09,0.0,0.0
joint_interaction_12h_trial23,2023-01,0.0,0.0
joint_interaction_12h_trial23,2023-02,0.0,0.0
joint_interaction_12h_trial23,2023-03,0.0,0.0
joint_interaction_12h_trial23,2023-04,0.0,0.0
joint_interaction_12h_trial23,2023-05,0.0,0.0
joint_interaction_12h_trial23,2023-06,0.0,0.0
joint_interaction_12h_trial23,2023-07,0.0,0.0
joint_interaction_12h_trial23,2023-08,0.0,0.0
joint_interaction_12h_trial23,2023-09,0.0,0.0
joint_interaction_12h_trial23,2023-10,0.0,0.0
joint_interaction_12h_trial23,2023-11,0.0,0.0
joint_interaction_12h_trial23,2023-12,0.0,0.0
joint_interaction_12h_trial23,2024-01,0.0,0.0
joint_interaction_12h_trial23,2024-02,0.0,0.0
joint_interaction_12h_trial23,2024-03,0.0,0.0
joint_interaction_12h_trial23,2024-04,0.0,0.0
joint_interaction_12h_trial23,2024-05,0.0,0.0
joint_interaction_12h_trial23,2024-06,0.0,0.0
joint_interaction_12h_trial23,2024-07,0.0,0.0
joint_interaction_12h_trial23,2024-08,0.0,0.0
joint_interaction_12h_trial23,2024-09,0.0,0.0
joint_interaction_12h_trial23,2024-10,0.0,0.0
joint_interaction_12h_trial23,2024-11,0.0,0.0
joint_interaction_12h_trial23,2024-12,0.0,0.0
joint_interaction_12h_trial23,2025-01,0.0,0.0
joint_interaction_12h_trial23,2025-02,0.0,0.0
joint_interaction_12h_trial23,2025-03,0.0,0.0
joint_interaction_12h_trial23,2025-04,0.0,0.0
joint_interaction_12h_trial23,2025-05,0.0,0.0
joint_interaction_12h_trial23,2025-06,0.0,0.0
joint_interaction_12h_trial23,2025-07,0.0,0.0
joint_interaction_12h_trial23,2025-08,0.0,0.0
joint_interaction_12h_trial23,2025-09,0.0,0.0
joint_interaction_12h_trial23,2025-10,0.0,0.0
joint_interaction_12h_trial23,2025-11,0.0,0.0
joint_interaction_12h_trial23,2025-12,0.0,0.0
joint_interaction_12h_trial23,2026-01,0.0,0.0
joint_interaction_12h_trial23,2026-02,0.0,0.0
joint_interaction_12h_trial23,2026-03,0.0,0.0
joint_interaction_12h_trial23,2026-04,0.0,0.0
joint_interaction_12h_trial23,2026-05,0.0,0.0
joint_interaction_12h_trial23,2026-06,0.0,0.0
joint_interaction_12h_trial23,2026-07,0.0,0.0
joint_interaction_12h_trial23,2026-08,0.0,0.0
joint_interaction_12h_trial23,2026-09,0.0,0.0
F4_12h_trial14,2023-01,0.0,0.0
F4_12h_trial14,2023-02,0.0,0.0
F4_12h_trial14,2023-03,0.0,0.0
F4_12h_trial14,2023-04,0.0,0.0
F4_12h_trial14,2023-05,0.0,0.0
F4_12h_trial14,2023-06,0.0,0.0
F4_12h_trial14,2023-07,0.0,0.0
F4_12h_trial14,2023-08,0.0,0.0
F4_12h_trial14,2023-09,0.0,0.0
F4_12h_trial14,2023-10,0.0,0.0
F4_12h_trial14,2023-11,0.0,0.0
F4_12h_trial14,2023-12,0.0,0.0
F4_12h_trial14,2024-01,0.0,0.0
F4_12h_trial14,2024-02,0.0,0.0
F4_12h_trial14,2024-03,0.0,0.0
F4_12h_trial14,2024-04,0.0,0.0
F4_12h_trial14,2024-05,0.0,0.0
F4_12h_trial14,2024-06,0.0,0.0
F4_12h_trial14,2024-07,0.0,0.0
F4_12h_trial14,2024-08,0.0,0.0
F4_12h_trial14,2024-09,0.0,0.0
F4_12h_trial14,2024-10,0.0,0.0
F4_12h_trial14,2024-11,0.0,0.0
F4_12h_trial14,2024-12,0.0,0.0
F4_12h_trial14,2025-01,0.0,0.0
F4_12h_trial14,2025-02,0.0,0.0
F4_12h_trial14,2025-03,0.0,0.0
F4_12h_trial14,2025-04,0.0,0.0
F4_12h_trial14,2025-05,0.0,0.0
F4_12h_trial14,2025-06,0.0,0.0
F4_12h_trial14,2025-07,0.0,0.0
F4_12h_trial14,2025-08,0.0,0.0
F4_12h_trial14,2025-09,0.0,0.0
F4_12h_trial14,2025-10,0.0,0.0
F4_12h_trial14,2025-11,0.0,0.0
F4_12h_trial14,2025-12,0.0,0.0
F4_12h_trial14,2026-01,0.0,0.0
F4_12h_trial14,2026-02,0.0,0.0
F4_12h_trial14,2026-03,0.0,0.0
F4_12h_trial14,2026-04,0.0,0.0
F4_12h_trial14,2026-05,0.0,0.0
F4_12h_trial14,2026-06,0.0,0.0
F4_12h_trial14,2026-07,0.0,0.0
F4_12h_trial14,2026-08,0.0,0.0
F4_12h_trial14,2026-09,0.0,0.0
old_nonlinear_12h_trial7,2023-01,0.0,0.0
old_nonlinear_12h_trial7,2023-02,0.0,0.0
old_nonlinear_12h_trial7,2023-03,0.0,0.0
old_nonlinear_12h_trial7,2023-04,0.0,0.0
old_nonlinear_12h_trial7,2023-05,0.0,0.0
old_nonlinear_12h_trial7,2023-06,0.0,0.0
old_nonlinear_12h_trial7,2023-07,0.0,0.0
old_nonlinear_12h_trial7,2023-08,0.0,0.0
old_nonlinear_12h_trial7,2023-09,0.0,0.0
old_nonlinear_12h_trial7,2023-10,0.0,0.0
old_nonlinear_12h_trial7,2023-11,0.0,0.0
old_nonlinear_12h_trial7,2023-12,0.0,0.0
old_nonlinear_12h_trial7,2024-01,0.0,0.0
old_nonlinear_12h_trial7,2024-02,0.0,0.0
old_nonlinear_12h_trial7,2024-03,0.0,0.0
old_nonlinear_12h_trial7,2024-04,0.0,0.0
old_nonlinear_12h_trial7,2024-05,0.0,0.0
old_nonlinear_12h_trial7,2024-06,0.0,0.0
old_nonlinear_12h_trial7,2024-07,0.0,0.0
old_nonlinear_12h_trial7,2024-08,0.0,0.0
old_nonlinear_12h_trial7,2024-09,0.0,0.0
old_nonlinear_12h_trial7,2024-10,0.0,0.0
old_nonlinear_12h_trial7,2024-11,0.0,0.0
old_nonlinear_12h_trial7,2024-12,0.0,0.0
old_nonlinear_12h_trial7,2025-01,0.0,0.0
old_nonlinear_12h_trial7,2025-02,0.0,0.0
old_nonlinear_12h_trial7,2025-03,0.0,0.0
old_nonlinear_12h_trial7,2025-04,0.0,0.0
old_nonlinear_12h_trial7,2025-05,0.0,0.0
old_nonlinear_12h_trial7,2025-06,0.0,0.0
old_nonlinear_12h_trial7,2025-07,0.0,0.0
old_nonlinear_12h_trial7,2025-08,0.0,0.0
old_nonlinear_12h_trial7,2025-09,0.0,0.0
old_nonlinear_12h_trial7,2025-10,0.0,0.0
old_nonlinear_12h_trial7,2025-11,0.0,0.0
old_nonlinear_12h_trial7,2025-12,0.0,0.0
old_nonlinear_12h_trial7,2026-01,0.0,0.0
old_nonlinear_12h_trial7,2026-02,0.0,0.0
old_nonlinear_12h_trial7,2026-03,0.0,0.0
old_nonlinear_12h_trial7,2026-04,0.0,0.0
old_nonlinear_12h_trial7,2026-05,0.0,0.0
old_nonlinear_12h_trial7,2026-06,0.0,0.0
old_nonlinear_12h_trial7,2026-07,0.0,0.0
old_nonlinear_12h_trial7,2026-08,0.0,0.0
old_nonlinear_12h_trial7,2026-09,0.0,0.0
F3_12h_trial11,2023-01,0.0,0.0
F3_12h_trial11,2023-02,0.0,0.0
F3_12h_trial11,2023-03,0.0,0.0
F3_12h_trial11,2023-04,0.0,0.0
F3_12h_trial11,2023-05,0.0,0.0
F3_12h_trial11,2023-06,0.0,0.0
F3_12h_trial11,2023-07,-0.007865730958345196,-0.005561023439133044
F3_12h_trial11,2023-08,-0.009660054773885651,-0.009658670321480345
F3_12h_trial11,2023-09,0.0,0.0
F3_12h_trial11,2023-10,-0.06787814295873273,-0.06781211300749887
F3_12h_trial11,2023-11,-0.10751509227764355,-0.10729688213106879
F3_12h_trial11,2023-12,-0.24284625430649465,-0.24292291162994664
F3_12h_trial11,2024-01,0.08742471568390364,0.08743567678359424
F3_12h_trial11,2024-02,-0.3124925330479478,-0.3128706756457199
F3_12h_trial11,2024-03,-0.34368874941879124,-0.34364825145698935
F3_12h_trial11,2024-04,-0.07477705830356562,-0.07477366014398396
F3_12h_trial11,2024-05,0.0,0.0
F3_12h_trial11,2024-06,0.0,0.0
F3_12h_trial11,2024-07,0.0,0.0
F3_12h_trial11,2024-08,0.0,0.0
F3_12h_trial11,2024-09,0.0,0.0
F3_12h_trial11,2024-10,0.0,0.0
F3_12h_trial11,2024-11,-0.001595830921663488,-0.001591363049365938
F3_12h_trial11,2024-12,0.0,0.0
F3_12h_trial11,2025-01,0.0,0.0
F3_12h_trial11,2025-02,0.0,0.0
F3_12h_trial11,2025-03,0.0,0.0
F3_12h_trial11,2025-04,0.0,0.0
F3_12h_trial11,2025-05,0.0,0.0
F3_12h_trial11,2025-06,0.0,0.0
F3_12h_trial11,2025-07,0.0,0.0
F3_12h_trial11,2025-08,0.0,0.0
F3_12h_trial11,2025-09,0.0,0.0
F3_12h_trial11,2025-10,0.0,0.0
F3_12h_trial11,2025-11,0.0,0.0
F3_12h_trial11,2025-12,0.0,0.0
F3_12h_trial11,2026-01,0.0,0.0
F3_12h_trial11,2026-02,0.0,0.0
F3_12h_trial11,2026-03,0.0,0.0
F3_12h_trial11,2026-04,0.0,0.0
F3_12h_trial11,2026-05,0.0,0.0
F3_12h_trial11,2026-06,0.0,0.0
F3_12h_trial11,2026-07,0.0,0.0
F3_12h_trial11,2026-08,0.0,0.0
F3_12h_trial11,2026-09,0.0,0.0
