round,Index,trial,kind,horizon_hours,penalty,objective,mean_incremental_ic,positive_gain_folds,mean_loss_gain_fraction,id,signal_scale,validation_incremental_ic,validation_net_return_pct,validation_net_sum_pct,validation_price_gross_pct,validation_funding_pct,validation_fee_pct,validation_sharpe,validation_max_drawdown_pct,validation_mean_abs_position,validation_turnover,validation_positive_asset_share,validation_break_even_bps,discovery_net_return_pct,discovery_net_sum_pct,discovery_price_gross_pct,discovery_funding_pct,discovery_fee_pct,discovery_sharpe,discovery_max_drawdown_pct,discovery_mean_abs_position,discovery_turnover,discovery_positive_asset_share,discovery_break_even_bps,fit_parameters,discovery_gain_ci_low,discovery_gain_ci_high,nonoverlap_incremental_ic,research_role,nonoverlap_status,reused_from_trial
round1,29,29,pool,12,10.0,0.0022595430862582,0.0507123726054333,4,0.0030162643961923,pool_12h_trial29,0.0009968829268262,0.0456056502974883,-4.450860135302149,-4.525743023983418,0.571533687955357,0.0693228746857928,5.166599586624568,-3.87227547063994,-4.91667953404622,0.1417587448735472,129.1649896656142,0.25,0.496153457914731,-21.749810823044967,-24.39266925294721,-1.5252372943935757,-0.2821784735840759,22.585253484969563,-2.7384358649627454,-24.72007960576369,0.1560442295612633,564.631337124239,0.0833333333333333,-0.3201054651311278,149,0.0012805920045022,0.0053520107042991,,information_not_tradable,invalid historical epoch-unit claim; source preserved,
round1,33,33,old,12,10.0,0.0013685754321537,0.0402695960551034,2,0.002113993522552,old_12h_trial33,0.0009991202235593,0.0536152368836851,-3.3656901466184386,-3.399561099833577,1.4158024822838386,0.067536723611751,4.882900305729168,-3.1912351921364555,-3.88718706564698,0.1225540630814966,122.0725076432292,0.1666666666666666,1.215129626263448,-26.823219623746297,-31.09577482963785,-8.644653098149988,-0.2893046980079487,22.16181703347992,-3.489256445135517,-28.90253953278862,0.1527791551488854,554.0454258369981,0.0833333333333333,-1.612495542700561,89,0.0002247052989383,0.0047779955901314,,information_not_tradable,invalid historical epoch-unit claim; source preserved,
round1,14,14,F6,4,0.1,-3.192025125216356e-05,0.0036255173734324,2,-9.723445538028768e-06,F6_4h_trial14,8.105554197304548e-05,-0.0015127159776868,-5.161814203668246,-5.297336897984823,0.0982047824028401,-0.0068553357496789,5.388686344637984,-11.66717867438419,-5.218111677794912,0.0594650192744992,134.7171586159496,0.0,0.0678083234471856,-20.65780269081081,-23.12346075452921,4.482121468652764,-0.0349838489930975,27.570598374188883,-8.11917971317481,-20.679625684819925,0.0524328092507491,689.2649593547219,0.0,0.6452000147843002,109,-4.609422542650938e-05,5.65738384372013e-05,,unsupported_or_unstable,invalid historical epoch-unit claim; source preserved,
round1,15,15,F6,12,0.1,-4.281834519721561e-05,0.0012757114960021,1,-3.1682849601582486e-05,F6_12h_trial15,0.0001010098208848,3.0696977586006786e-05,-4.733957829163327,-4.847367021467095,0.0221284613958928,-0.005589925639097,4.863905557223892,-11.145089273970058,-4.790642069029072,0.0561246912188057,121.59763893059728,0.0,0.0136010336238808,-21.951033970659186,-24.76496149413849,3.3409451661873395,-0.0470262795084467,28.058880380817385,-8.319418371949778,-22.06010165901277,0.0561833720587766,701.4720095204347,0.0,0.469572390911335,109,-2.785081986219828e-05,3.268217233334976e-05,,information_not_tradable,invalid historical epoch-unit claim; source preserved,
round1,12,12,F5,4,0.1,-0.0003332493414196,0.000253712921978,1,-0.000247503949176,F5_4h_trial12,0.0001699588398073,0.0096470411712979,-5.320464193490071,-5.4623793155317175,2.060265072437132,0.0188635819880408,7.541507969956891,-9.006646675468035,-5.358479347270206,0.0856013643556969,188.53769924892225,0.0833333333333333,1.102765474866724,-32.89952081915367,-39.83804498848945,1.2763131389044975,0.1807995988805951,41.29515772627455,-7.396390230987087,-33.13284349174055,0.1137988955853557,1032.3789431568634,0.0,0.1411412686633704,109,-0.0004247348966491,-4.937763801284272e-05,,information_not_tradable,invalid historical epoch-unit claim; source preserved,
round1,13,13,F5,12,0.1,-0.0003347106793621,-0.0052216468232187,1,-0.0002825583747725,F5_12h_trial13,0.0002362429408498,0.0128559549377274,-6.889579923192479,-7.13123678870182,1.756396399522923,0.0260389052444759,8.913672093469218,-9.877201754039652,-6.951311530657723,0.1079553265464048,222.8418023367304,0.0,0.7998657729728859,-37.09051250476472,-46.27594314536643,-4.803004718593649,0.0500213420519992,41.522959768824784,-7.424860682710648,-37.2486054725314,0.1243304530948212,1038.0739942206194,0.0833333333333333,-0.4578655667133021,109,-0.0004312174672704,-0.0001186206099668,,unsupported_or_unstable,invalid historical epoch-unit claim; source preserved,
round1,22,22,pool,4,0.1,-0.0003858503181868,0.0191596326358889,2,-9.891373837580452e-05,pool_4h_trial22,0.000471478942793,0.0027153595474771,-7.158147421831373,-7.399675629607638,-0.5696247515888329,0.0541038290292882,6.884154707048095,-5.068978940013897,-7.42747974499115,0.1834657953454956,172.10386767620238,0.3333333333333333,-0.2995405794885736,-4.827713666168276,-4.813239674299901,23.75783526315086,0.3128285441918866,28.88390348164264,-0.5612237742160417,-11.192308664106845,0.167503080111544,722.0975870410662,0.4166666666666667,3.3334363996391296,149,-0.0009643772275834,0.0004691523775966,,information_not_tradable,invalid historical epoch-unit claim; source preserved,
round1,24,24,F8,4,0.1,-0.0005002655632904,0.0017043121163073,2,-0.0003623108047954,F8_4h_trial24,0.0002226356388362,0.0046016342833111,-4.291806843069612,-4.377118150294105,0.1475201008506227,-0.0192385039064546,4.5053997472382745,-6.653120798576042,-4.364911933404536,0.0649543234580547,112.63499368095682,0.1666666666666666,0.1138914228623574,-29.47748215478787,-34.864543242280405,-3.281128283340389,-0.1871355733920861,31.39627938554793,-6.207207157044054,-29.49357657296202,0.0996671432189465,784.9069846386983,0.0,-0.4418694093197498,377,-0.000505292459975,-0.0001102801632757,,information_not_tradable,invalid historical epoch-unit claim; source preserved,
round1,25,25,F8,12,0.1,-0.0006659981397874,-0.0056343268432654,1,-0.0005042347113465,F8_12h_trial25,0.0003928362334073,0.0021019450532345,-3.1303233321703594,-3.1772142362442977,-0.0987162578368395,-0.0108055339799883,3.0676924444274687,-7.450784390143677,-3.1862292100703797,0.0487018281420375,76.69231111068672,0.0833333333333333,-0.1428067432454341,-29.08862152391093,-34.314445457820504,-6.61918496429232,-0.1674303804179806,27.5278301131102,-6.246868336427706,-29.216869792866863,0.0931915187746544,688.1957528277553,0.0,-0.9861460662645044,377,-0.0007776804491067,-0.0002594900842308,,unsupported_or_unstable,invalid historical epoch-unit claim; source preserved,
round1,16,16,F7,4,0.1,-0.0009018983522724,-0.0023739452523289,0,-0.0007347385499425,F7_4h_trial16,0.000319088830321,0.0039759548537215,-4.1200019367993,-4.199595168742642,-0.0725583925925244,-0.0157347788323145,4.111301997317803,-5.493066211129911,-4.377362226007431,0.104257094676571,102.78254993294507,0.1666666666666666,-0.0859028808707714,-29.360535960114987,-34.66313107125632,-8.934825051186797,0.1276612374333338,25.85596725750286,-5.071435422305825,-29.44068239760612,0.1395826479126874,646.3991814375713,0.0,-1.3624961272640552,153,-0.0012229589716405,-0.0004021216379503,,unsupported_or_unstable,invalid historical epoch-unit claim; source preserved,
round1,6,6,F2,4,0.1,-0.0009020968618921,-0.0056705264484504,0,-0.0007808863189674,F2_4h_trial6,0.0002620625779091,0.0063744743775272,-4.466251751764627,-4.560198146429196,1.4535002327163526,-0.0344393062427448,5.979259072902803,-5.250375501699911,-5.161317483382577,0.1118118213233673,149.48147682257004,0.25,0.9493222549292778,-35.49458387924249,-43.74837946913512,-9.71121571821342,-0.00268284872367,34.03448090219802,-6.09785814109816,-35.514553502363256,0.1540583854940902,850.8620225549507,0.0,-1.1416537945563017,137,-0.0012007675783985,-0.0003239329590955,,unsupported_or_unstable,invalid historical epoch-unit claim; source preserved,
round1,7,7,F2,12,0.1,-0.0017372829760371,-0.00898554182066,0,-0.0015187517755318,F2_12h_trial7,0.0006347207227617,0.005991587478136,-3.309989582098949,-3.357870764076548,1.4557999360708018,-0.0160406405653828,4.797630059581967,-3.7601926932198415,-3.909421510003364,0.1153867591055148,119.94075148954916,0.1666666666666666,1.2003920916160593,-29.4228512369051,-34.74006431526581,-6.525294914734925,0.045748391604091,28.26051779213498,-4.644229542861178,-29.906906907337884,0.1678003767929372,706.5129448033746,0.0,-0.91711646202521,137,-0.0025831871923011,-0.0006702223675173,,unsupported_or_unstable,invalid historical epoch-unit claim; source preserved,
round1,4,4,F1,4,0.1,-0.0017811524990029,-0.0006871242862646,1,-0.0013934803978535,F1_4h_trial4,0.0004413640875903,0.0051994174718634,-4.865362363177328,-4.98105535332328,0.1386596380669437,-0.042947587264052,5.076767404126172,-6.939549213147854,-4.888813171695694,0.0962532073717871,126.91918510315428,0.25,0.0754118069109104,-29.038361187075388,-34.21197008181319,-5.439612457053228,-0.0788872580724211,28.693470366687546,-4.804465786884032,-29.08481825389606,0.129580193533275,717.3367591671886,0.1666666666666666,-0.7693039070704392,197,-0.0018486942181299,-0.000506579440322,,unsupported_or_unstable,invalid historical epoch-unit claim; source preserved,
round1,10,10,F4,4,0.1,-0.0018332897930225,0.0032083945026337,0,-0.0014711147165573,F4_4h_trial10,0.0004747593377476,0.0001518462280322,-5.54348395184272,-5.686533659510275,-0.8546023229035667,0.0137934603523135,4.845724796959022,-4.794995281453279,-6.121605286796772,0.1596214248132604,121.14311992397556,0.25,-0.6940624140099002,-21.958878643052454,-24.665596499086,-2.9727818623563675,0.3065741495426857,21.99938878627232,-2.9951637328920624,-22.757821313137583,0.1836103146360359,549.984719656808,0.1666666666666666,-0.484778507024232,163,-0.0022891682541943,-0.000788394174767,,information_not_tradable,invalid historical epoch-unit claim; source preserved,
round1,17,17,F7,12,0.1,-0.0018953307396289,-0.007188684395848,1,-0.0015848502156383,F7_12h_trial17,0.000709898581065,0.0103729373060911,-3.2539408894311617,-3.301474774905873,0.5490735798337256,0.0070159936145562,3.857564348354156,-4.326003491999667,-3.510568890947785,0.1018694746516183,96.4391087088539,0.4166666666666667,0.5766224728674088,-25.4258902482172,-29.23137501778301,-4.638642633831633,0.0769150532297932,24.66964743718117,-4.276228613686471,-25.524369865113997,0.1491342921274708,616.7411859295294,0.0833333333333333,-0.7396502268170357,153,-0.0027359447757819,-0.0006338812527686,,unsupported_or_unstable,invalid historical epoch-unit claim; source preserved,
round1,8,8,F3,4,0.1,-0.0019191475981944,0.0041612510861547,0,-0.0016122416408979,F3_4h_trial8,0.0004649114726875,0.0018951849378277,-5.907585282389327,-6.078570925488951,0.0304737758170416,-0.023193557969126,6.0858511433368685,-6.815189047826796,-6.081766197154604,0.1023561297101005,152.14627858342172,0.1666666666666666,0.0047850121052575,-26.84621720810172,-31.18621136575392,-0.8913019115903389,0.1902120054160272,30.485121459579613,-5.16843755641637,-27.463165980211656,0.116899222758142,762.1280364894902,0.1666666666666666,-0.0919910923896289,241,-0.0021626744457335,-0.000991753116182,,information_not_tradable,invalid historical epoch-unit claim; source preserved,
round1,5,5,F1,12,0.1,-0.0022802405188038,-0.0028745876954459,0,-0.0018424748674821,F1_12h_trial5,0.0009636406627532,-0.0035122680429207,-3.8545768336814,-3.9200627933319847,0.34306290964109,-0.0267728248844179,4.236352878088658,-4.75012439880167,-3.922921879933383,0.1080892985165813,105.9088219522164,0.0833333333333333,0.2986437568905966,-26.099150370625942,-30.14241750584458,-6.741619167677586,-0.055456592923274,23.345341745243704,-4.0805345599625005,-26.3476635117776,0.1375027228262233,583.6335436310926,0.0833333333333333,-1.1646136235269584,197,-0.0029432968915619,-0.0006332480905122,,unsupported_or_unstable,invalid historical epoch-unit claim; source preserved,
round1,9,9,F3,12,0.1,-0.0022966759565773,-0.0018717266281908,0,-0.0019533228308549,F3_12h_trial9,0.0008376020948866,0.0075764193185617,-4.847786201289461,-4.961041838969016,1.0464654167787732,-0.028402965891673,5.979104289856117,-5.970244366160369,-4.989440019631164,0.1055307921774382,149.4776072464029,0.1666666666666666,0.6810802431489946,-26.5051886580484,-30.72226061420328,-0.1860346452709505,0.1282763664069852,30.664502335339307,-5.366344302390668,-27.418987667400497,0.1231853181572647,766.6125583834828,0.0833333333333333,-0.0075342202827667,241,-0.0027045221785469,-0.0013928374830148,,unsupported_or_unstable,invalid historical epoch-unit claim; source preserved,
round1,18,18,joint,4,0.1,-0.0023943864026923,0.0047288742009758,0,-0.0019571632973454,joint_4h_trial18,0.0005597705204236,0.006592619600497,-4.89804666852759,-5.013449035267231,0.9191905268002784,0.0020658093940412,5.934705371461551,-5.961174242788314,-5.387200781288637,0.1229095737914635,148.36763428653876,0.3333333333333333,0.6209281024290783,-26.48294652809733,-30.665795975691,-2.9304978024540294,0.3963406915984104,28.13163886483539,-4.089478059323222,-26.92061337899233,0.1541349254846415,703.2909716208848,0.1666666666666666,-0.3603284007777195,217,-0.0030083919203549,-0.0010563199091506,,information_not_tradable,invalid historical epoch-unit claim; source preserved,
round1,20,20,joint_interaction,4,0.1,-0.0028374246974777,0.0041595912465962,0,-0.0023679645249662,joint_interaction_4h_trial20,0.0006141160819145,0.0041503603897125,-5.3684493320214415,-5.510599682964956,0.4575335903103893,0.0025968535006277,5.970730126775973,-6.9032825139540055,-5.876745839269127,0.1175108068132923,149.2682531693993,0.0833333333333333,0.308257405068465,-26.59909604251013,-30.827701168409185,-2.1244519571008347,0.3151115277450368,29.018360739053385,-4.092791513634789,-27.34186113342869,0.1491298499468288,725.4590184763346,0.1666666666666666,-0.2494062908137685,283,-0.0032328348740142,-0.0013854259331314,,information_not_tradable,invalid historical epoch-unit claim; source preserved,
round1,2,2,old_nonlinear,4,0.1,-0.0035028501858812,0.0005233605750847,0,-0.0030445914748524,old_nonlinear_4h_trial2,0.0006493244367357,0.0122438846531519,-4.505346537092303,-4.603520339118257,1.517151316404153,0.0231626850638041,6.1438343405862135,-5.656949710798991,-4.547228741573939,0.0972603164828793,153.5958585146553,0.3333333333333333,1.0028356339575315,-30.663249181220497,-36.51915418475703,-3.319195922932408,0.1482545876371725,33.3482128494618,-4.6947862766829385,-30.902505224689524,0.136589160948312,833.7053212365454,0.0,-0.3803431805607429,281,-0.0037854706579068,-0.0018584794448024,,information_not_tradable,invalid historical epoch-unit claim; source preserved,
round1,11,11,F4,12,0.1,-0.0042490715185252,0.0027670082446662,0,-0.003555757490812,F4_12h_trial11,0.0012865927280082,-0.0106790318248546,-6.334584814461774,-6.529303073872381,-2.334350309137694,0.0111427178088985,4.206095482543587,-5.755742918384035,-6.724921821230934,0.1586020910548385,105.15238706358966,0.1666666666666666,-2.209372184697874,-23.617708551819817,-26.809434139513694,-4.992811880528149,0.1748883339049108,21.991510592890457,-3.108084146022271,-23.991268703176416,0.1846175236755656,549.7877648222615,0.0833333333333333,-0.8763242572669482,163,-0.0058267255807612,-0.0020127850743429,,unsupported_or_unstable,invalid historical epoch-unit claim; source preserved,
round1,19,19,joint,12,0.1,-0.0049494745404331,-0.005004895843388,0,-0.0042082438297313,joint_12h_trial19,0.0012345204096233,0.0028840859096202,-5.125513208611087,-5.251870665768023,0.1199752121453159,0.0162090494896302,5.38805492740297,-6.126320139024368,-5.498055784056655,0.1257368590331191,134.70137318507426,0.25,0.1011008710711764,-27.60368053316742,-32.19407955026853,-5.075904034423536,0.2916115347451176,27.40978705059012,-3.9035614043048463,-27.908212522410142,0.1607272641792465,685.2446762647526,0.1666666666666666,-0.6981874745466756,217,-0.0062476182923219,-0.0027344676082482,,unsupported_or_unstable,invalid historical epoch-unit claim; source preserved,
round1,21,21,joint_interaction,12,0.1,-0.0054084669993889,-0.00404549109455,0,-0.0045919911458476,joint_interaction_12h_trial21,0.0013275825544167,0.0010936897727535,-5.494541801704966,-5.642571642700084,0.2630775872782473,0.0036387233347956,5.909287953313126,-6.525938674207341,-5.716244278509064,0.1244199925030831,147.73219883282815,0.1666666666666666,0.1805404053552711,-27.661224800505316,-32.277853258702066,-4.278416166504995,0.2445827018746995,28.244019794071768,-4.003931724077106,-28.103619148407358,0.1567176449853445,706.1004948517943,0.1666666666666666,-0.5712831946785378,283,-0.0066028935963154,-0.0030557268514546,,unsupported_or_unstable,invalid historical epoch-unit claim; source preserved,
round1,3,3,old_nonlinear,12,0.1,-0.0059563669028061,-0.0008974951078792,0,-0.0048513368457952,old_nonlinear_12h_trial3,0.0013917279627917,0.011399238305525,-5.258047737962491,-5.3937245762823744,0.6009146650179048,0.0230463845805243,6.017685625880804,-6.112872602409984,-5.260777629439617,0.1085111382569763,150.4421406470201,0.25,0.4147515097265324,-24.589971301059165,-28.13156694875253,2.6779340980018325,0.208856277579628,31.018357324333984,-3.889562750998568,-25.29690229078896,0.136530663324442,775.4589331083498,0.0833333333333333,0.3722686337508614,281,-0.0071914597131521,-0.0029205170755757,,unsupported_or_unstable,invalid historical epoch-unit claim; source preserved,
round2,23,23,pool,12,0.1,0.0014726564383542,0.0588497354503315,3,0.0018250610866597,pool_12h_trial23,0.0004607122190789,0.0113766636580303,-9.423709741356934,-9.882902560100934,-0.0531065903541645,0.0061328096977779,9.835928779444547,-7.682370547719429,-9.516571349642044,0.08979969602093,245.89821948611367,0.25,-0.0191029364728846,-11.925477705365472,-12.641159020084134,2.0667742270161864,0.0478290636121745,14.755762310712496,-2.061457709886166,-12.46174621465206,0.0336498484130543,368.8940577678123,0.25,0.5732277997167755,275,0.0009594001134662,0.0024449482242279,,information_not_tradable,invalid historical epoch-unit claim; source preserved,
round2,45,45,seed_OLD,12,0.1,0.0003073757204889,0.0211471331859,4,0.0003535818665588,seed_OLD_12h_trial45,0.000252948510016,0.0035907399935053,-0.7403352538864039,-0.7415539093843729,0.5082539109446154,-0.0093404483710629,1.2404673719579256,-1.9643259324721043,-1.1396679829544063,0.0077762567689435,31.011684298948143,0.4166666666666667,1.6087918919981865,-4.035912403136366,-4.099332279684568,-0.4753960984812836,-0.0063228737329429,3.61761330747034,-1.456193224652024,-4.264659392333103,0.0070287767765716,90.44033268675852,0.3333333333333333,-0.5326373288371988,216,0.0001925265989293,0.0005051056212278,,information_not_tradable,invalid historical epoch-unit claim; source preserved,
round2,22,22,pool,4,0.1,0.0003042503695756,0.0344334593910327,3,0.0004093208942887,pool_4h_trial22,8.012480805917614e-05,0.0081369442771942,0.178073372522558,0.1784175281300932,0.7518206024357993,0.0017825908506431,0.5751856651563493,0.9404885378336212,-0.3014856482848715,0.0025235273956141,14.37964162890873,0.5,5.240764775190251,-0.0702791109339351,-0.0695662576289713,0.1937311731816534,0.0042433465661011,0.2675407773767258,-0.103809471153181,-0.3978028543996426,0.0001944206159751,6.688519434418147,0.5,2.959915444500415,275,0.0001969669383801,0.0005219898082018,,provisional_incremental_alpha,invalid historical epoch-unit claim; source preserved,
round2,46,46,seed_F4,12,0.01,0.000261942788001,0.023693758632431,3,0.000348088673115,seed_F4_12h_trial46,0.0002704698411066,0.0008200641231082,-2.376068055928504,-2.400243833722989,-0.5562167052340792,0.0084461285700696,1.8524732570589797,-3.535334790281332,-2.683222215410974,0.0250058844942231,46.31183142647448,0.25,-1.1827875508090413,-4.238622792463409,-4.299640289331099,0.04758918737355,0.0074505454321727,4.3546800221368205,-1.0329477408558292,-4.606473326691585,0.0140495808829899,108.8670005534205,0.4166666666666667,0.0505568560959068,216,3.8263246903836375e-05,0.0006693274338081,,information_not_tradable,invalid historical epoch-unit claim; source preserved,
round2,42,42,seed_F4,4,0.1,0.0001040967371098,0.0153706324974113,3,0.0001302756734648,seed_F4_4h_trial42,8.640006742416423e-05,0.004486688214359,-0.0516875288477769,-0.0516839351363747,-0.0071845996684808,8.916392991686409e-05,0.0445884993978107,-2.142883583879067,-0.0851478219930479,0.0002690964245574,1.1147124849452683,0.3333333333333333,-0.6365260849224609,-0.707105221879123,-0.7087825311982415,-0.6017942857323096,-0.0002205911604398,0.1067676543054919,-1.06557371395374,-0.8447952942028825,0.0002323433143533,2.6691913576372994,0.4166666666666667,-22.55420448482337,216,-4.47656484098627e-06,0.0002680543340754,,information_not_tradable,invalid historical epoch-unit claim; source preserved,
round2,8,8,F3,4,0.1,3.303862691092692e-05,0.0086988801040704,2,4.557685211729494e-05,F3_4h_trial8,3.237723435298696e-05,-0.0035646026151041,0.0233541908789991,0.0233599512005163,0.0292415718129659,0.0,0.0058816206124496,1.3064362598054986,-0.0195623100212039,3.5495419582759345e-06,0.1470405153112421,0.1666666666666666,19.886744650663157,0.1022988539061797,0.1025008339542715,0.1223911321934601,0.0003389833705066,0.0202292816096952,0.8278887461499038,-0.1905246767736623,3.720154575031867e-06,0.5057320402423817,0.3333333333333333,24.26781492925504,567,5.912360878491292e-07,7.382410956063342e-05,,unsupported_or_unstable,invalid historical epoch-unit claim; source preserved,
round2,30,30,F3_natural,4,0.1,2.8175336626307484e-05,0.0104033920391063,2,3.759895462378738e-05,F3_natural_4h_trial30,3.680975734311718e-05,-0.0042026624630386,-0.0476380619248706,-0.0476272162191151,-0.0290347447799321,0.0,0.018592471439183,-1.0207336899188135,-0.0722271364588023,2.3878192198143703e-05,0.4648117859795753,0.75,-6.246559501227454,0.0623929962250358,0.0628085077969657,0.1004076414024762,0.0003390262609104,0.037938159866421,0.231485615392331,-0.1937151767502754,1.460986670444085e-05,0.948453996660526,0.6666666666666666,10.622198653610225,305,1.954286673142138e-05,7.57167239951962e-05,,unsupported_or_unstable,invalid historical epoch-unit claim; source preserved,
round2,44,44,seed_OLD,4,0.1,2.6243790010543653e-05,0.0104684836278229,3,3.578599734954534e-05,seed_OLD_4h_trial44,3.93336321672961e-05,0.0003023583979456,0.0,0.0,0.0,0.0,0.0,0.0,0.0,0.0,0.0,0.0,0.0,0.0,0.0,0.0,0.0,0.0,0.0,0.0,0.0,0.0,0.0,0.0,216,-4.607592272494318e-07,8.725720741557951e-05,,information_not_tradable,invalid historical epoch-unit claim; source preserved,
round2,20,20,joint_interaction,4,0.1,9.1267479707969e-06,0.0062978025912316,2,1.2597763594408642e-05,joint_interaction_4h_trial20,1.725461824905284e-05,0.0022831450567492,0.0,0.0,0.0,0.0,0.0,0.0,0.0,0.0,0.0,0.0,0.0,0.0,0.0,0.0,0.0,0.0,0.0,0.0,0.0,0.0,0.0,0.0,409,-1.7153959031993427e-05,3.5362118961597054e-05,,information_not_tradable,invalid historical epoch-unit claim; source preserved,
round2,31,31,F3_natural,12,0.1,7.046504257695104e-06,0.0044390826131657,4,8.614586800347915e-06,F3_natural_12h_trial31,4.3096909897126817e-05,0.0010204680470198,0.0,0.0,0.0,0.0,0.0,0.0,0.0,0.0,0.0,0.0,0.0,0.161191130689664,0.1611207152642113,0.1734403157185479,0.0,0.0123196004543365,0.7759047929160763,-0.0557871551507216,1.899494645147535e-05,0.3079900113584148,0.25,56.31361710517018,305,-2.1251348600325347e-05,1.7968638643086113e-05,,information_not_tradable,invalid historical epoch-unit claim; source preserved,
round2,28,28,F3_order2,4,0.1,6.871688828334901e-06,0.0045912053542204,3,1.1337888847825236e-05,F3_order2_4h_trial28,3.284221467471127e-05,0.003301443258811,0.0,0.0,0.0,0.0,0.0,0.0,0.0,0.0,0.0,0.0,0.0,0.0,0.0,0.0,0.0,0.0,0.0,0.0,0.0,0.0,0.0,0.0,347,-7.3448300912938e-06,4.646873226577834e-05,,information_not_tradable,invalid historical epoch-unit claim; source preserved,
round2,18,18,joint,4,0.1,1.9309676548497515e-06,0.0069752843495433,2,3.193392453403918e-06,joint_4h_trial18,6.536896634415409e-06,0.0040887512300802,0.0,0.0,0.0,0.0,0.0,0.0,0.0,0.0,0.0,0.0,0.0,0.0,0.0,0.0,0.0,0.0,0.0,0.0,0.0,0.0,0.0,0.0,343,-6.084483693111043e-06,1.3925124615236873e-05,,information_not_tradable,invalid historical epoch-unit claim; source preserved,
round2,27,27,F3_order1,12,0.1,5.062247412650165e-07,0.0039835411230138,2,9.049935514457384e-06,F3_order1_12h_trial27,0.0001369391393731,0.0076029572965011,0.0,0.0,0.0,0.0,0.0,0.0,0.0,0.0,0.0,0.0,0.0,-0.3178665719764995,-0.3138646620891798,0.2430794182414923,0.0029814849456249,0.5599255652762972,-0.3382457101141783,-1.1616263937320737,0.0007772040229325,13.998139131907427,0.4166666666666667,1.75781152672104,269,-7.23418740327098e-05,6.115291412962696e-05,,information_not_tradable,invalid historical epoch-unit claim; source preserved,
round2,40,40,F5_diagonal,4,0.1,0.0,0.0,0,0.0,F5_diagonal_4h_trial40,1e-08,,0.0,0.0,0.0,0.0,0.0,0.0,0.0,0.0,0.0,0.0,0.0,0.0,0.0,0.0,0.0,0.0,0.0,0.0,0.0,0.0,0.0,0.0,223,0.0,0.0,,unsupported_or_unstable,invalid historical epoch-unit claim; source preserved,
round2,57,57,old,12,1.0,0.0,0.0,0,0.0,old_12h_trial57,1e-08,,0.0,0.0,0.0,0.0,0.0,0.0,0.0,0.0,0.0,0.0,0.0,0.0,0.0,0.0,0.0,0.0,0.0,0.0,0.0,0.0,0.0,0.0,107,0.0,0.0,,unsupported_or_unstable,invalid historical epoch-unit claim; source preserved,
round2,5,5,F1,12,0.1,0.0,0.0,0,0.0,F1_12h_trial5,1e-08,,0.0,0.0,0.0,0.0,0.0,0.0,0.0,0.0,0.0,0.0,0.0,0.0,0.0,0.0,0.0,0.0,0.0,0.0,0.0,0.0,0.0,0.0,431,0.0,0.0,,unsupported_or_unstable,invalid historical epoch-unit claim; source preserved,
round2,6,6,F2,4,0.1,0.0,0.0,0,0.0,F2_4h_trial6,1e-08,,0.0,0.0,0.0,0.0,0.0,0.0,0.0,0.0,0.0,0.0,0.0,0.0,0.0,0.0,0.0,0.0,0.0,0.0,0.0,0.0,0.0,0.0,263,0.0,0.0,,unsupported_or_unstable,invalid historical epoch-unit claim; source preserved,
round2,7,7,F2,12,0.1,0.0,0.0,0,0.0,F2_12h_trial7,1e-08,,0.0,0.0,0.0,0.0,0.0,0.0,0.0,0.0,0.0,0.0,0.0,0.0,0.0,0.0,0.0,0.0,0.0,0.0,0.0,0.0,0.0,0.0,263,0.0,0.0,,unsupported_or_unstable,invalid historical epoch-unit claim; source preserved,
round2,10,10,F4,4,0.1,0.0,0.0,0,0.0,F4_4h_trial10,1e-08,0.0094666213849167,0.0,0.0,0.0,0.0,0.0,0.0,0.0,0.0,0.0,0.0,0.0,0.0,0.0,0.0,0.0,0.0,0.0,0.0,0.0,0.0,0.0,0.0,289,0.0,0.0,,unsupported_or_unstable,invalid historical epoch-unit claim; source preserved,
round2,15,15,F6,12,0.1,0.0,0.0,0,0.0,F6_12h_trial15,8.887257956016687e-05,0.0022980687365849,0.0,0.0,0.0,0.0,0.0,0.0,0.0,0.0,0.0,0.0,0.0,-0.084386379855228,-0.0843188470508582,-0.0733719420421406,0.0,0.0109469050087176,-0.894470700482506,-0.1025531508295651,7.15838255162236e-06,0.2736726252179402,0.4166666666666667,-26.810113720256314,235,-1.2129694140420733e-05,2.666204272350522e-05,,unsupported_or_unstable,invalid historical epoch-unit claim; source preserved,
round2,16,16,F7,4,0.1,0.0,0.0,0,0.0,F7_4h_trial16,1e-08,,0.0,0.0,0.0,0.0,0.0,0.0,0.0,0.0,0.0,0.0,0.0,0.0,0.0,0.0,0.0,0.0,0.0,0.0,0.0,0.0,0.0,0.0,279,0.0,0.0,,unsupported_or_unstable,invalid historical epoch-unit claim; source preserved,
round2,17,17,F7,12,0.1,0.0,0.0,0,0.0,F7_12h_trial17,1e-08,,0.0,0.0,0.0,0.0,0.0,0.0,0.0,0.0,0.0,0.0,0.0,0.0,0.0,0.0,0.0,0.0,0.0,0.0,0.0,0.0,0.0,0.0,279,0.0,0.0,,unsupported_or_unstable,invalid historical epoch-unit claim; source preserved,
round2,25,25,F8,12,0.1,0.0,0.0,0,0.0,F8_12h_trial25,1e-08,,0.0,0.0,0.0,0.0,0.0,0.0,0.0,0.0,0.0,0.0,0.0,0.0,0.0,0.0,0.0,0.0,0.0,0.0,0.0,0.0,0.0,0.0,503,0.0,0.0,,unsupported_or_unstable,invalid historical epoch-unit claim; source preserved,
round2,19,19,joint,12,0.1,0.0,0.0,0,0.0,joint_12h_trial19,1e-08,,0.0,0.0,0.0,0.0,0.0,0.0,0.0,0.0,0.0,0.0,0.0,0.0,0.0,0.0,0.0,0.0,0.0,0.0,0.0,0.0,0.0,0.0,343,0.0,0.0,,unsupported_or_unstable,invalid historical epoch-unit claim; source preserved,
round2,41,41,F5_diagonal,12,0.1,0.0,0.0,0,0.0,F5_diagonal_12h_trial41,1e-08,,0.0,0.0,0.0,0.0,0.0,0.0,0.0,0.0,0.0,0.0,0.0,0.0,0.0,0.0,0.0,0.0,0.0,0.0,0.0,0.0,0.0,0.0,223,0.0,0.0,,unsupported_or_unstable,invalid historical epoch-unit claim; source preserved,
round2,24,24,F8,4,0.1,0.0,0.0,0,0.0,F8_4h_trial24,4.500167835168758e-06,-0.0008829604649247,0.0,0.0,0.0,0.0,0.0,0.0,0.0,0.0,0.0,0.0,0.0,0.0,0.0,0.0,0.0,0.0,0.0,0.0,0.0,0.0,0.0,0.0,503,-4.085263444249133e-06,6.760857548975733e-06,,unsupported_or_unstable,invalid historical epoch-unit claim; source preserved,
round2,0,0,old,4,0.1,0.0,0.0,0,0.0,old_4h_trial0,1e-08,,0.0,0.0,0.0,0.0,0.0,0.0,0.0,0.0,0.0,0.0,0.0,0.0,0.0,0.0,0.0,0.0,0.0,0.0,0.0,0.0,0.0,0.0,107,0.0,0.0,,unsupported_or_unstable,invalid historical epoch-unit claim; source preserved,
round2,37,37,F2_energy,12,0.1,0.0,0.0,0,0.0,F2_energy_12h_trial37,1e-08,,0.0,0.0,0.0,0.0,0.0,0.0,0.0,0.0,0.0,0.0,0.0,0.0,0.0,0.0,0.0,0.0,0.0,0.0,0.0,0.0,0.0,0.0,231,0.0,0.0,,unsupported_or_unstable,invalid historical epoch-unit claim; source preserved,
round2,36,36,F2_energy,4,0.1,0.0,0.0,0,0.0,F2_energy_4h_trial36,1e-08,,0.0,0.0,0.0,0.0,0.0,0.0,0.0,0.0,0.0,0.0,0.0,0.0,0.0,0.0,0.0,0.0,0.0,0.0,0.0,0.0,0.0,0.0,231,0.0,0.0,,unsupported_or_unstable,invalid historical epoch-unit claim; source preserved,
round2,35,35,F1_composition,12,0.1,0.0,0.0,0,0.0,F1_composition_12h_trial35,1e-08,,0.0,0.0,0.0,0.0,0.0,0.0,0.0,0.0,0.0,0.0,0.0,0.0,0.0,0.0,0.0,0.0,0.0,0.0,0.0,0.0,0.0,0.0,251,0.0,0.0,,unsupported_or_unstable,invalid historical epoch-unit claim; source preserved,
round2,34,34,F1_composition,4,0.1,0.0,0.0,0,0.0,F1_composition_4h_trial34,1e-08,,0.0,0.0,0.0,0.0,0.0,0.0,0.0,0.0,0.0,0.0,0.0,0.0,0.0,0.0,0.0,0.0,0.0,0.0,0.0,0.0,0.0,0.0,251,0.0,0.0,,unsupported_or_unstable,invalid historical epoch-unit claim; source preserved,
round2,21,21,joint_interaction,12,0.1,0.0,0.0,0,0.0,joint_interaction_12h_trial21,1e-08,,0.0,0.0,0.0,0.0,0.0,0.0,0.0,0.0,0.0,0.0,0.0,0.0,0.0,0.0,0.0,0.0,0.0,0.0,0.0,0.0,0.0,0.0,409,0.0,0.0,,unsupported_or_unstable,invalid historical epoch-unit claim; source preserved,
round2,12,12,F5,4,0.1,-2.5768922589643433e-08,-7.258965920804997e-05,0,-1.7982340669846748e-08,F5_4h_trial12,1e-08,,0.0,0.0,0.0,0.0,0.0,0.0,0.0,0.0,0.0,0.0,0.0,0.0,0.0,0.0,0.0,0.0,0.0,0.0,0.0,0.0,0.0,0.0,235,0.0,0.0,,unsupported_or_unstable,invalid historical epoch-unit claim; source preserved,
round2,13,13,F5,12,0.1,-5.866026620230704e-07,-0.0047615225959864,0,-4.093492411117444e-07,F5_12h_trial13,1e-08,,0.0,0.0,0.0,0.0,0.0,0.0,0.0,0.0,0.0,0.0,0.0,0.0,0.0,0.0,0.0,0.0,0.0,0.0,0.0,0.0,0.0,0.0,235,0.0,0.0,,unsupported_or_unstable,invalid historical epoch-unit claim; source preserved,
round2,4,4,F1,4,0.1,-1.406833440598167e-06,0.0055110268364866,2,3.926406662945101e-06,F1_4h_trial4,1.944035589111785e-05,0.0049416376541943,0.0,0.0,0.0,0.0,0.0,0.0,0.0,0.0,0.0,0.0,0.0,0.0,0.0,0.0,0.0,0.0,0.0,0.0,0.0,0.0,0.0,0.0,431,-1.772410435703845e-05,2.8638791002900003e-05,,information_not_tradable,invalid historical epoch-unit claim; source preserved,
round2,2,2,old_nonlinear,4,0.1,-1.5289819377876844e-06,-0.0065513908451019,0,-1.0669702618607237e-06,old_nonlinear_4h_trial2,3.7476322991065655e-06,0.010715246850451,0.0,0.0,0.0,0.0,0.0,0.0,0.0,0.0,0.0,0.0,0.0,0.0,0.0,0.0,0.0,0.0,0.0,0.0,0.0,0.0,0.0,0.0,407,-8.379732510516244e-06,1.910944666734712e-06,,unsupported_or_unstable,invalid historical epoch-unit claim; source preserved,
round2,33,33,F3_activity,12,0.1,-6.571807685165376e-06,-0.0055219753785494,0,-5.033548814608864e-06,F3_activity_12h_trial33,7.373021571131203e-05,0.0070987126069188,0.0,0.0,0.0,0.0,0.0,0.0,0.0,0.0,0.0,0.0,0.0,-0.3920303471275477,-0.3925508597358728,-0.1051755678529554,-0.0021733883291243,0.2852019035537929,-1.2086804710115528,-0.4346437140348769,0.0007088608528581,7.130047588844823,0.3333333333333333,-1.5055854094162084,277,-0.0001153467390197,2.4541233685097983e-05,,unsupported_or_unstable,invalid historical epoch-unit claim; source preserved,
round2,11,11,F4,12,0.1,-8.455484724167185e-06,0.0047449577415558,2,1.5178540412825464e-06,F4_12h_trial11,5.6618434555484064e-05,0.0053834529986673,0.0,0.0,0.0,0.0,0.0,0.0,0.0,0.0,0.0,0.0,0.0,-0.0358009445685203,-0.0357296118345396,-0.0205992185481101,-0.0013387283511103,0.0137916649353191,-0.4113314199951208,-0.1238100689948007,4.984548404563538e-05,0.3447916233829783,0.3333333333333333,-6.362668177368353,289,-6.998989236210261e-05,8.513018802946528e-05,,information_not_tradable,invalid historical epoch-unit claim; source preserved,
round2,29,29,F3_order2,12,0.1,-9.544795128275884e-06,0.0020797364384118,2,2.4689992096623827e-06,F3_order2_12h_trial29,0.000159775679633,0.0004193083147323,0.0,0.0,0.0,0.0,0.0,0.0,0.0,0.0,0.0,0.0,0.0,-0.5998720473186614,-0.5945091824472741,0.629585233948596,0.0107666735002311,1.234861089896101,-0.2654932131734363,-2.500306449243339,0.0013834026317709,30.871527247402536,0.5,2.0742475819776782,347,-0.0001113471498873,8.602602701587816e-05,,information_not_tradable,invalid historical epoch-unit claim; source preserved,
round2,14,14,F6,4,0.1,-1.8375465312834887e-05,0.004080586177693,3,-8.729034387401554e-06,F6_4h_trial14,8.4306424435774e-05,0.0023026978061789,0.0,0.0,0.0,0.0,0.0,0.0,0.0,0.0,0.0,0.0,0.0,0.0368521243789832,0.0370986976048548,0.1375684815359609,0.0008997882621552,0.1013695721932612,0.1766556440570357,-0.1419037725813865,1.7023658294118143e-05,2.534239304831531,0.3333333333333333,5.463898753922971,235,-4.711124705150878e-05,4.827376566388823e-05,,information_not_tradable,invalid historical epoch-unit claim; source preserved,
round2,32,32,F3_activity,4,0.1,-3.6666233076228976e-05,-0.0001310499214456,1,-2.538892099195403e-05,F3_activity_4h_trial32,5.5811627514923295e-05,0.0051053244799306,0.0,0.0,0.0,0.0,0.0,0.0,0.0,0.0,0.0,0.0,0.0,-0.7408871090172964,-0.7425619776324222,-0.4601718684134473,0.0013649256254888,0.2837550348444635,-1.1404009349789566,-0.7961858181350867,0.0003611267781372,7.093875871111589,0.25,-6.467648308541164,277,-0.0001509953577693,-1.090025205390667e-06,,unsupported_or_unstable,invalid historical epoch-unit claim; source preserved,
round2,38,38,F4_occupancy,4,0.1,-4.14340075388145e-05,-0.0043505751469042,0,-2.906933429358027e-05,F4_occupancy_4h_trial38,3.83950483940268e-05,0.0070978457157154,0.0,0.0,0.0,0.0,0.0,0.0,0.0,0.0,0.0,0.0,0.0,-0.0812067575852948,-0.0808429430003501,-0.0530533079759394,-0.0021620930572163,0.0256275419671942,-0.2646209043053504,-0.3961731487455933,5.9552667467427325e-05,0.6406885491798564,0.5,-8.61813452165437,225,-8.918058518726511e-05,1.4357231852144188e-06,,unsupported_or_unstable,invalid historical epoch-unit claim; source preserved,
round2,26,26,F3_order1,4,0.1,-4.28884579339562e-05,-0.0089294084776921,0,-2.992887493413296e-05,F3_order1_4h_trial26,4.029016214056256e-05,,0.0,0.0,0.0,0.0,0.0,0.0,0.0,0.0,0.0,0.0,0.0,-0.1728791653182737,-0.1719870694280932,-0.0869959095217653,0.0,0.0849911599063278,-0.5826096764011569,-0.3701028375029169,3.0358678108021296e-05,2.124778997658197,0.3333333333333333,-4.094350970978488,269,-8.766444562561538e-05,4.658771814200232e-06,,unsupported_or_unstable,invalid historical epoch-unit claim; source preserved,
round2,9,9,F3,12,0.1,-6.295117071958612e-05,0.0031479164313553,2,-3.931784909831986e-05,F3_12h_trial9,0.000186556144626,0.0081550797446471,0.0,0.0,0.0,0.0,0.0,0.0,0.0,0.0,0.0,0.0,0.0,-2.148114023800052,-2.164398346847192,0.4457295818982306,0.0005231768389381,2.610651105584361,-1.153283467813552,-2.6517885424725107,0.003230145763518,65.26627763960904,0.3333333333333333,0.6837417037958134,567,-0.0002276533326439,8.102056482418143e-06,,information_not_tradable,invalid historical epoch-unit claim; source preserved,
round2,39,39,F4_occupancy,12,0.1,-8.812441568325218e-05,0.0034327575894322,2,-5.3372744437696535e-05,F4_occupancy_12h_trial39,0.0001440824406315,0.0013979406491541,-0.0455146883899915,-0.0454579583701513,-0.0173117722847715,-0.0086901414516658,0.019456044633714,-0.9641423848413264,-0.0980217585542342,0.0003534837678252,0.4864011158428504,0.1666666666666666,-5.34577592228185,-1.957322838562059,-1.968044055956168,-0.8527192156380179,0.0091722517715808,1.1244970920897306,-0.7384055564226975,-2.8250237837066483,0.0032921947236069,28.11242730224327,0.25,-3.000619458424087,225,-0.0002395417291974,6.068389520952672e-05,,information_not_tradable,invalid historical epoch-unit claim; source preserved,
round2,3,3,old_nonlinear,12,0.1,-9.814075239681651e-05,-0.0003668437982662,1,-7.357420027762154e-05,old_nonlinear_12h_trial3,7.438168766446466e-05,0.0095322799921554,0.0,0.0,0.0,0.0,0.0,0.0,0.0,0.0,0.0,0.0,0.0,0.0782435172873574,0.0784528554301377,0.1544606616452118,-0.0006252387435031,0.0753825674715708,0.278213773437862,-0.1564805477515918,0.0001192310135406,1.884564186789272,0.4166666666666667,8.162917664470621,407,-0.0001464257022782,1.8510911904068347e-05,,unsupported_or_unstable,invalid historical epoch-unit claim; source preserved,
round3,23,23,pool,12,10.0,0.0008971303828633,0.0669752821746637,3,0.0010633149559894,pool_12h_trial23,0.000206744883388,0.0105924969882477,-0.7538994167408775,-0.7559034512903527,-0.2484430526794199,0.0026201982788241,0.5100805968897568,-2.225792044464382,-0.803588936340871,0.0059197031096677,12.75201492224392,0.25,-1.9277177442115117,-4.045578743475453,-4.11097562306773,-1.8764732648475373,0.0161854118888987,2.2506877701090917,-1.223360436371415,-4.495542030724387,0.0062197307292698,56.267194252727286,0.3333333333333333,-3.3061677904234044,275,0.000621960002095,0.001348451436421,,information_not_tradable,invalid historical epoch-unit claim; source preserved,
round3,61,61,pool,4,0.1,0.0003042503695756,0.0344334593910327,3,0.0004093208942887,pool_4h_trial61,8.012480805917614e-05,0.0081369442771942,0.178073372522558,0.1784175281300932,0.7518206024357993,0.0017825908506431,0.5751856651563493,0.9404885378336212,-0.3014856482848715,0.0025235273956141,14.37964162890873,0.5,5.240764775190251,-0.0702791109339351,-0.0695662576289713,0.1937311731816534,0.0042433465661011,0.2675407773767258,-0.103809471153181,-0.3978028543996426,0.0001944206159751,6.688519434418147,0.5,2.959915444500415,275,0.0001969669383801,0.0005219898082018,,provisional_incremental_alpha,invalid historical epoch-unit claim; source preserved,
round3,43,43,seed_F4,12,10.0,3.8566545360190014e-05,0.027161106305666,2,5.16276106679284e-05,seed_F4_12h_trial43,2.7780226329096057e-05,0.0010204997518048,0.0,0.0,0.0,0.0,0.0,0.0,0.0,0.0,0.0,0.0,0.0,0.0,0.0,0.0,0.0,0.0,0.0,0.0,0.0,0.0,0.0,0.0,216,2.386652203012729e-05,9.936230756363286e-05,,information_not_tradable,invalid historical epoch-unit claim; source preserved,
round3,30,30,F3_natural,4,10.0,3.172581373373172e-05,0.0124985751099199,2,4.25620685642347e-05,F3_natural_4h_trial30,3.1007318766191106e-05,-0.0064885008898978,0.0,0.0,0.0,0.0,0.0,0.0,0.0,0.0,0.0,0.0,0.0,0.1326352165065714,0.1329488484756629,0.1761654883058211,0.0003388281357321,0.0435554679658903,0.6203896551109721,-0.1595622247850037,1.2593111870886549e-05,1.0888866991472594,0.3333333333333333,16.20961267869092,305,1.4815075058236912e-05,7.18317539565704e-05,,unsupported_or_unstable,invalid historical epoch-unit claim; source preserved,
round3,20,20,joint_interaction,4,10.0,2.783137283982314e-05,0.0088974933249957,3,3.410487648193557e-05,joint_interaction_4h_trial20,3.122665342892033e-05,-0.0024949402769271,0.0,0.0,0.0,0.0,0.0,0.0,0.0,0.0,0.0,0.0,0.0,0.0927525778813498,0.0927335472121738,0.0988243769433961,0.0,0.0060908297312222,0.6331927357564295,-0.0030648262764887,8.659388812213024e-07,0.1522707432805573,0.25,64.90043642941518,409,-3.7790909032755967e-06,6.973530636774973e-05,,unsupported_or_unstable,invalid historical epoch-unit claim; source preserved,
round3,45,45,seed_OLD,12,10.0,2.5957469929770128e-05,0.0245757527950648,2,3.5007707833118574e-05,seed_OLD_12h_trial45,2.136771477847537e-05,0.0038169100968285,0.0,0.0,0.0,0.0,0.0,0.0,0.0,0.0,0.0,0.0,0.0,0.0,0.0,0.0,0.0,0.0,0.0,0.0,0.0,0.0,0.0,0.0,216,1.3282931513095987e-05,5.312386601219435e-05,,information_not_tradable,invalid historical epoch-unit claim; source preserved,
round3,31,31,F3_natural,12,10.0,2.361125036558347e-05,0.0061599421946416,4,2.6497465244037367e-05,F3_natural_12h_trial31,6.354770930850575e-05,-0.0016378666308146,0.0,0.0,0.0,0.0,0.0,0.0,0.0,0.0,0.0,0.0,0.0,0.2194097484599755,0.2199537804893545,0.297683504397111,0.0009815562970134,0.0787112802047699,0.7709041445109995,-0.2567907534693714,7.323843307987515e-05,1.967782005119248,0.4166666666666667,15.177751393047492,305,-3.282365309528273e-05,3.361515873272193e-05,,unsupported_or_unstable,invalid historical epoch-unit claim; source preserved,
round3,8,8,F3,4,10.0,1.8998070153263004e-05,0.0107008103821503,2,2.643218413518376e-05,F3_4h_trial8,1.6477012970381393e-05,-0.0065394928039872,0.0,0.0,0.0,0.0,0.0,0.0,0.0,0.0,0.0,0.0,0.0,0.0,0.0,0.0,0.0,0.0,0.0,0.0,0.0,0.0,0.0,0.0,567,1.9745740419088188e-06,3.736644650317197e-05,,unsupported_or_unstable,invalid historical epoch-unit claim; source preserved,
round3,14,14,F6,4,10.0,1.6191158897688364e-05,0.0055352806995113,3,1.999748920694641e-05,F6_4h_trial14,2.210192774912374e-05,0.0040728015063452,0.0,0.0,0.0,0.0,0.0,0.0,0.0,0.0,0.0,0.0,0.0,0.0,0.0,0.0,0.0,0.0,0.0,0.0,0.0,0.0,0.0,0.0,235,3.006001078826279e-06,2.498347004966936e-05,,information_not_tradable,invalid historical epoch-unit claim; source preserved,
round3,18,18,joint,4,10.0,1.107368153524035e-05,0.0082033046738383,3,1.5111687340418502e-05,joint_4h_trial18,1.764170035574448e-05,-0.0006148253432126,0.0,0.0,0.0,0.0,0.0,0.0,0.0,0.0,0.0,0.0,0.0,0.0,0.0,0.0,0.0,0.0,0.0,0.0,0.0,0.0,0.0,0.0,343,-7.853552171254435e-06,4.046297608094237e-05,,unsupported_or_unstable,invalid historical epoch-unit claim; source preserved,
round3,24,24,F8,4,10.0,1.0665499750982872e-05,0.0061019196853492,3,1.335678193609352e-05,F8_4h_trial24,1.3598646530120067e-05,0.0010340605075534,0.0,0.0,0.0,0.0,0.0,0.0,0.0,0.0,0.0,0.0,0.0,0.0,0.0,0.0,0.0,0.0,0.0,0.0,0.0,0.0,0.0,0.0,503,-3.7257690055646047e-06,1.976327343032381e-05,,information_not_tradable,invalid historical epoch-unit claim; source preserved,
round3,27,27,F3_order1,12,10.0,8.745746848578204e-06,0.004145309023896,2,1.264818276357828e-05,F3_order1_12h_trial27,3.8258432318863344e-05,-0.003101637140276,0.0,0.0,0.0,0.0,0.0,0.0,0.0,0.0,0.0,0.0,0.0,0.0155254379102354,0.0159174489490657,0.0338005504233103,0.000493202831867,0.0183763043061116,0.0383205853686191,-0.3151673042889769,2.604491174211257e-05,0.4594076076527921,0.3333333333333333,7.464776961441979,269,-1.557884385528481e-05,3.851707220403889e-05,,unsupported_or_unstable,invalid historical epoch-unit claim; source preserved,
round3,44,44,seed_OLD,4,10.0,7.321954784380195e-06,0.0111907746318485,3,8.816810957767434e-06,seed_OLD_4h_trial44,5.189441581646814e-06,0.0004908542916056,0.0,0.0,0.0,0.0,0.0,0.0,0.0,0.0,0.0,0.0,0.0,0.0,0.0,0.0,0.0,0.0,0.0,0.0,0.0,0.0,0.0,0.0,216,1.5046776445354508e-06,1.33909392886441e-05,,information_not_tradable,invalid historical epoch-unit claim; source preserved,
round3,42,42,seed_F4,4,10.0,5.572572450608988e-06,0.0155196648052122,1,9.828390281769023e-06,seed_F4_4h_trial42,9.415668082502418e-06,0.0045805241132557,0.0,0.0,0.0,0.0,0.0,0.0,0.0,0.0,0.0,0.0,0.0,0.0,0.0,0.0,0.0,0.0,0.0,0.0,0.0,0.0,0.0,0.0,216,3.5242723090445265e-06,3.467043532457519e-05,,information_not_tradable,invalid historical epoch-unit claim; source preserved,
round3,15,15,F6,12,10.0,2.0038298576881486e-06,0.0045069082983773,3,3.2197734239228914e-06,F6_12h_trial15,2.360427285543303e-05,0.0039762104541992,0.0,0.0,0.0,0.0,0.0,0.0,0.0,0.0,0.0,0.0,0.0,0.0,0.0,0.0,0.0,0.0,0.0,0.0,0.0,0.0,0.0,0.0,235,7.397722641861012e-06,1.837729787486296e-05,,information_not_tradable,invalid historical epoch-unit claim; source preserved,
round3,26,26,F3_order1,4,10.0,1.992913334832332e-06,0.0029213094890357,2,3.724604435810565e-06,F3_order1_4h_trial26,1.839916514726652e-05,-0.0014222167863881,0.0,0.0,0.0,0.0,0.0,0.0,0.0,0.0,0.0,0.0,0.0,0.0,0.0,0.0,0.0,0.0,0.0,0.0,0.0,0.0,0.0,0.0,269,-1.5160330563228902e-05,2.160077255101787e-05,,unsupported_or_unstable,invalid historical epoch-unit claim; source preserved,
round3,12,12,F5,4,10.0,3.489963758264377e-07,0.0013665828417745,1,7.084586736366184e-07,F5_4h_trial12,1e-08,,0.0,0.0,0.0,0.0,0.0,0.0,0.0,0.0,0.0,0.0,0.0,0.0,0.0,0.0,0.0,0.0,0.0,0.0,0.0,0.0,0.0,0.0,235,0.0,0.0,,unsupported_or_unstable,invalid historical epoch-unit claim; source preserved,
round3,19,19,joint,12,10.0,0.0,0.0,0,0.0,joint_12h_trial19,1e-08,,0.0,0.0,0.0,0.0,0.0,0.0,0.0,0.0,0.0,0.0,0.0,0.0,0.0,0.0,0.0,0.0,0.0,0.0,0.0,0.0,0.0,0.0,343,0.0,0.0,,unsupported_or_unstable,invalid historical epoch-unit claim; source preserved,
round3,10,10,F4,4,10.0,0.0,0.0,0,0.0,F4_4h_trial10,1e-08,0.0096389524059816,0.0,0.0,0.0,0.0,0.0,0.0,0.0,0.0,0.0,0.0,0.0,0.0,0.0,0.0,0.0,0.0,0.0,0.0,0.0,0.0,0.0,0.0,289,0.0,0.0,,unsupported_or_unstable,invalid historical epoch-unit claim; source preserved,
round3,6,6,F2,4,10.0,0.0,0.0,0,0.0,F2_4h_trial6,1e-08,,0.0,0.0,0.0,0.0,0.0,0.0,0.0,0.0,0.0,0.0,0.0,0.0,0.0,0.0,0.0,0.0,0.0,0.0,0.0,0.0,0.0,0.0,263,0.0,0.0,,unsupported_or_unstable,invalid historical epoch-unit claim; source preserved,
round3,7,7,F2,12,10.0,0.0,0.0,0,0.0,F2_12h_trial7,1e-08,,0.0,0.0,0.0,0.0,0.0,0.0,0.0,0.0,0.0,0.0,0.0,0.0,0.0,0.0,0.0,0.0,0.0,0.0,0.0,0.0,0.0,0.0,263,0.0,0.0,,unsupported_or_unstable,invalid historical epoch-unit claim; source preserved,
round3,40,40,F5_diagonal,4,10.0,0.0,0.0,0,0.0,F5_diagonal_4h_trial40,1e-08,,0.0,0.0,0.0,0.0,0.0,0.0,0.0,0.0,0.0,0.0,0.0,0.0,0.0,0.0,0.0,0.0,0.0,0.0,0.0,0.0,0.0,0.0,223,0.0,0.0,,unsupported_or_unstable,invalid historical epoch-unit claim; source preserved,
round3,5,5,F1,12,10.0,0.0,0.0,0,0.0,F1_12h_trial5,1e-08,,0.0,0.0,0.0,0.0,0.0,0.0,0.0,0.0,0.0,0.0,0.0,0.0,0.0,0.0,0.0,0.0,0.0,0.0,0.0,0.0,0.0,0.0,431,0.0,0.0,,unsupported_or_unstable,invalid historical epoch-unit claim; source preserved,
round3,4,4,F1,4,10.0,0.0,0.0,0,0.0,F1_4h_trial4,1e-08,,0.0,0.0,0.0,0.0,0.0,0.0,0.0,0.0,0.0,0.0,0.0,0.0,0.0,0.0,0.0,0.0,0.0,0.0,0.0,0.0,0.0,0.0,431,0.0,0.0,,unsupported_or_unstable,invalid historical epoch-unit claim; source preserved,
round3,56,56,old,4,1.0,0.0,0.0,0,0.0,old_4h_trial56,1e-08,,0.0,0.0,0.0,0.0,0.0,0.0,0.0,0.0,0.0,0.0,0.0,0.0,0.0,0.0,0.0,0.0,0.0,0.0,0.0,0.0,0.0,0.0,107,0.0,0.0,,unsupported_or_unstable,invalid historical epoch-unit claim; source preserved,
round3,2,2,old_nonlinear,4,10.0,0.0,0.0,0,0.0,old_nonlinear_4h_trial2,4.997950084082884e-08,,0.0,0.0,0.0,0.0,0.0,0.0,0.0,0.0,0.0,0.0,0.0,0.0,0.0,0.0,0.0,0.0,0.0,0.0,0.0,0.0,0.0,0.0,407,-1.0123382611044849e-07,-8.704175038281672e-09,,unsupported_or_unstable,invalid historical epoch-unit claim; source preserved,
round3,21,21,joint_interaction,12,10.0,0.0,0.0,0,0.0,joint_interaction_12h_trial21,1e-08,,0.0,0.0,0.0,0.0,0.0,0.0,0.0,0.0,0.0,0.0,0.0,0.0,0.0,0.0,0.0,0.0,0.0,0.0,0.0,0.0,0.0,0.0,409,0.0,0.0,,unsupported_or_unstable,invalid historical epoch-unit claim; source preserved,
round3,41,41,F5_diagonal,12,10.0,0.0,0.0,0,0.0,F5_diagonal_12h_trial41,1e-08,,0.0,0.0,0.0,0.0,0.0,0.0,0.0,0.0,0.0,0.0,0.0,0.0,0.0,0.0,0.0,0.0,0.0,0.0,0.0,0.0,0.0,0.0,223,0.0,0.0,,unsupported_or_unstable,invalid historical epoch-unit claim; source preserved,
round3,39,39,F4_occupancy,12,10.0,0.0,0.0,0,0.0,F4_occupancy_12h_trial39,8.41454203446853e-06,0.011759479623765,0.0,0.0,0.0,0.0,0.0,0.0,0.0,0.0,0.0,0.0,0.0,0.0,0.0,0.0,0.0,0.0,0.0,0.0,0.0,0.0,0.0,0.0,225,-1.201650684553134e-05,8.289832558160893e-06,,unsupported_or_unstable,invalid historical epoch-unit claim; source preserved,
round3,38,38,F4_occupancy,4,10.0,0.0,0.0,0,0.0,F4_occupancy_4h_trial38,1e-08,0.0077936417539225,0.0,0.0,0.0,0.0,0.0,0.0,0.0,0.0,0.0,0.0,0.0,0.0,0.0,0.0,0.0,0.0,0.0,0.0,0.0,0.0,0.0,0.0,225,0.0,0.0,,unsupported_or_unstable,invalid historical epoch-unit claim; source preserved,
round3,17,17,F7,12,10.0,0.0,0.0,0,0.0,F7_12h_trial17,1e-08,,0.0,0.0,0.0,0.0,0.0,0.0,0.0,0.0,0.0,0.0,0.0,0.0,0.0,0.0,0.0,0.0,0.0,0.0,0.0,0.0,0.0,0.0,279,0.0,0.0,,unsupported_or_unstable,invalid historical epoch-unit claim; source preserved,
round3,25,25,F8,12,10.0,0.0,0.0,0,0.0,F8_12h_trial25,1e-08,,0.0,0.0,0.0,0.0,0.0,0.0,0.0,0.0,0.0,0.0,0.0,0.0,0.0,0.0,0.0,0.0,0.0,0.0,0.0,0.0,0.0,0.0,503,0.0,0.0,,unsupported_or_unstable,invalid historical epoch-unit claim; source preserved,
round3,16,16,F7,4,10.0,0.0,0.0,0,0.0,F7_4h_trial16,1e-08,,0.0,0.0,0.0,0.0,0.0,0.0,0.0,0.0,0.0,0.0,0.0,0.0,0.0,0.0,0.0,0.0,0.0,0.0,0.0,0.0,0.0,0.0,279,0.0,0.0,,unsupported_or_unstable,invalid historical epoch-unit claim; source preserved,
round3,1,1,old,12,10.0,0.0,0.0,0,0.0,old_12h_trial1,1e-08,,0.0,0.0,0.0,0.0,0.0,0.0,0.0,0.0,0.0,0.0,0.0,0.0,0.0,0.0,0.0,0.0,0.0,0.0,0.0,0.0,0.0,0.0,107,0.0,0.0,,unsupported_or_unstable,invalid historical epoch-unit claim; source preserved,
round3,34,34,F1_composition,4,10.0,0.0,0.0,0,0.0,F1_composition_4h_trial34,1e-08,,0.0,0.0,0.0,0.0,0.0,0.0,0.0,0.0,0.0,0.0,0.0,0.0,0.0,0.0,0.0,0.0,0.0,0.0,0.0,0.0,0.0,0.0,251,0.0,0.0,,unsupported_or_unstable,invalid historical epoch-unit claim; source preserved,
round3,35,35,F1_composition,12,10.0,0.0,0.0,0,0.0,F1_composition_12h_trial35,1e-08,,0.0,0.0,0.0,0.0,0.0,0.0,0.0,0.0,0.0,0.0,0.0,0.0,0.0,0.0,0.0,0.0,0.0,0.0,0.0,0.0,0.0,0.0,251,0.0,0.0,,unsupported_or_unstable,invalid historical epoch-unit claim; source preserved,
round3,37,37,F2_energy,12,10.0,0.0,0.0,0,0.0,F2_energy_12h_trial37,1e-08,,0.0,0.0,0.0,0.0,0.0,0.0,0.0,0.0,0.0,0.0,0.0,0.0,0.0,0.0,0.0,0.0,0.0,0.0,0.0,0.0,0.0,0.0,231,0.0,0.0,,unsupported_or_unstable,invalid historical epoch-unit claim; source preserved,
round3,13,13,F5,12,10.0,-1.714761713696372e-06,-0.004280711239723,0,-1.196613059627537e-06,F5_12h_trial13,2.9459739673964533e-06,,0.0,0.0,0.0,0.0,0.0,0.0,0.0,0.0,0.0,0.0,0.0,0.0,0.0,0.0,0.0,0.0,0.0,0.0,0.0,0.0,0.0,0.0,235,-2.6162024564672e-06,1.8148363390750865e-06,,unsupported_or_unstable,invalid historical epoch-unit claim; source preserved,
round3,32,32,F3_activity,4,10.0,-7.071196985086231e-06,0.0009839218703175,3,-1.9979373895711378e-06,F3_activity_4h_trial32,3.061985303571081e-05,-0.0005553218356452,0.0,0.0,0.0,0.0,0.0,0.0,0.0,0.0,0.0,0.0,0.0,0.0,0.0,0.0,0.0,0.0,0.0,0.0,0.0,0.0,0.0,0.0,277,-3.27182648815785e-05,1.8075760063714047e-05,,unsupported_or_unstable,invalid historical epoch-unit claim; source preserved,
round3,11,11,F4,12,10.0,-9.212858742162592e-06,0.0047052170337993,2,-4.8217010153081005e-06,F4_12h_trial11,2.400180295674689e-05,0.0013767866058841,0.0,0.0,0.0,0.0,0.0,0.0,0.0,0.0,0.0,0.0,0.0,0.0,0.0,0.0,0.0,0.0,0.0,0.0,0.0,0.0,0.0,0.0,289,-2.8125207834697243e-05,2.987062148087241e-05,,information_not_tradable,invalid historical epoch-unit claim; source preserved,
round3,36,36,F2_energy,4,10.0,-1.0628721069652596e-05,-0.0103696880126202,0,-7.417045958921312e-06,F2_energy_4h_trial36,1.351449242231821e-06,,0.0,0.0,0.0,0.0,0.0,0.0,0.0,0.0,0.0,0.0,0.0,0.0,0.0,0.0,0.0,0.0,0.0,0.0,0.0,0.0,0.0,0.0,231,-3.0486033135757693e-06,-5.776558817351139e-08,,unsupported_or_unstable,invalid historical epoch-unit claim; source preserved,
round3,33,33,F3_activity,12,10.0,-2.185569266132635e-05,0.0018186215873036,3,-1.0044636319489265e-05,F3_activity_12h_trial33,8.643621697202535e-05,-0.0009028892367671,0.0,0.0,0.0,0.0,0.0,0.0,0.0,0.0,0.0,0.0,0.0,0.0125872493680345,0.0132989779786595,0.344840150989696,-0.0070277795737282,0.3245133934373084,0.0292745238718345,-0.4333772285460169,0.0005390875774459,8.11283483593271,0.4166666666666667,4.163925166080749,277,-6.837383366469823e-05,7.432359280135793e-05,,unsupported_or_unstable,invalid historical epoch-unit claim; source preserved,
round3,29,29,F3_order2,12,10.0,-2.2132455134217743e-05,-0.0001390165896435,1,-1.1084588131966669e-05,F3_order2_12h_trial29,8.063187124175427e-05,-0.0071300403200156,0.0,0.0,0.0,0.0,0.0,0.0,0.0,0.0,0.0,0.0,0.0,-0.194855520313697,-0.1945822759189708,-0.1329011234587571,0.0006115627451824,0.0622927152053961,-0.7497975076800409,-0.3116167022099492,6.094130935533677e-05,1.557317880134903,0.25,-8.494705056755341,347,-8.218209100447129e-05,5.471076663226622e-05,,unsupported_or_unstable,invalid historical epoch-unit claim; source preserved,
round3,28,28,F3_order2,4,10.0,-2.344232561581316e-05,0.0037762209695021,3,-1.5540130490852973e-05,F3_order2_4h_trial28,2.277147970743564e-05,-0.0031947990882128,0.0,0.0,0.0,0.0,0.0,0.0,0.0,0.0,0.0,0.0,0.0,0.0,0.0,0.0,0.0,0.0,0.0,0.0,0.0,0.0,0.0,0.0,347,-3.602269170811753e-05,4.26375720531952e-06,,unsupported_or_unstable,invalid historical epoch-unit claim; source preserved,
round3,9,9,F3,12,10.0,-2.543145016886428e-05,0.0021925546307851,2,-1.3810032559751622e-05,F3_12h_trial9,0.000150267323569,0.0007777150522232,0.0,0.0,0.0,0.0,0.0,0.0,0.0,0.0,0.0,0.0,0.0,-1.832444241863207,-1.844822550176259,-0.4568299558839807,-0.0028570825715105,1.385135511720768,-1.4483497450296885,-2.090291131741717,0.0013611859464674,34.6283877930192,0.25,-1.3274861111153444,567,-0.0001308982221414,7.166326321455239e-05,,information_not_tradable,invalid historical epoch-unit claim; source preserved,
round3,3,3,old_nonlinear,12,10.0,-4.897070750484606e-05,0.0034252704564433,2,-2.498365184207445e-05,old_nonlinear_12h_trial3,0.0001075188802728,0.0032785834770915,0.0,0.0,0.0,0.0,0.0,0.0,0.0,0.0,0.0,0.0,0.0,-0.0844397440777133,-0.083529341438041,0.1769269700944794,-0.0001938612432208,0.2602624502892996,-0.1420746031874843,-0.5412497211233824,0.0004569011215683,6.506561257232489,0.25,2.7162290780680447,407,-0.0001040211445041,9.620302229437177e-05,,information_not_tradable,invalid historical epoch-unit claim; source preserved,
round4,71,71,pool,12,1.0,0.0018394128679045,0.0595845681278011,3,0.0022208680567746,pool_12h_trial71,0.0005621306571212,0.0081657251583102,-8.631215337664589,-9.012547664435097,-0.466072012207217,0.0459819514038291,8.592457603631706,-6.77258814667669,-8.792511163168093,0.0872994684240464,214.81144009079267,0.25,-0.1955622385036065,-14.077875884163394,-15.092946657448778,5.61980603018672,0.0855355226418682,20.798288210277367,-2.418273353004372,-14.17308800201299,0.0502532140349389,519.9572052569341,0.3333333333333333,1.0972713706331514,275,0.00114055482312,0.0029562160899489,,information_not_tradable,invalid historical epoch-unit claim; source preserved,70.0
round4,28,28,pool,4,0.1,0.0003188670753435,0.0317787960041257,3,0.0004130027984113,pool_4h_trial28,8.647876107690883e-05,0.0121898327042719,-0.1111580819767477,-0.1109221479340409,0.2014970760835343,0.000562799687874,0.3129820237054493,-0.9260677689430904,-0.2289772020208635,0.0015771648161036,7.824550592636235,0.5833333333333334,2.582383146216334,-0.6345995337315835,-0.6359039432217667,-0.4599463968724818,-0.0005252446760514,0.1754323016732333,-1.0592515026943417,-0.8349612708305809,0.0001214948368405,4.385807541830834,0.1666666666666666,-10.499130140952596,275,0.0001972308144842,0.000555651350547,,information_not_tradable,invalid historical epoch-unit claim; source preserved,
round4,42,42,seed_OLD,12,0.1,0.0002518788055354,0.0206768886500068,4,0.0002982644485013,seed_OLD_12h_trial42,0.0002292838763821,0.0058513531901601,-0.6387418028328318,-0.6398857387372945,0.0097341257952254,-0.0038825161727108,0.6457373483598093,-1.58905068704687,-1.041289082935648,0.0043945672776161,16.143433708995236,0.25,0.0362476145285874,-4.103825464104283,-4.172825175221599,-1.1646878162108332,-0.0135029345890926,2.994634424421673,-1.6334975533021596,-4.278795030570848,0.0057055129509871,74.86586061054182,0.3333333333333333,-1.5737356669536844,216,0.0001408075168961,0.000486125866938,,information_not_tradable,invalid historical epoch-unit claim; source preserved,
round4,38,38,seed_F4,12,0.1,0.0001724163630111,0.0205425923989877,4,0.0002349261566285,seed_F4_12h_trial38,0.0002353304594212,-0.0147392746345717,-1.6069111305591632,-1.6178706956614792,-0.8499044028354037,0.0084267762912261,0.7763930691173017,-3.3447758760154938,-1.6517226463010015,0.0106554583213244,19.409826727932543,0.25,-4.335317560219191,2.3027514127775595,2.295505640987907,4.600447979483549,0.0044998081659513,2.309442146661593,0.6830050897532696,-1.3916355987050433,0.0084572327531414,57.73605366653982,0.6666666666666666,7.975861693363774,216,-0.0001397847198155,0.0006238152854186,,unsupported_or_unstable,invalid historical epoch-unit claim; source preserved,
round4,36,36,seed_F4,4,0.1,6.773137248226871e-05,0.0131812014354883,4,8.827384655261677e-05,seed_F4_4h_trial36,7.602114444599578e-05,-0.0077846975946426,0.0,0.0,0.0,0.0,0.0,0.0,0.0,0.0,0.0,0.0,0.0,-0.0108475666011242,-0.0108135452472291,0.002438576988363,0.0,0.0132521222355922,-0.2647745856122501,-0.0827882539025548,1.4916963263144263e-05,0.3313030558898057,0.3333333333333333,0.7360562919691653,216,-4.293660275262176e-05,0.0001844774334247,,unsupported_or_unstable,invalid historical epoch-unit claim; source preserved,
round4,34,34,seed_F3,12,0.1,4.361091514126736e-05,0.0088838062298123,3,5.658282639668745e-05,seed_F3_12h_trial34,7.139765013571457e-05,0.0032246479687281,-0.0592780907509582,-0.0592433889071451,-0.0237157236637249,0.0015287442137089,0.037056409457129,-2.041680494795392,-0.1220792768667933,8.999560528390212e-05,0.9264102364282264,0.3333333333333333,-2.3949410938676543,-0.0223649386815516,-0.0217757152335717,0.1380016767270512,-0.0026095828149855,0.1571678091456375,-0.0740163527078796,-0.2093836036564322,7.188904350389922e-05,3.929195228640937,0.25,3.4457970661563744,216,2.0467446346405515e-06,4.788700987498752e-05,,information_not_tradable,invalid historical epoch-unit claim; source preserved,
round4,40,40,seed_OLD,4,0.1,2.198536796266978e-05,0.0094897339043437,3,2.814663245287373e-05,seed_OLD_4h_trial40,3.259963240713564e-05,0.002478036558848,0.0,0.0,0.0,0.0,0.0,0.0,0.0,0.0,0.0,0.0,0.0,0.0,0.0,0.0,0.0,0.0,0.0,0.0,0.0,0.0,0.0,0.0,216,-4.97913832334515e-06,8.568234833259151e-05,,information_not_tradable,invalid historical epoch-unit claim; source preserved,
round4,9,9,F3,4,10.0,8.522025829196022e-06,0.0057911724593341,2,1.3250492579127311e-05,F3_4h_trial9,3.108837709425824e-05,-0.0049273198001608,0.0,0.0,0.0,0.0,0.0,0.0,0.0,0.0,0.0,0.0,0.0,0.2154714196273222,0.2153035961167871,0.227321166847184,0.0,0.0120175707303969,0.6331927357564257,-0.0103396720927739,1.7203195028603429e-06,0.3004392682599233,0.4166666666666667,75.6629345304218,567,-1.0708935652734908e-05,5.68343893569657e-05,,unsupported_or_unstable,invalid historical epoch-unit claim; source preserved,
round4,17,17,joint,4,10.0,1.2154645949058214e-06,0.002229228467303,3,1.638480515685706e-06,joint_4h_trial17,4.1767490749782215e-06,-0.0011335282028013,0.0,0.0,0.0,0.0,0.0,0.0,0.0,0.0,0.0,0.0,0.0,0.0,0.0,0.0,0.0,0.0,0.0,0.0,0.0,0.0,0.0,0.0,343,-3.650185548999646e-06,8.704408238669022e-06,,unsupported_or_unstable,invalid historical epoch-unit claim; source preserved,
round4,21,21,joint_interaction,4,10.0,4.963600279949914e-07,0.0014424142754519,2,8.319349195760371e-07,joint_interaction_4h_trial21,9.221438550499713e-06,-0.0045699529495573,0.0,0.0,0.0,0.0,0.0,0.0,0.0,0.0,0.0,0.0,0.0,0.0,0.0,0.0,0.0,0.0,0.0,0.0,0.0,0.0,0.0,0.0,409,-1.1596684179173018e-05,1.3120107362531867e-05,,unsupported_or_unstable,invalid historical epoch-unit claim; source preserved,
round4,25,25,joint_interaction_residual,4,10.0,4.149744469360716e-08,0.0006844985067864,2,5.752950809260339e-08,joint_interaction_residual_4h_trial25,8.071059020016543e-06,-0.0025168620378952,0.0,0.0,0.0,0.0,0.0,0.0,0.0,0.0,0.0,0.0,0.0,0.0,0.0,0.0,0.0,0.0,0.0,0.0,0.0,0.0,0.0,0.0,516,-1.0774418563953258e-05,1.5157105527053108e-05,,unsupported_or_unstable,invalid historical epoch-unit claim; source preserved,
round4,51,51,F7_reference,12,10.0,0.0,0.0,0,0.0,F7_reference_12h_trial51,1e-08,,0.0,0.0,0.0,0.0,0.0,0.0,0.0,0.0,0.0,0.0,0.0,0.0,0.0,0.0,0.0,0.0,0.0,0.0,0.0,0.0,0.0,0.0,279,0.0,0.0,,unsupported_or_unstable,invalid historical epoch-unit claim; source preserved,
round4,18,18,joint,12,0.1,0.0,0.0,0,0.0,joint_12h_trial18,3.865947806924047e-06,,0.0,0.0,0.0,0.0,0.0,0.0,0.0,0.0,0.0,0.0,0.0,0.0,0.0,0.0,0.0,0.0,0.0,0.0,0.0,0.0,0.0,0.0,343,-4.691348113168775e-06,1.3729463890575792e-06,,unsupported_or_unstable,invalid historical epoch-unit claim; source preserved,
round4,12,12,F4,4,0.1,0.0,0.0,0,0.0,F4_4h_trial12,1e-08,,0.0,0.0,0.0,0.0,0.0,0.0,0.0,0.0,0.0,0.0,0.0,0.0,0.0,0.0,0.0,0.0,0.0,0.0,0.0,0.0,0.0,0.0,289,0.0,0.0,,unsupported_or_unstable,invalid historical epoch-unit claim; source preserved,
round4,26,26,joint_interaction_residual,12,0.1,0.0,0.0,0,0.0,joint_interaction_residual_12h_trial26,1e-08,,0.0,0.0,0.0,0.0,0.0,0.0,0.0,0.0,0.0,0.0,0.0,0.0,0.0,0.0,0.0,0.0,0.0,0.0,0.0,0.0,0.0,0.0,516,0.0,0.0,,unsupported_or_unstable,invalid historical epoch-unit claim; source preserved,
round4,63,63,old,12,1.0,0.0,0.0,0,0.0,old_12h_trial63,1e-08,,0.0,0.0,0.0,0.0,0.0,0.0,0.0,0.0,0.0,0.0,0.0,0.0,0.0,0.0,0.0,0.0,0.0,0.0,0.0,0.0,0.0,0.0,107,0.0,0.0,,unsupported_or_unstable,invalid historical epoch-unit claim; source preserved,
round4,5,5,old_nonlinear,4,10.0,0.0,0.0,0,0.0,old_nonlinear_4h_trial5,3.059755284046513e-06,0.0057656678692349,0.0,0.0,0.0,0.0,0.0,0.0,0.0,0.0,0.0,0.0,0.0,0.0,0.0,0.0,0.0,0.0,0.0,0.0,0.0,0.0,0.0,0.0,407,-2.804675037582246e-06,4.545211225531889e-06,,unsupported_or_unstable,invalid historical epoch-unit claim; source preserved,
round4,49,49,F7_reference,4,10.0,0.0,0.0,0,0.0,F7_reference_4h_trial49,1e-08,,0.0,0.0,0.0,0.0,0.0,0.0,0.0,0.0,0.0,0.0,0.0,0.0,0.0,0.0,0.0,0.0,0.0,0.0,0.0,0.0,0.0,0.0,279,0.0,0.0,,unsupported_or_unstable,invalid historical epoch-unit claim; source preserved,
round4,0,0,old,4,0.1,0.0,0.0,0,0.0,old_4h_trial0,1e-08,,0.0,0.0,0.0,0.0,0.0,0.0,0.0,0.0,0.0,0.0,0.0,0.0,0.0,0.0,0.0,0.0,0.0,0.0,0.0,0.0,0.0,0.0,107,0.0,0.0,,unsupported_or_unstable,invalid historical epoch-unit claim; source preserved,
round4,32,32,seed_F3,4,0.1,0.0,0.0,0,0.0,seed_F3_4h_trial32,1.574212376469985e-05,0.0028241333828874,0.0358226863298893,0.0358693810527491,0.0678750565006632,0.002248102019678,0.0342537774675922,0.2965403879512652,-0.0921026062310925,4.068676404460368e-05,0.8563444366898059,0.25,8.188662822567288,0.0,0.0,0.0,0.0,0.0,0.0,0.0,0.0,0.0,0.0,0.0,216,-8.306242114475344e-07,2.7072635906760623e-05,,unsupported_or_unstable,invalid historical epoch-unit claim; source preserved,
round4,45,45,F7_raw,4,10.0,0.0,0.0,0,0.0,F7_raw_4h_trial45,1e-08,,0.0,0.0,0.0,0.0,0.0,0.0,0.0,0.0,0.0,0.0,0.0,0.0,0.0,0.0,0.0,0.0,0.0,0.0,0.0,0.0,0.0,0.0,279,0.0,0.0,,unsupported_or_unstable,invalid historical epoch-unit claim; source preserved,
round4,23,23,joint_interaction,12,10.0,0.0,0.0,0,0.0,joint_interaction_12h_trial23,1e-08,,0.0,0.0,0.0,0.0,0.0,0.0,0.0,0.0,0.0,0.0,0.0,0.0,0.0,0.0,0.0,0.0,0.0,0.0,0.0,0.0,0.0,0.0,409,0.0,0.0,,unsupported_or_unstable,invalid historical epoch-unit claim; source preserved,
round4,47,47,F7_raw,12,10.0,-6.365420172092701e-06,-0.0146305776343013,0,-4.4419844734715135e-06,F7_raw_12h_trial47,4.038373984684148e-06,,0.0,0.0,0.0,0.0,0.0,0.0,0.0,0.0,0.0,0.0,0.0,0.0,0.0,0.0,0.0,0.0,0.0,0.0,0.0,0.0,0.0,0.0,279,-6.5445933241603e-06,4.97113619992373e-07,,unsupported_or_unstable,invalid historical epoch-unit claim; source preserved,
round4,6,6,old_nonlinear,12,0.1,-6.915061893878739e-06,-0.0200215332674143,0,-4.825541242410312e-06,old_nonlinear_12h_trial6,1.188341557951408e-05,,0.0,0.0,0.0,0.0,0.0,0.0,0.0,0.0,0.0,0.0,0.0,0.0,0.0,0.0,0.0,0.0,0.0,0.0,0.0,0.0,0.0,0.0,407,-2.978764175352879e-05,5.259935249181788e-07,,unsupported_or_unstable,invalid historical epoch-unit claim; source preserved,
round4,14,14,F4,12,0.1,-7.880132454258271e-06,0.0048181587557733,2,-1.72812615095775e-06,F4_12h_trial14,2.9986303269656214e-05,-0.0049997778078297,0.0,0.0,0.0,0.0,0.0,0.0,0.0,0.0,0.0,0.0,0.0,0.0,0.0,0.0,0.0,0.0,0.0,0.0,0.0,0.0,0.0,0.0,289,-2.9585509104347776e-05,3.098084616076523e-05,,unsupported_or_unstable,invalid historical epoch-unit claim; source preserved,
round4,11,11,F3,12,10.0,-8.678766178439104e-06,0.0013327174121188,0,-7.4544199312748035e-06,F3_12h_trial11,0.000127167656035,0.0029052216021073,0.0,0.0,0.0,0.0,0.0,0.0,0.0,0.0,0.0,0.0,0.0,-1.07658208938749,-1.078699874667455,-0.3096088580232092,-0.0004573346979381,0.7686336819463075,-1.2723769777607423,-1.4712044358637932,0.0007101673509374,19.215842048657684,0.25,-1.6135966976415013,567,-0.0001032358173546,4.635856830973333e-05,,information_not_tradable,invalid historical epoch-unit claim; source preserved,
round5,71,71,pool,12,1.0,0.0017090398311142,0.0550365829913393,3,0.0020332837751014,pool_12h_trial71,0.0005608536704391,0.0037025054087094,-6.818998674765576,-7.050547155779653,0.674954593722794,0.0559869264427678,7.781488675945212,-5.339080240827096,-6.864645766328925,0.0844539360206016,194.5372168986303,0.1666666666666666,0.3757335135242742,-15.887493450267652,-17.224426255461033,2.2012875726797376,0.1241070504280179,19.54982087856879,-2.683374707633003,-16.13228102863967,0.0498027812455323,488.7455219642197,0.25,0.4757884253879658,275,0.0009973849501723,0.0027090825701263,0.0381537961070509,information_not_tradable,,70.0
round5,28,28,pool,4,0.1,0.0004459489829379,0.0305477393497554,3,0.0005504633154219,pool_4h_trial28,0.0001319530089885,0.0107248653696911,-0.4514921292674834,-0.452028576915755,-0.0034709353364771,0.0019220842030797,0.4504797257823575,-2.2603483998221185,-0.4774091231367072,0.0017902740987165,11.261993144558938,0.3333333333333333,-0.013752904246312,-1.3307932518980436,-1.332692471743404,0.0693396236418817,0.0057105462587578,1.4077426416440435,-0.8452947938865485,-1.652437597097578,0.0012557464435466,35.1935660411011,0.3333333333333333,0.21324968834642,275,0.0002366639261521,0.0006812539933684,0.0237185633114627,information_not_tradable,,
round5,42,42,seed_OLD,12,0.1,0.0002103394206604,0.0169629184020902,4,0.0002495544114311,seed_OLD_12h_trial42,0.0002075350415081,0.0123676602836425,-0.1516255246433617,-0.1508933722145018,0.3448741440389674,0.0119310063834415,0.5076985226369107,-0.6262150263275251,-0.5164610950635695,0.0048209957990689,12.692463065922766,0.3333333333333333,2.8111576812886203,-1.621196654997159,-1.6140912742973987,-0.132797202374934,0.0095145819687272,1.4908086538911929,-0.4844970550687342,-2.197041972618241,0.0044399489954623,37.270216347279806,0.5833333333333334,-0.33078053332847,216,4.243862070909315e-05,0.0004885334545149,0.0260635481375088,information_not_tradable,,
round5,38,38,seed_F4,12,0.1,0.000186957830324,0.0205473554537887,4,0.0002550121646732,seed_F4_12h_trial38,0.0002353304594212,-0.0147392746345717,-1.6069111305591632,-1.6178706956614792,-0.8499044028354037,0.0084267762912261,0.7763930691173017,-3.3447758760154938,-1.6517226463010015,0.0106554583213244,19.409826727932543,0.25,-4.335317560219191,2.3027514127775595,2.295505640987907,4.600447979483549,0.0044998081659513,2.309442146661593,0.6830050897532696,-1.3916355987050433,0.0084572327531414,57.73605366653982,0.6666666666666666,7.975861693363774,216,-0.0001397847198155,0.0006238152854186,0.0124926800939565,unsupported_or_unstable,,
round5,40,40,seed_OLD,4,0.1,9.411702756679232e-05,0.0109448249690342,4,0.0001061316192579,seed_OLD_4h_trial40,8.61219586196534e-05,0.0047132232265806,0.0020321768072983,0.0020525286628063,0.0143744341858921,0.0,0.0123219055230858,1.3064362598054948,-0.0703838458902206,6.219789721527987e-05,0.3080476380771457,0.1666666666666666,4.666302353628923,-0.9785059738534496,-0.9785763484803108,-0.7904138857555485,0.006306098602096,0.1944685613268585,-0.5079500052457444,-1.458697834452516,0.0004563420542959,4.861714033171464,0.3333333333333333,-16.12821695812396,216,-1.5733466903106486e-05,0.0002010918394081,0.0077921806566675,provisional_incremental_alpha,,
round5,36,36,seed_F4,4,0.1,5.896755794809352e-05,0.0127986808807358,3,7.928968914341125e-05,seed_F4_4h_trial36,7.602114444599578e-05,-0.0077846975946426,0.0,0.0,0.0,0.0,0.0,0.0,0.0,0.0,0.0,0.0,0.0,-0.0108475666011242,-0.0108135452472291,0.002438576988363,0.0,0.0132521222355922,-0.2647745856122501,-0.0827882539025548,1.4916963263144263e-05,0.3313030558898057,0.3333333333333333,0.7360562919691653,216,-4.293660275262176e-05,0.0001844774334247,0.0071073039431393,unsupported_or_unstable,,
round5,9,9,F3,4,10.0,2.664287313229364e-05,0.0084660834066126,3,3.782464948728145e-05,F3_4h_trial9,3.108837709425824e-05,-0.0049273198001608,0.0,0.0,0.0,0.0,0.0,0.0,0.0,0.0,0.0,0.0,0.0,0.2154714196273222,0.2153035961167871,0.227321166847184,0.0,0.0120175707303969,0.6331927357564257,-0.0103396720927739,1.7203195028603429e-06,0.3004392682599233,0.4166666666666667,75.6629345304218,567,-1.0708935652734908e-05,5.68343893569657e-05,0.0069346535127518,unsupported_or_unstable,,
round5,35,35,seed_F3,12,10.0,1.2019104218508275e-05,0.0098827398488463,4,1.3417444364912295e-05,seed_F3_12h_trial35,1.345813119588322e-05,-0.0008127577319473,0.0,0.0,0.0,0.0,0.0,0.0,0.0,0.0,0.0,0.0,0.0,0.0,0.0,0.0,0.0,0.0,0.0,0.0,0.0,0.0,0.0,0.0,216,3.874952583355472e-06,1.8561542897597585e-05,0.0129166757399218,unsupported_or_unstable,,
round5,4,4,old_nonlinear,4,0.1,5.600158741187079e-06,0.0075577709614106,3,8.4771006693971e-06,old_nonlinear_4h_trial4,8.351054718235443e-06,0.0070297790637145,0.0,0.0,0.0,0.0,0.0,0.0,0.0,0.0,0.0,0.0,0.0,0.0,0.0,0.0,0.0,0.0,0.0,0.0,0.0,0.0,0.0,0.0,407,-1.3854417768000376e-05,9.71415389842854e-06,0.003939858021456,information_not_tradable,,
round5,33,33,seed_F3,4,10.0,7.453960914781891e-07,0.0050560209433554,3,2.9944311342598466e-06,seed_F3_4h_trial33,5.413815221937423e-06,-0.0003424943994005,0.0,0.0,0.0,0.0,0.0,0.0,0.0,0.0,0.0,0.0,0.0,0.0,0.0,0.0,0.0,0.0,0.0,0.0,0.0,0.0,0.0,0.0,216,-3.006785125822155e-06,8.42821937965998e-06,0.0039651462130166,unsupported_or_unstable,,
round5,17,17,joint,4,10.0,5.245794885994037e-07,0.0044913856024044,2,8.91159494734051e-07,joint_4h_trial17,4.1767490749782215e-06,-0.0011335282028013,0.0,0.0,0.0,0.0,0.0,0.0,0.0,0.0,0.0,0.0,0.0,0.0,0.0,0.0,0.0,0.0,0.0,0.0,0.0,0.0,0.0,0.0,343,-3.650185548999646e-06,8.704408238669022e-06,0.0021072320545324,unsupported_or_unstable,,
round5,27,27,joint_interaction_residual,12,10.0,0.0,0.0,0,0.0,joint_interaction_residual_12h_trial27,1e-08,,0.0,0.0,0.0,0.0,0.0,0.0,0.0,0.0,0.0,0.0,0.0,0.0,0.0,0.0,0.0,0.0,0.0,0.0,0.0,0.0,0.0,0.0,516,0.0,0.0,,unsupported_or_unstable,,
round5,51,51,F7_reference,12,10.0,0.0,0.0,0,0.0,F7_reference_12h_trial51,1e-08,,0.0,0.0,0.0,0.0,0.0,0.0,0.0,0.0,0.0,0.0,0.0,0.0,0.0,0.0,0.0,0.0,0.0,0.0,0.0,0.0,0.0,0.0,279,0.0,0.0,,unsupported_or_unstable,,
round5,49,49,F7_reference,4,10.0,0.0,0.0,0,0.0,F7_reference_4h_trial49,1e-08,,0.0,0.0,0.0,0.0,0.0,0.0,0.0,0.0,0.0,0.0,0.0,0.0,0.0,0.0,0.0,0.0,0.0,0.0,0.0,0.0,0.0,0.0,279,0.0,0.0,,unsupported_or_unstable,,
round5,12,12,F4,4,0.1,0.0,0.0,0,0.0,F4_4h_trial12,1e-08,,0.0,0.0,0.0,0.0,0.0,0.0,0.0,0.0,0.0,0.0,0.0,0.0,0.0,0.0,0.0,0.0,0.0,0.0,0.0,0.0,0.0,0.0,289,0.0,0.0,,unsupported_or_unstable,,
round5,47,47,F7_raw,12,10.0,0.0,0.0,0,0.0,F7_raw_12h_trial47,4.038373984684148e-06,,0.0,0.0,0.0,0.0,0.0,0.0,0.0,0.0,0.0,0.0,0.0,0.0,0.0,0.0,0.0,0.0,0.0,0.0,0.0,0.0,0.0,0.0,279,-6.5445933241603e-06,4.97113619992373e-07,-0.0081590822637095,unsupported_or_unstable,,
round5,63,63,old,12,1.0,0.0,0.0,0,0.0,old_12h_trial63,1e-08,,0.0,0.0,0.0,0.0,0.0,0.0,0.0,0.0,0.0,0.0,0.0,0.0,0.0,0.0,0.0,0.0,0.0,0.0,0.0,0.0,0.0,0.0,107,0.0,0.0,,unsupported_or_unstable,,
round5,0,0,old,4,0.1,0.0,0.0,0,0.0,old_4h_trial0,1e-08,,0.0,0.0,0.0,0.0,0.0,0.0,0.0,0.0,0.0,0.0,0.0,0.0,0.0,0.0,0.0,0.0,0.0,0.0,0.0,0.0,0.0,0.0,107,0.0,0.0,,unsupported_or_unstable,,
round5,45,45,F7_raw,4,10.0,0.0,0.0,0,0.0,F7_raw_4h_trial45,1e-08,,0.0,0.0,0.0,0.0,0.0,0.0,0.0,0.0,0.0,0.0,0.0,0.0,0.0,0.0,0.0,0.0,0.0,0.0,0.0,0.0,0.0,0.0,279,0.0,0.0,,unsupported_or_unstable,,
round5,24,24,joint_interaction_residual,4,0.1,0.0,0.0,0,0.0,joint_interaction_residual_4h_trial24,1e-08,0.0037983949723166,0.0,0.0,0.0,0.0,0.0,0.0,0.0,0.0,0.0,0.0,0.0,0.0,0.0,0.0,0.0,0.0,0.0,0.0,0.0,0.0,0.0,0.0,516,0.0,0.0,,unsupported_or_unstable,,
round5,19,19,joint,12,10.0,0.0,0.0,0,0.0,joint_12h_trial19,1e-08,,0.0,0.0,0.0,0.0,0.0,0.0,0.0,0.0,0.0,0.0,0.0,0.0,0.0,0.0,0.0,0.0,0.0,0.0,0.0,0.0,0.0,0.0,343,0.0,0.0,,unsupported_or_unstable,,
round5,20,20,joint_interaction,4,0.1,0.0,0.0,0,0.0,joint_interaction_4h_trial20,1e-08,,0.0,0.0,0.0,0.0,0.0,0.0,0.0,0.0,0.0,0.0,0.0,0.0,0.0,0.0,0.0,0.0,0.0,0.0,0.0,0.0,0.0,0.0,409,0.0,0.0,,unsupported_or_unstable,,
round5,23,23,joint_interaction,12,10.0,0.0,0.0,0,0.0,joint_interaction_12h_trial23,1e-08,,0.0,0.0,0.0,0.0,0.0,0.0,0.0,0.0,0.0,0.0,0.0,0.0,0.0,0.0,0.0,0.0,0.0,0.0,0.0,0.0,0.0,0.0,409,0.0,0.0,,unsupported_or_unstable,,
round5,14,14,F4,12,0.1,-4.032599011256209e-06,0.0049504389801386,2,3.7876953021397023e-06,F4_12h_trial14,2.9986303269656214e-05,-0.0049997778078297,0.0,0.0,0.0,0.0,0.0,0.0,0.0,0.0,0.0,0.0,0.0,0.0,0.0,0.0,0.0,0.0,0.0,0.0,0.0,0.0,0.0,0.0,289,-2.9585509104347776e-05,3.098084616076523e-05,-0.0036344665087532,unsupported_or_unstable,,
round5,7,7,old_nonlinear,12,10.0,-6.522124123577569e-06,0.0027521183628379,1,-1.3160094632579587e-06,old_nonlinear_12h_trial7,3.131357715942347e-05,0.0018725584757834,0.0,0.0,0.0,0.0,0.0,0.0,0.0,0.0,0.0,0.0,0.0,0.0,0.0,0.0,0.0,0.0,0.0,0.0,0.0,0.0,0.0,0.0,407,-3.130520412734936e-05,2.5129576681228493e-05,-0.0013598137899979,information_not_tradable,,
round5,11,11,F3,12,10.0,-2.2783701963572012e-05,0.0022268311753776,2,-1.5901494241239558e-05,F3_12h_trial11,0.000127167656035,0.0029052216021073,0.0,0.0,0.0,0.0,0.0,0.0,0.0,0.0,0.0,0.0,0.0,-1.07658208938749,-1.078699874667455,-0.3096088580232092,-0.0004573346979381,0.7686336819463075,-1.2723769777607423,-1.4712044358637932,0.0007101673509374,19.215842048657684,0.25,-1.6135966976415013,567,-0.0001032358173546,4.635856830973333e-05,0.000117779220893,information_not_tradable,,
