id,forecast_horizon,return_horizon,period,forecast_to_projected_return_ic,mean_asset_ic,nonoverlap_ic,edge_condition_ic,asset_ic,finite_asset_observations,edge_condition_observations
pool_12h_trial71,12,1,discovery,0.0030012251559530544,0.005468687055160965,0.0028362237425715244,0.0025973136845856,"[0.013350021912776419, 0.009515977987859539, -0.016684948127913476, 0.018089986861004378, 0.02487908531477238, 0.0035862783547272576, 0.017133521190853592, -0.0027749744521733317, 0.003160065067905839, 0.003975616667038687, -0.0076765617754592395, -0.0009298243394604703]",842064,85204
pool_12h_trial71,12,1,validation,-0.00011648312661703835,0.0015877143342722005,-0.0010415361451688338,-0.0005736397452772324,"[0.029269180851316957, -0.011179928464327775, -0.0021418371884455735, 0.004346788296191694, -0.021206938934521115, 0.021278734047113133, 0.00746065576683733, -0.014556204925412769, -0.01752307007810722, 0.006706838760111677, 0.01876362389355134, -0.0021652700130412776]",247632,32547
pool_12h_trial71,12,4,discovery,0.011972159831142122,0.01694395021546403,0.013282933710288132,0.014320775812944405,"[0.021134279135453987, 0.025478948395303323, -0.022892009586751517, 0.04494143047428815, 0.04716999725643369, 0.01422635819906722, 0.03615204805789152, -0.002177344910000379, 0.014167097949578414, 0.018466984257076526, 0.0026838385676892875, 0.003975774789538176]",841920,85192
pool_12h_trial71,12,4,validation,-0.0026243173056256833,0.0002736849539370872,-0.004247919183481084,-0.010186119111012776,"[0.06186176128612616, -0.008571704138794708, 0.003369312460174121, 0.01015015688140996, -0.030378506334145777, 0.04351675407780388, 0.01206017058605134, -0.04519415324109301, -0.03792244792062925, -0.004575797698191622, 0.014541697954319496, -0.015573024465785538]",247488,32543
pool_12h_trial71,12,12,discovery,0.03368378594922712,0.04050239624535666,0.029008079190189637,0.05438769519631502,"[0.06372977144647883, 0.08375622677901436, -0.024959412128258553, 0.03882540474234867, 0.06174991972817172, 0.029780144716795378, 0.07904663450925233, 0.019696328184036136, 0.05306451813143756, 0.022638945723105416, 0.044314266006262384, 0.014386007105635744]",841536,85164
pool_12h_trial71,12,12,validation,-0.021396996835633147,-0.012502266395026926,-0.01705453946792934,-0.03986032020121413,"[0.08588572907902312, 0.01259139608224769, -0.03921372444988761, 0.026748326630339245, -0.02726326406836588, 0.037147524511530035, -0.016548140831934365, -0.06808647465420006, -0.0861863366681285, -0.05606402631843596, 0.03555445517270792, -0.05459266122521873]",247104,32543
pool_12h_trial71,12,24,discovery,0.04412174495045969,0.048389039448312555,0.0456854147658616,0.08427389037824895,"[0.12982100263556717, 0.10870144177646418, -0.03183691525058543, 0.037230496070855365, 0.029493914488844374, 0.0590815411773276, 0.08749824512794194, 0.007684632412001152, 0.055095392827653536, 0.034937549148467646, 0.04789410163504292, 0.015067071330170162]",840960,85113
pool_12h_trial71,12,24,validation,-0.029753868701043965,-0.018784575274084992,-0.02964871108108676,-0.055013815621476135,"[0.0585150718343831, 0.04016047616144475, -0.017357988423370937, -0.00768919666565317, -0.0249431102607841, 0.024483429349467005, -0.03153018277320969, -0.08248051054309047, -0.12518754414556674, -0.07217530882738254, 0.07140175990295107, -0.05861179889820816]",246528,32542
pool_4h_trial28,4,1,discovery,0.00663118076750023,0.00762745774932233,0.0074323305431922716,0.02591959408405361,"[0.015109995270297908, 0.015150749601115733, -0.006898431626785143, 0.005366119764680248, 0.022931748868760603, 0.010916605464484615, 0.017840057454361076, 0.0008902792497031597, 0.0057665085323622715, 0.007851578014461402, -0.010667310766572966, 0.007271593164999049]",842064,1503
pool_4h_trial28,4,1,validation,0.00497672560213064,0.006283604055833316,0.004599357588182202,-0.05942730821816307,"[0.02577773203906115, -0.01786586804371545, -0.00271455224521043, 0.0028618008086527, -0.005573433758844324, 0.034949984298779296, 0.013967294365124568, -0.004168689349644179, -0.0027377579592874793, 0.029235168304688797, 0.007212484380622719, -0.005540914170227576]",247632,601
pool_4h_trial28,4,4,discovery,0.012186081530025154,0.016292152919462868,0.014374668726224485,0.015231039824662177,"[0.014600007683722261, 0.04000546460714314, -0.010611538388455102, 0.026755897122622854, 0.04059678778899579, 0.004994438783696623, 0.027855034296124265, -0.0031646946407977235, 0.0250012423982607, 0.028523118266358095, 0.00032885795699253394, 0.0006212191588909676]",841920,1503
pool_4h_trial28,4,4,validation,0.004301481569134491,0.006878802157080713,0.00447136992288459,0.04730147151708904,"[0.05644040523486542, -0.015067707557238168, -0.00021247704306021347, 0.018245159415274548, -0.011146486104173873, 0.06149457268015132, 0.008498211826491776, -0.01830215531153943, -0.020456068021472245, 0.021267941282689672, 0.001564288392224806, -0.01978005890924506]",247488,601
pool_4h_trial28,4,12,discovery,0.02061786454299149,0.02821229613047453,0.019193655852529048,0.1041035561354707,"[0.04145953739948038, 0.09301793691668878, -0.0318716592763677, 0.03105669577035455, 0.051518310928553745, -0.002720524132649911, 0.04541697308159571, 0.005738564041521755, 0.054665917518462386, 0.0220148080185891, 0.028718302219607132, -0.00046730892014157404]",841536,1503
pool_4h_trial28,4,12,validation,-0.006698747000737944,-0.0004734718034990655,0.00567253569559446,-0.06787563970438762,"[0.06094576577356479, 0.013743752603778008, -0.0222599230628997, 0.03623900124249506, -0.016821976190618117, 0.050098760811217086, -0.01942462460193272, -0.04047328656280605, -0.03812095484560281, -0.024357136941418153, 0.03758759113752671, -0.04283863100529288]",247104,601
pool_4h_trial28,4,24,discovery,0.02684332216025184,0.03589985207895834,0.0421368590846954,0.14845699759127004,"[0.09525637453768508, 0.10897615685944445, -0.03248512823294176, 0.04214237194308724, 0.029783266435390626, 0.012655951480520114, 0.05834798333805962, 0.009201019421140887, 0.04121528186833733, 0.03386606576124453, 0.055151743104195954, -0.02331286156866399]",840960,1503
pool_4h_trial28,4,24,validation,-0.019616307692417033,-0.011046122223359241,-0.02153582755246552,-0.02864942507965136,"[0.034908544904755735, 0.02766846319790069, -0.012151599292485436, 0.00886392504285485, -0.020681754682167305, 0.013094451201144048, -0.007841550263148958, -0.061206043395872316, -0.08461878173291479, -0.046774181163024134, 0.05644136107669828, -0.04025630157405157]",246528,601
seed_OLD_12h_trial42,12,1,discovery,0.0011315412879696033,0.000537676941632537,0.0005748649301001325,-0.01766754050943981,"[0.010517907920928703, 0.020805457490023202, -0.005959318182434825, -0.014824881135693996, 0.0041513610337064214, 0.008229308444339096, 0.00032901077162374425, -0.013079044609344384, -0.006036230368885305, 0.015969398918438637, -0.014641905952625158, 0.0009910589695143112]",842064,5473
seed_OLD_12h_trial42,12,1,validation,-0.00041852007675179017,-0.0009588933180953579,-0.0006874110931228124,0.05728774408606784,"[0.015065856094043975, 0.002657752371547762, 0.00512921857794546, -0.03401329955823665, -0.005370719363743786, 0.011131015987542453, -0.013733889585588138, -0.003186239273837621, -0.004687987332590128, -0.01511540446905113, 0.02447128787043765, 0.0061456888643858535]",247632,1899
seed_OLD_12h_trial42,12,4,discovery,0.00637226635387696,0.003722488199730039,0.006004477846418992,0.01002736068908161,"[0.011415889871393383, 0.03413122589038554, -0.012913217995432989, -0.02715661773683062, 0.007842896001974485, 0.0016303291135716144, 0.009734573635999253, -0.03422387691782463, 0.007099538595100563, 0.03330343168266821, -0.02024660698433623, 0.034052293240091895]",841920,5473
seed_OLD_12h_trial42,12,4,validation,0.0025925884597191424,0.004439893236826589,-0.005397891287903967,0.0431770877676038,"[0.023412482736928895, 0.006849942131429508, 0.013971810722651393, -0.024872685584794715, 0.015306734833704864, 0.0075895938468302435, -0.0034040233488607046, -0.01667224199597957, -0.003263902901917497, -0.03606705938567515, 0.05693204973888484, 0.013496018048716968]",247488,1899
seed_OLD_12h_trial42,12,12,discovery,0.009775199777638134,0.010656742228554754,0.020106681661091384,-0.0023532264296878447,"[0.029610493876064268, 0.06407665015856756, -0.017810241670863453, -0.02058869484760232, 0.0036095401796131135, 0.0019135989441391506, 0.01860569745876656, -0.0417223434969514, 0.018025044390424405, 0.029681256888948973, 0.026764547765612885, 0.0157153570959373]",841536,5473
seed_OLD_12h_trial42,12,12,validation,0.006727501656752839,0.011894205972616383,0.008116016031420896,0.10076884956222225,"[0.012418806058765311, 0.03548150818744612, 0.0010620176186532013, -0.031836236475842696, 0.051914067483576284, 0.0104794951889509, 0.015129854085961488, 0.0015282345010947005, 0.00205466463291166, -0.04682074817659868, 0.09533620988030918, -0.0040174013138308895]",247104,1899
seed_OLD_12h_trial42,12,24,discovery,0.011256459639552997,0.013326903235637707,0.038033359884928696,0.013835035865745086,"[0.04946828471071364, 0.08656898619366517, -0.03034129616423063, -0.01460110395270792, 0.01134567928576748, -0.014676469589329787, 0.0077101481404762955, -0.029732487949192584, 0.01603174878425374, 0.021018575725467913, 0.040484016093832065, 0.016646757548937102]",840960,5473
seed_OLD_12h_trial42,12,24,validation,0.024793973928914463,0.023969437674218483,0.017218050936476516,0.16537802132770035,"[0.03367298486222318, 0.07900689072990563, 0.04926143505758713, -0.052969127064898355, 0.03897501198450278, -0.0032730268587351677, 0.05239367313957821, -0.013050808474045203, 0.030172320572116194, 0.002440047872941482, 0.08379279574143744, -0.012788945471991543]",246528,1899
seed_F4_12h_trial38,12,1,discovery,0.008363405010783654,0.008403291388492497,0.007943315817865962,0.04197343667437659,"[0.022954211489414046, 0.005021496091281737, -0.005443609383988586, 0.006777003835570471, 0.01977021698610184, 0.012982291382366538, 0.004543842545201094, -0.0007344710129770294, 0.009266473025105552, -0.0016705494354057888, 0.0016544272426177145, 0.02571816389662236]",842064,11529
seed_F4_12h_trial38,12,1,validation,-0.0071843542035808115,-0.006030701722079364,-0.00660348479525946,-0.05643296231728163,"[0.017759050432421777, -0.019038919581239235, 0.011548836494324038, 0.016910386378874268, -0.011096555116777488, 0.007863642836931976, -0.012518645171554226, -0.0021227146474736207, -0.028669557658676684, -0.006359819389191836, 0.008661977079223199, -0.05530610232181453]",247632,3210
seed_F4_12h_trial38,12,4,discovery,0.017927968931180406,0.01805871730693903,0.020016586446756524,0.10877356879732733,"[0.034277533764122375, 0.01226802822767493, -0.010705918206474374, 0.0214804330540681, 0.0430191895984397, 0.026465776988873656, 0.006822437099284315, -0.00011967723678807659, 0.02461825024253315, -0.0036517354724937222, 0.007101172303932141, 0.05512911732009619]",841920,11529
seed_F4_12h_trial38,12,4,validation,-0.014846626039942207,-0.012261858179654738,-0.012731559917448954,-0.10125210664689428,"[0.03867665530075759, -0.029402713664982788, 0.021425450591673542, 0.02238714701267327, -0.002397333764824784, 0.0015866805627918377, -0.02666036569340489, -0.008813034496155638, -0.04572016021563829, -0.018160799913683717, 0.013449409736482919, -0.11351323361154592]",247488,3210
seed_F4_12h_trial38,12,12,discovery,0.034259115272007874,0.03428365116247277,0.03176643620875695,0.19042061968852828,"[0.0679384661110476, 0.03035043082128548, -0.028871112169766906, 0.045298179584879764, 0.060417312210662016, 0.04140149233282531, 0.012577414227028131, -0.02229034213964145, 0.07167245767747363, -0.0011697419053038139, 0.027437798395239372, 0.10664145880394417]",841536,11505
seed_F4_12h_trial38,12,12,validation,-0.027253117090339674,-0.02133677216627869,-0.0220951858949866,-0.1343068151158119,"[0.06349205424251006, -0.046662190656322815, 0.012802556205794902, 0.028206351299639935, -0.010352654239717778, -0.001982023774467404, -0.0460119172025229, -0.06823513015185081, -0.06606915707014796, -0.03637672075018774, 0.04485862134659351, -0.1297110552446653]",247104,3210
seed_F4_12h_trial38,12,24,discovery,0.048775092378884034,0.04610638167564843,0.042658342550976634,0.2281684817234569,"[0.11174524674972502, 0.06180182170623177, -0.011737254323378738, 0.061622188375247064, 0.033811826888606775, 0.046109264896997175, 0.011752857712589932, -0.025184506494904044, 0.10190452639128321, 0.013264730991801086, 0.020167882845519625, 0.12801799436806222]",840960,11493
seed_F4_12h_trial38,12,24,validation,-0.019041079716105365,-0.014066634749835659,-0.019052845475980337,-0.10396754062011293,"[0.08100298650631453, -0.05680849798616269, 0.044085637247701, 0.05099361642838133, -0.04995173529012733, 0.016642533922802752, -0.04015920009974888, -0.10182419347641289, -0.06710371320373415, -0.028330301631935433, 0.08778353303371048, -0.10513028244881661]",246528,3210
seed_OLD_4h_trial40,4,1,discovery,0.000840182917353024,0.0001432004745205958,0.0002474016009644599,0.013497291470898188,"[0.010588063162777987, 0.020001665600349803, -0.006505790500481867, -0.015368520429245287, 0.004030694095989095, 0.006360230081332508, 0.0007394340709914663, -0.013882508909446766, -0.006242074984925265, 0.015645720454290184, -0.016066198573127643, 0.0024176916257429336]",842064,531
seed_OLD_4h_trial40,4,1,validation,-0.0004174116829321596,-0.0009575515494559088,-0.0006858625099074396,,"[0.015062077760391276, 0.0026589899639242773, 0.005130234556526937, -0.034026592130451394, -0.005351552732797521, 0.01113836721054486, -0.013735438055362184, -0.003185952176180534, -0.004682741968736795, -0.015112602952117613, 0.024474753980369208, 0.006139837950418582]",247632,17
seed_OLD_4h_trial40,4,4,discovery,0.005949625068218736,0.00300992307842971,0.005591917290766433,0.0702770491285387,"[0.012161684385250145, 0.03274697909049756, -0.013867895926339467, -0.027922531971934436, 0.007702433026229781, -0.00046477824236278896, 0.010750517516802142, -0.0359124893639081, 0.006537518558419279, 0.031803010213748185, -0.0234316019816542, 0.036016231636408415]",841920,531
seed_OLD_4h_trial40,4,4,validation,0.0025943544119906613,0.004440406813246616,-0.0053934930493533635,,"[0.02341104832806695, 0.00685543282280748, 0.01397540652152372, -0.02489362302272228, 0.01533964360385423, 0.007602117796596851, -0.003412410966450862, -0.01667504508116203, -0.0032436838866208395, -0.036075229261341754, 0.056928327038129084, 0.013472897866278834]",247488,17
seed_OLD_4h_trial40,4,12,discovery,0.009422646804704025,0.010072292366005943,0.020527186145799944,0.018348225631167978,"[0.0280520044467642, 0.06295972570418112, -0.016669762765846773, -0.020918384148655118, 0.0024896647004124307, 0.0004698856262453073, 0.020801442464954353, -0.04405808315779977, 0.018479178117913237, 0.027438726361950327, 0.02495205043709625, 0.01687106060485576]",841536,531
seed_OLD_4h_trial40,4,12,validation,0.006724830077079015,0.011892446127523257,0.00810198716820985,,"[0.012421320761255737, 0.035483838053289606, 0.0010554523498859777, -0.03185226555240528, 0.05197208584694209, 0.010481141947308663, 0.015116313248398919, 0.0015223305966514113, 0.002071122723226131, -0.04681902550314932, 0.0953291225181188, -0.004072083459243657]",247104,17
seed_OLD_4h_trial40,4,24,discovery,0.011145017978028634,0.013175705065536392,0.039202445100612306,-0.012827431539412818,"[0.04796529901354541, 0.08498926213637732, -0.030584779256914888, -0.014486548711395517, 0.012092776043874714, -0.013832104570355951, 0.011591255908917315, -0.03215275724752309, 0.018263943921367966, 0.01840425684181596, 0.03853425101034254, 0.017323605696384917]",840960,531
seed_OLD_4h_trial40,4,24,validation,0.024791014512272183,0.02396673586646224,0.017210010650681472,,"[0.03367559047521335, 0.0789941256332588, 0.049232029934624874, -0.05299734162027329, 0.03900838401351346, -0.0032799386044940213, 0.052359109184604805, -0.013037579975418765, 0.03020847988072422, 0.0024844419266010906, 0.08377835388521791, -0.012824824336025484]",246528,17
seed_F4_4h_trial36,4,1,discovery,0.006574794239840537,0.0072293228871508144,0.006321197512045256,,"[0.021584909163121318, 0.0076430260312571885, -0.00781442966066295, 0.007139977981244195, 0.01726268479216381, 0.01620950392549806, 0.0041196140231624465, 0.0017859296041786486, 0.008619110701825927, -0.006991693840784955, 0.00025549553558431036, 0.016937746389221763]",842064,16
seed_F4_4h_trial36,4,1,validation,-0.007180448834018338,-0.006027932723308219,-0.006600644371396071,,"[0.017752462363893252, -0.019024101699797746, 0.011558259838778588, 0.01690275587413112, -0.011082632419658959, 0.007877653945240126, -0.012515137135937028, -0.0021245740629826327, -0.028668470630670764, -0.006366238617260914, 0.008658072005727002, -0.055303242141160676]",247632,0
seed_F4_4h_trial36,4,4,discovery,0.013282701877220122,0.014790893034049055,0.015164607495264519,,"[0.031217194243206077, 0.01781299803680574, -0.01616222171852051, 0.023031330377975428, 0.03693331704641626, 0.03127296052919109, 0.004214654534419815, 0.003891885776107635, 0.022382411410638393, -0.018078824931287096, 0.00398327434613634, 0.03699173675749948]",841920,16
seed_F4_4h_trial36,4,4,validation,-0.014841214615220357,-0.01225901123869092,-0.012727113504813146,,"[0.03867617545783964, -0.029370701105127944, 0.021456603220906815, 0.022374592190222264, -0.0023663793850972384, 0.0015883325942403586, -0.026657529198373043, -0.008818038988930039, -0.045725534560479564, -0.018190495631096808, 0.01343509210757991, -0.11351025156597537]",247488,0
seed_F4_4h_trial36,4,12,discovery,0.025090284663051115,0.028064887306212215,0.023257619675651056,,"[0.05937894822739795, 0.03889381775910079, -0.036900661361206316, 0.05140112642807561, 0.05210914581977037, 0.05034737729804703, 0.012912721885306991, -0.010678378569562755, 0.06964691931643072, -0.034018495194375, 0.010847139072310273, 0.07283898699325093]",841536,16
seed_F4_4h_trial36,4,12,validation,-0.027247065303854866,-0.021334555804581407,-0.022091525160187322,,"[0.06347152131285168, -0.04663236665987166, 0.01284325215724498, 0.028179608180571827, -0.010318840456951703, -0.0020047154588542586, -0.04600066534243449, -0.06823903157481355, -0.06606289596990167, -0.036399015488564036, 0.044862550109223374, -0.12971407046347738]",247104,0
seed_F4_4h_trial36,4,24,discovery,0.04042634825731132,0.04099180967043765,0.03545945862215113,,"[0.0925608460192802, 0.06467932009762146, -0.0190183991992245, 0.07139467912438634, 0.030648492382730614, 0.06286564330899724, 0.01855217987982404, -0.007613742100004548, 0.10467374228131326, -0.020295708215925738, -0.0021806392729883514, 0.09563530173924176]",840960,16
seed_F4_4h_trial36,4,24,validation,-0.019034590522146243,-0.01406396098975255,-0.01904598946326345,,"[0.08097634849905158, -0.056782074085467364, 0.044104624368092676, 0.05097477364541279, -0.04991971884193978, 0.01662637503777022, -0.040149726668597736, -0.10180944861611671, -0.06708869362034711, -0.028344714370396873, 0.08778829003942609, -0.10514356726391835]",246528,0
F3_4h_trial9,4,1,discovery,0.0016117876671369548,0.004285611101997795,0.004482140458737902,,"[0.013185392992482553, -0.018283372796094915, -0.031001587016596954, 0.03287174492155865, 0.013055265687040735, -0.013200310852892168, 0.030979405458000854, 0.016127380087412834, 0.01728081510165044, 0.003939632109755476, -0.036427891506106105, 0.022900859037762136]",842064,2
F3_4h_trial9,4,1,validation,-0.008555401617471087,-0.005310098152712842,-0.004916016062834192,,"[0.03050780050757857, 0.0048533993650237426, -0.02281328644596681, 0.007739805563010248, -0.02377390221118739, -0.03396653558193582, -0.002789558387569566, 0.0225722892053415, -0.05700723971358713, 0.02632172171279311, -0.03267015368194374, 0.017304481835889195]",247632,0
F3_4h_trial9,4,4,discovery,-0.0016682545219818806,0.002008821205770736,0.002721224212175637,,"[0.013333820753283536, -0.024729142578868497, -0.051260816489323936, 0.026877622725662405, 0.009117804046900695, -0.011521479978561778, 0.0250653185141006, 0.032079459183825244, -0.0032443437268090906, -0.012705196073528307, -0.0016852714009225965, 0.022778079493490557]",841920,2
F3_4h_trial9,4,4,validation,-0.013741247192077933,-0.006949548408517642,-0.010721255845381607,,"[0.033874726959590505, 0.0006688612459111023, -0.04382498964939098, -0.004115157937134105, -0.02041361496277077, -0.004906329521845534, -0.00970182481805242, 0.00951494608529038, -0.06737579149294694, 0.024202602538777353, -0.015566733742072583, 0.0142487243924323]",247488,0
F3_4h_trial9,4,12,discovery,-0.002832791245963171,-0.0012745600610566822,-0.019160120839681667,,"[0.01312038580043497, -0.030409889408663425, -0.054274273814917944, 0.012996388024633373, -0.0006789856269992096, 0.01136173103827462, 0.013086041806218128, 0.019984814671239977, 0.008093848278806133, -0.015257622810528117, -0.013597489386373422, 0.020280330695194734]",841536,2
F3_4h_trial9,4,12,validation,-0.00960236167012599,-0.0031253315137862764,-0.010543556667243915,,"[0.03883525042399389, 0.04776406067504031, -0.06300309056702016, 0.003940177145272632, -0.01958358326909318, -0.05453816860271792, 0.006664792115922806, 0.0339570762671486, -0.03822450681833313, -0.00454261393422968, -0.0010119747323873679, 0.012238603130967883]",247104,0
F3_4h_trial9,4,24,discovery,0.0015573721117970022,0.0017020134357782835,0.013519759950362375,,"[0.0031534952541862377, -0.016085046604698786, -0.04618507393460272, -0.012105444823014911, -0.0018735095556632279, 0.016688097276774495, 0.01930377488134903, 0.021302769837757942, 0.017263214511686685, 0.0013327747335705193, -0.002434056579864404, 0.020063166231858543]",840960,2
F3_4h_trial9,4,24,validation,-0.003709348112762554,0.0014532203633488474,0.008736072979190228,,"[0.03884093870713396, 0.029281483909765236, -0.06064026611659265, 0.015992455569085046, -0.023270086592761977, -0.0323541306880255, 0.04707850531892404, 0.0593270489414019, -0.012604995251720335, -0.013981665378653635, -0.019990627711920974, -0.010240016346448947]",246528,0
seed_F3_12h_trial35,12,1,discovery,0.0004007066218588743,0.000561863825747664,0.0007231851891182165,,"[-0.0029252063633732252, -0.0002915694205813438, -0.004983115631368116, 0.0019420568882252576, 0.008217282825186023, 0.0115671459385154, 0.003278147699136072, -0.004663554069205387, 0.004823866858994278, 0.001823784537584976, -0.014509335985765483, 0.00246286263162352]",842064,0
seed_F3_12h_trial35,12,1,validation,0.006252907890746493,0.006604126056392195,0.0070082463393127915,,"[-0.018099842755313452, 0.005493018352639108, 0.012783894912057904, -0.01705666706398423, 0.0019328912936476684, 0.009345441408087556, 0.01969107119375327, 0.01673300618004553, -0.0033219414968793594, 0.009080571026849291, 0.025548234711341624, 0.017119834914461424]",247632,0
seed_F3_12h_trial35,12,4,discovery,0.0013919307126743219,0.00133515961000954,0.007076728556285834,,"[0.006310875567201953, 0.0030829468121405207, -0.009573426455183977, -0.013161394889183721, -0.000861361932657293, 0.01128951673940432, 0.01028686174400642, 0.0015966266055373987, 0.00777299089910302, 0.0033497427296469958, -0.00719696158134143, 0.0031254990814402746]",841920,0
seed_F3_12h_trial35,12,4,validation,0.008621089387879423,0.008912854572843205,0.009807580941000637,,"[0.013246953690260401, 0.013593763735351424, 0.032210941796705965, -0.029956778032820493, 0.016355162483181123, -0.003010495399105988, 0.019482178906415657, 0.03260807942176724, -0.026676481932891905, 0.021840993559019466, 0.002893018431872905, 0.014366918214362643]",247488,0
seed_F3_12h_trial35,12,12,discovery,-0.00021959346972190522,0.0018601230359270905,0.0009548696878498638,,"[0.0007126796496975926, 0.016067017989737663, -0.0028536431188234362, -0.016341465322598843, 0.026512616018341525, 0.004004655452062288, 0.037117698257962, 0.0026362433556030725, -0.014440498066890944, 0.007892668369739734, -0.030183677631222625, -0.00880281852248293]",841536,0
seed_F3_12h_trial35,12,12,validation,0.008306661164743,0.008497654048804214,0.005175305387548797,,"[0.023961834723414135, 0.014171542044361754, 0.03714655397420528, -0.029394580219739442, 0.028436618337914717, -0.028046527179835617, 0.02211475930851834, 0.04254140576853905, -0.019592958452205822, 0.028517056814243956, -0.00200728663674539, -0.015876569897020378]",247104,0
seed_F3_12h_trial35,12,24,discovery,0.0004429565569235472,0.004363409332277103,0.005960781134959982,,"[0.0037080197541073945, 0.0170658866354188, -0.005960207158188752, 0.013657545360624992, 0.02385220195818894, 0.006004965220148673, 0.04149669238113259, 0.014879348241393137, -0.024847192916322373, -0.009106021500508597, -0.018282763850889235, -0.010107562137780336]",840960,0
seed_F3_12h_trial35,12,24,validation,-0.00044267612148241525,-0.0011497399255988186,0.02010869300673323,,"[0.022281562072570718, 0.01653358788158763, 0.037947753761444755, -0.051721377024033136, 0.03867045172788082, -0.050957403728105116, 0.011182960514252526, 0.03682846617543341, -0.054143041032510296, 0.023287637112589073, -0.058505412484298504, 0.014797935916002295]",246528,0
old_nonlinear_4h_trial4,4,1,discovery,-0.0005098357779580262,-0.0006327878321111974,0.0008076092328397953,,"[-0.02143405494994645, -0.003474077527721638, -0.0029843947575355248, 0.0017613689958240091, 0.0013141287138022139, 0.010774048262742357, -0.00815865072908098, 0.004904820328333255, -0.010716144491020612, -0.0056304640836039345, 0.0019872473438179473, 0.02406271890905498]",842064,0
old_nonlinear_4h_trial4,4,1,validation,0.005570621792605658,0.004389757819393111,0.004368368638186444,,"[0.002100275319415492, 0.0034929009546737113, 0.017636565330584913, 0.0076201815559895384, 0.012858532674533987, -0.010147094784079764, -0.01155534973326959, 0.011283460539656875, 0.028972830519171038, -0.022395755798145754, 0.010162228265108675, 0.0026483189890782063]",247632,0
old_nonlinear_4h_trial4,4,4,discovery,-0.007613927184256562,-0.006598551337394472,-0.0024184844300052743,,"[-0.029872630377119087, -0.02475815349714611, -0.017574712359394274, -0.0028521486458347616, 0.015737875180518827, 0.007087408071419667, -0.007275455819344164, 0.000689948867675327, -0.027342268012738504, -0.019925551308932515, -0.00712245126887239, 0.03402552312103432]",841920,0
old_nonlinear_4h_trial4,4,4,validation,-0.00016185605005139282,0.0002683401710468149,0.0017634042285673236,,"[0.02387390600315637, 0.004087327092477138, 0.0018547019742342922, 0.0008035981198716061, 0.00515112130745961, -0.02091304107890494, -0.004789741279101062, 0.01954457153524356, 0.02175361496279721, -0.05494599896537956, 0.002952888465556013, 0.003847133915151537]",247488,0
old_nonlinear_4h_trial4,4,12,discovery,-0.014691809937962855,-0.011714969623400392,-0.011471577474781157,,"[-0.02511872584370061, -0.03128055989465062, -0.035352065370506634, -0.002681634131485261, 0.026326529256151872, 0.006072089640011874, 0.009304691150632934, -0.0102024784767306, -0.038963153750482545, -0.027319183741499876, -0.027676147805674664, 0.016311003487129442]",841536,0
old_nonlinear_4h_trial4,4,12,validation,0.00048394313717349107,0.0028672963236146694,0.016607345922843696,,"[0.03483261425637856, 0.03634572878011111, -0.00790159125519287, -0.010781653603956463, 0.0017285960155000331, -0.0031149019870541353, -0.0007610500373098346, -0.0190843561713856, -3.8078647167037425e-05, -0.02194300803659411, 0.023759844605169465, 0.001365411964876908]",247104,0
old_nonlinear_4h_trial4,4,24,discovery,-0.016715779469859,-0.014025462521739938,-0.015250212776842876,,"[-0.029154471033634236, -0.021858769006584455, -0.03396320166313912, 0.001101088831380638, 0.02630538585098834, 0.012450508940017134, -0.008774830313934967, -0.012003466266654063, -0.06961778401726511, -0.009432961019588675, -0.03129846383792145, 0.007941413275456704]",840960,0
old_nonlinear_4h_trial4,4,24,validation,-0.0017880239467835677,-0.0003975791241966411,0.023892469920594576,,"[0.0417753567678455, -0.005332652269595811, 0.0021642365058698668, -0.011928232376864042, 0.024815857611569566, -0.017104832363699758, -0.020545993186779084, -0.004524281351449413, 0.03176604654917239, -0.04282180664277923, 0.006844856504878376, -0.009879505238528052]",246528,0
seed_F3_4h_trial33,4,1,discovery,0.0005994589645321891,0.0007209220809048148,0.001041025164687874,,"[-0.002286858447509317, -0.000835429012327949, -0.004240877128400883, 0.0023841239959607693, 0.007152022492819279, 0.010899291918568279, 0.0034879171340516666, -0.004552114787983156, 0.004734305382767964, 0.002155697272398886, -0.013056466270514403, 0.0028094524210266415]",842064,0
seed_F3_4h_trial33,4,1,validation,0.0060829719806487735,0.006479475670186644,0.006856200964980011,,"[-0.017796857122145796, 0.004920984414174671, 0.012875270212072347, -0.017148712576817587, 0.0015480147105444257, 0.010075750536598515, 0.019571223444928842, 0.016852281731015, -0.004071653749382845, 0.008798793118751208, 0.02518904175616267, 0.016939571566338293]",247632,0
seed_F3_4h_trial33,4,4,discovery,0.0016994129389001768,0.001723379758764283,0.006731167893516808,,"[0.006749185381258069, 0.0021079074790763897, -0.008617533800123712, -0.012614133140481747, -0.001863162572981462, 0.009148924292430319, 0.011198153998351014, 0.0024297858905013704, 0.008459797833877956, 0.004390211272035808, -0.003977340831090891, 0.0032687613023182796]",841920,0
seed_F3_4h_trial33,4,4,validation,0.008376852493611907,0.008745746210923501,0.009553708330935728,,"[0.013646005584997822, 0.011975585850826323, 0.03287964413298191, -0.03063334100446566, 0.015446768805674077, -0.001495243101324923, 0.01929200729181145, 0.03207617191484274, -0.02743650327471231, 0.02114177475186452, 0.0034006909961204414, 0.014655392582465628]",247488,0
seed_F3_4h_trial33,4,12,discovery,0.0005492256897244545,0.002632785996682237,0.001991143902945396,,"[0.0013090559772388445, 0.01386377420080405, -0.002351212880789759, -0.014775675346920007, 0.025621865269595187, 0.0027145337047654265, 0.03830591575154905, 0.003914942728138682, -0.013733529987655911, 0.009590595005451756, -0.02604233382814733, -0.006824498633843136]",841536,0
seed_F3_4h_trial33,4,12,validation,0.007709932085467881,0.00799963001942721,0.003915576437490652,,"[0.023696340526546105, 0.013249042330888531, 0.036862836451042554, -0.029051566548917027, 0.026423412000663594, -0.026276316120219582, 0.021189201986748674, 0.042600939819042186, -0.02121006016079587, 0.027867352470727465, -0.0028791764708251183, -0.016476446051774993]",247104,0
seed_F3_4h_trial33,4,24,discovery,0.0007704513191173037,0.004744984986156112,0.006427220334382577,,"[0.0048988352315813, 0.0148401290049474, -0.006519722231574062, 0.01562631500022986, 0.024144285623004448, 0.004578103933445678, 0.041194355496031766, 0.015086666434192469, -0.0243604031653556, -0.008709894800366153, -0.015419109386305523, -0.008419741305958229]",840960,0
seed_F3_4h_trial33,4,24,validation,-0.0014255208868060667,-0.0019697036131904253,0.0195360912758422,,"[0.02175229198436523, 0.016807824619495374, 0.03707044140114574, -0.051844973150747126, 0.03609734107629937, -0.050109213337046536, 0.01004962945094274, 0.03701592641598749, -0.05708469397934652, 0.022445155314459724, -0.060472086969490524, 0.014635913815649937]",246528,0
joint_4h_trial17,4,1,discovery,-0.0014442330484364025,-0.0001664863075056589,0.0007813451408771583,,"[0.02010251288899918, -0.014541812883464214, -0.02096012318570177, 0.0011891874500016939, 0.021314241487292402, -0.015480012152263814, 0.001539397251004929, -0.006795300222457074, 0.005994512302574497, 0.014008374895116698, -0.0029935244323795207, -0.005375289088790911]",842064,0
joint_4h_trial17,4,1,validation,-0.007259373019055267,-0.00449649402957288,-0.008039027340199376,,"[0.0025589840988093702, -0.01133076027821524, 0.0006007405907659215, 0.01596998538222841, 0.0059039987883219855, 0.0013322484645134993, -0.015172567896605562, -0.006607712998082929, -0.04687012508599498, 0.0057055401091547515, -0.02081779049339565, 0.014769530963625871]",247632,0
joint_4h_trial17,4,4,discovery,-0.009047678147830626,-0.007592119595025003,-0.010806846400255704,,"[0.011237548817761117, -0.007180395534969208, -0.05084764805101757, 0.004426834417339129, 0.01802394403933211, -0.02445014456637188, 0.009950316921660884, -0.006460647251422725, -0.010696124129924675, 0.005766047573841405, -0.04193273921960297, 0.0010575718430743519]",841920,0
joint_4h_trial17,4,4,validation,-0.01270707034002096,-0.006486341520968642,-0.009123280172129551,,"[-0.0006980350729134692, 0.010502889575825099, -0.003200247606178506, 0.017098362389851022, 0.008921384404037476, 0.0100933270013912, -0.02877579839309977, -0.010187279574340666, -0.08618892447662707, -0.014198772787907874, -0.008397955420339115, 0.02719495170867796]",247488,0
joint_4h_trial17,4,12,discovery,-0.011528598365803916,-0.012316305772366441,-0.009881784515388792,,"[-0.0016478164856815684, -0.008753652144193918, -0.05541722148981517, -0.003626551521271505, 0.007075093662712714, -0.027806318119625122, 0.015264118857945532, 0.012862409408479136, -0.009589665048297842, -0.0029834458641768173, -0.0808117592670029, 0.007639138742530171]",841536,0
joint_4h_trial17,4,12,validation,-0.01233529032531239,-0.005882935794385195,-0.01596623692490913,,"[0.011996789326877751, 0.08283368680419355, -0.02303928623328822, 0.044695872265344175, 0.011535296453896535, -0.033956111448848254, -0.04382382638792153, 0.017055606604140995, -0.08305185097061082, -0.04244823815293652, -0.01608527315159588, 0.003692105358125868]",247104,0
joint_4h_trial17,4,24,discovery,-0.008160891862181364,-0.009392922250345485,-0.001196409537522098,,"[0.017754209300354287, -0.0007515008977820646, -0.046776210273714494, -0.013590622671135484, -0.0008685448857115722, -0.026576728703005995, 0.0353756442187939, 0.004140583322235949, 0.0027586204003489153, -0.0033714393184569166, -0.08102389596184872, 0.00021481846577636735]",840960,0
joint_4h_trial17,4,24,validation,-0.00479064539801396,-0.002447384062578183,0.01979576236915738,,"[0.018591140548649042, 0.07576903380412953, -0.0025580700018350945, 0.06161068645334661, 0.0007325718431185754, -0.019874348246465372, -0.018462609879252613, -0.0068139893923861656, -0.02692209637494168, -0.060321558452786764, -0.02883627111581328, -0.022283097936700996]",246528,0
joint_interaction_residual_12h_trial27,12,1,discovery,,,,,"[NaN, NaN, NaN, NaN, NaN, NaN, NaN, NaN, NaN, NaN, NaN, NaN]",842064,0
joint_interaction_residual_12h_trial27,12,1,validation,,,,,"[NaN, NaN, NaN, NaN, NaN, NaN, NaN, NaN, NaN, NaN, NaN, NaN]",247632,0
joint_interaction_residual_12h_trial27,12,4,discovery,,,,,"[NaN, NaN, NaN, NaN, NaN, NaN, NaN, NaN, NaN, NaN, NaN, NaN]",841920,0
joint_interaction_residual_12h_trial27,12,4,validation,,,,,"[NaN, NaN, NaN, NaN, NaN, NaN, NaN, NaN, NaN, NaN, NaN, NaN]",247488,0
joint_interaction_residual_12h_trial27,12,12,discovery,,,,,"[NaN, NaN, NaN, NaN, NaN, NaN, NaN, NaN, NaN, NaN, NaN, NaN]",841536,0
joint_interaction_residual_12h_trial27,12,12,validation,,,,,"[NaN, NaN, NaN, NaN, NaN, NaN, NaN, NaN, NaN, NaN, NaN, NaN]",247104,0
joint_interaction_residual_12h_trial27,12,24,discovery,,,,,"[NaN, NaN, NaN, NaN, NaN, NaN, NaN, NaN, NaN, NaN, NaN, NaN]",840960,0
joint_interaction_residual_12h_trial27,12,24,validation,,,,,"[NaN, NaN, NaN, NaN, NaN, NaN, NaN, NaN, NaN, NaN, NaN, NaN]",246528,0
F7_reference_12h_trial51,12,1,discovery,,,,,"[NaN, NaN, NaN, NaN, NaN, NaN, NaN, NaN, NaN, NaN, NaN, NaN]",842064,0
F7_reference_12h_trial51,12,1,validation,,,,,"[NaN, NaN, NaN, NaN, NaN, NaN, NaN, NaN, NaN, NaN, NaN, NaN]",247632,0
F7_reference_12h_trial51,12,4,discovery,,,,,"[NaN, NaN, NaN, NaN, NaN, NaN, NaN, NaN, NaN, NaN, NaN, NaN]",841920,0
F7_reference_12h_trial51,12,4,validation,,,,,"[NaN, NaN, NaN, NaN, NaN, NaN, NaN, NaN, NaN, NaN, NaN, NaN]",247488,0
F7_reference_12h_trial51,12,12,discovery,,,,,"[NaN, NaN, NaN, NaN, NaN, NaN, NaN, NaN, NaN, NaN, NaN, NaN]",841536,0
F7_reference_12h_trial51,12,12,validation,,,,,"[NaN, NaN, NaN, NaN, NaN, NaN, NaN, NaN, NaN, NaN, NaN, NaN]",247104,0
F7_reference_12h_trial51,12,24,discovery,,,,,"[NaN, NaN, NaN, NaN, NaN, NaN, NaN, NaN, NaN, NaN, NaN, NaN]",840960,0
F7_reference_12h_trial51,12,24,validation,,,,,"[NaN, NaN, NaN, NaN, NaN, NaN, NaN, NaN, NaN, NaN, NaN, NaN]",246528,0
F7_reference_4h_trial49,4,1,discovery,,,,,"[NaN, NaN, NaN, NaN, NaN, NaN, NaN, NaN, NaN, NaN, NaN, NaN]",842064,0
F7_reference_4h_trial49,4,1,validation,,,,,"[NaN, NaN, NaN, NaN, NaN, NaN, NaN, NaN, NaN, NaN, NaN, NaN]",247632,0
F7_reference_4h_trial49,4,4,discovery,,,,,"[NaN, NaN, NaN, NaN, NaN, NaN, NaN, NaN, NaN, NaN, NaN, NaN]",841920,0
F7_reference_4h_trial49,4,4,validation,,,,,"[NaN, NaN, NaN, NaN, NaN, NaN, NaN, NaN, NaN, NaN, NaN, NaN]",247488,0
F7_reference_4h_trial49,4,12,discovery,,,,,"[NaN, NaN, NaN, NaN, NaN, NaN, NaN, NaN, NaN, NaN, NaN, NaN]",841536,0
F7_reference_4h_trial49,4,12,validation,,,,,"[NaN, NaN, NaN, NaN, NaN, NaN, NaN, NaN, NaN, NaN, NaN, NaN]",247104,0
F7_reference_4h_trial49,4,24,discovery,,,,,"[NaN, NaN, NaN, NaN, NaN, NaN, NaN, NaN, NaN, NaN, NaN, NaN]",840960,0
F7_reference_4h_trial49,4,24,validation,,,,,"[NaN, NaN, NaN, NaN, NaN, NaN, NaN, NaN, NaN, NaN, NaN, NaN]",246528,0
F4_4h_trial12,4,1,discovery,,,,,"[NaN, NaN, NaN, NaN, NaN, NaN, NaN, NaN, NaN, NaN, NaN, NaN]",842064,0
F4_4h_trial12,4,1,validation,,,,,"[NaN, NaN, NaN, NaN, NaN, NaN, NaN, NaN, NaN, NaN, NaN, NaN]",247632,0
F4_4h_trial12,4,4,discovery,,,,,"[NaN, NaN, NaN, NaN, NaN, NaN, NaN, NaN, NaN, NaN, NaN, NaN]",841920,0
F4_4h_trial12,4,4,validation,,,,,"[NaN, NaN, NaN, NaN, NaN, NaN, NaN, NaN, NaN, NaN, NaN, NaN]",247488,0
F4_4h_trial12,4,12,discovery,,,,,"[NaN, NaN, NaN, NaN, NaN, NaN, NaN, NaN, NaN, NaN, NaN, NaN]",841536,0
F4_4h_trial12,4,12,validation,,,,,"[NaN, NaN, NaN, NaN, NaN, NaN, NaN, NaN, NaN, NaN, NaN, NaN]",247104,0
F4_4h_trial12,4,24,discovery,,,,,"[NaN, NaN, NaN, NaN, NaN, NaN, NaN, NaN, NaN, NaN, NaN, NaN]",840960,0
F4_4h_trial12,4,24,validation,,,,,"[NaN, NaN, NaN, NaN, NaN, NaN, NaN, NaN, NaN, NaN, NaN, NaN]",246528,0
F7_raw_12h_trial47,12,1,discovery,-0.003946935999434828,-0.0022728690331818148,-0.0048090957251365985,,"[-0.009485788223381721, -0.012133148331990454, -0.009000853118071167, 0.01618395236513798, 0.0036630916096737783, 0.001712828691871979, 0.0023145063290277313, -0.004110230443190538, -0.006513123324932662, 0.0005598456111114195, 1.8199201272142304e-05, -0.010483708764710256]",842064,0
F7_raw_12h_trial47,12,1,validation,,,,,"[NaN, NaN, NaN, NaN, NaN, NaN, NaN, NaN, NaN, NaN, NaN, NaN]",247632,0
F7_raw_12h_trial47,12,4,discovery,-0.00980480034936011,-0.005422791054667256,-0.012526762775365526,,"[-0.019595598010842298, -0.017641027854798003, -0.03297515580960523, 0.02027005673390203, 0.002042462284199552, 0.005293260904538787, 0.01686994625590796, -0.005160089889609145, -0.009263647727808112, -0.007430910822333532, -0.00221546480209996, -0.015267323917459105]",841920,0
F7_raw_12h_trial47,12,4,validation,,,,,"[NaN, NaN, NaN, NaN, NaN, NaN, NaN, NaN, NaN, NaN, NaN, NaN]",247488,0
F7_raw_12h_trial47,12,12,discovery,-0.015786282298116756,-0.009745812668849869,-0.023943098742823805,,"[-0.022264948433159536, -0.03370055727580457, -0.058294041026088886, 0.012953225983096995, -0.004722067816273949, 0.012060971442817751, 0.027769026925827764, 0.004810871589047748, -0.006501272854460835, -0.01931630201834018, -0.011286873385711401, -0.018457785157149333]",841536,0
F7_raw_12h_trial47,12,12,validation,,,,,"[NaN, NaN, NaN, NaN, NaN, NaN, NaN, NaN, NaN, NaN, NaN, NaN]",247104,0
F7_raw_12h_trial47,12,24,discovery,-0.015691751563474986,-0.007370036755153621,-0.016713502093983246,,"[-0.016538171627837796, -0.03545500367080808, -0.07677007974978962, 0.020755932701537867, -0.005106978065500616, 0.016643369248702192, 0.051166154817700225, 0.013669797411048895, -0.01030138392710147, -0.021696562368798536, -0.0136749533700025, -0.011132562460993985]",840960,0
F7_raw_12h_trial47,12,24,validation,,,,,"[NaN, NaN, NaN, NaN, NaN, NaN, NaN, NaN, NaN, NaN, NaN, NaN]",246528,0
old_12h_trial63,12,1,discovery,,,,,"[NaN, NaN, NaN, NaN, NaN, NaN, NaN, NaN, NaN, NaN, NaN, NaN]",842064,0
old_12h_trial63,12,1,validation,,,,,"[NaN, NaN, NaN, NaN, NaN, NaN, NaN, NaN, NaN, NaN, NaN, NaN]",247632,0
old_12h_trial63,12,4,discovery,,,,,"[NaN, NaN, NaN, NaN, NaN, NaN, NaN, NaN, NaN, NaN, NaN, NaN]",841920,0
old_12h_trial63,12,4,validation,,,,,"[NaN, NaN, NaN, NaN, NaN, NaN, NaN, NaN, NaN, NaN, NaN, NaN]",247488,0
old_12h_trial63,12,12,discovery,,,,,"[NaN, NaN, NaN, NaN, NaN, NaN, NaN, NaN, NaN, NaN, NaN, NaN]",841536,0
old_12h_trial63,12,12,validation,,,,,"[NaN, NaN, NaN, NaN, NaN, NaN, NaN, NaN, NaN, NaN, NaN, NaN]",247104,0
old_12h_trial63,12,24,discovery,,,,,"[NaN, NaN, NaN, NaN, NaN, NaN, NaN, NaN, NaN, NaN, NaN, NaN]",840960,0
old_12h_trial63,12,24,validation,,,,,"[NaN, NaN, NaN, NaN, NaN, NaN, NaN, NaN, NaN, NaN, NaN, NaN]",246528,0
old_4h_trial0,4,1,discovery,,,,,"[NaN, NaN, NaN, NaN, NaN, NaN, NaN, NaN, NaN, NaN, NaN, NaN]",842064,0
old_4h_trial0,4,1,validation,,,,,"[NaN, NaN, NaN, NaN, NaN, NaN, NaN, NaN, NaN, NaN, NaN, NaN]",247632,0
old_4h_trial0,4,4,discovery,,,,,"[NaN, NaN, NaN, NaN, NaN, NaN, NaN, NaN, NaN, NaN, NaN, NaN]",841920,0
old_4h_trial0,4,4,validation,,,,,"[NaN, NaN, NaN, NaN, NaN, NaN, NaN, NaN, NaN, NaN, NaN, NaN]",247488,0
old_4h_trial0,4,12,discovery,,,,,"[NaN, NaN, NaN, NaN, NaN, NaN, NaN, NaN, NaN, NaN, NaN, NaN]",841536,0
old_4h_trial0,4,12,validation,,,,,"[NaN, NaN, NaN, NaN, NaN, NaN, NaN, NaN, NaN, NaN, NaN, NaN]",247104,0
old_4h_trial0,4,24,discovery,,,,,"[NaN, NaN, NaN, NaN, NaN, NaN, NaN, NaN, NaN, NaN, NaN, NaN]",840960,0
old_4h_trial0,4,24,validation,,,,,"[NaN, NaN, NaN, NaN, NaN, NaN, NaN, NaN, NaN, NaN, NaN, NaN]",246528,0
F7_raw_4h_trial45,4,1,discovery,,,,,"[NaN, NaN, NaN, NaN, NaN, NaN, NaN, NaN, NaN, NaN, NaN, NaN]",842064,0
F7_raw_4h_trial45,4,1,validation,,,,,"[NaN, NaN, NaN, NaN, NaN, NaN, NaN, NaN, NaN, NaN, NaN, NaN]",247632,0
F7_raw_4h_trial45,4,4,discovery,,,,,"[NaN, NaN, NaN, NaN, NaN, NaN, NaN, NaN, NaN, NaN, NaN, NaN]",841920,0
F7_raw_4h_trial45,4,4,validation,,,,,"[NaN, NaN, NaN, NaN, NaN, NaN, NaN, NaN, NaN, NaN, NaN, NaN]",247488,0
F7_raw_4h_trial45,4,12,discovery,,,,,"[NaN, NaN, NaN, NaN, NaN, NaN, NaN, NaN, NaN, NaN, NaN, NaN]",841536,0
F7_raw_4h_trial45,4,12,validation,,,,,"[NaN, NaN, NaN, NaN, NaN, NaN, NaN, NaN, NaN, NaN, NaN, NaN]",247104,0
F7_raw_4h_trial45,4,24,discovery,,,,,"[NaN, NaN, NaN, NaN, NaN, NaN, NaN, NaN, NaN, NaN, NaN, NaN]",840960,0
F7_raw_4h_trial45,4,24,validation,,,,,"[NaN, NaN, NaN, NaN, NaN, NaN, NaN, NaN, NaN, NaN, NaN, NaN]",246528,0
joint_interaction_residual_4h_trial24,4,1,discovery,,,,,"[NaN, NaN, NaN, NaN, NaN, NaN, NaN, NaN, NaN, NaN, NaN, NaN]",842064,0
joint_interaction_residual_4h_trial24,4,1,validation,-0.004034734694645944,-0.0015412756845205316,-0.004104952483177361,,"[0.018882256760988803, -0.02063269421369472, 0.009856969932246629, 0.013785604525298461, 0.01056483753383755, -0.0019394781347991657, -0.007448084687099114, 0.014538060597749333, -0.038320015965645784, 0.008572588292467282, -0.019750304648201288, -0.006605048207394363]",247632,0
joint_interaction_residual_4h_trial24,4,4,discovery,,,,,"[NaN, NaN, NaN, NaN, NaN, NaN, NaN, NaN, NaN, NaN, NaN, NaN]",841920,0
joint_interaction_residual_4h_trial24,4,4,validation,-0.004591325573972436,-0.0011513545945296443,0.002269227090631138,,"[0.013068187534558602, -0.01412500053182875, 0.014843163666391553, 0.03727187007255466, 0.008596533149776561, 0.010588079527005254, -0.02262111225220257, -0.018635073767694417, -0.04556695088326574, 0.0018844937222851942, -0.01018715256728906, 0.011066707195352975]",247488,0
joint_interaction_residual_4h_trial24,4,12,discovery,,,,,"[NaN, NaN, NaN, NaN, NaN, NaN, NaN, NaN, NaN, NaN, NaN, NaN]",841536,0
joint_interaction_residual_4h_trial24,4,12,validation,0.004156420038852957,0.005126053141647843,0.006228451307211602,,"[0.013327223795535435, 0.04356044075452099, 0.01065748089823987, 0.061573187091335024, 0.0020728589715630014, -0.0276176868562404, -0.03799585895196093, 0.01617883719407332, -0.006639916277314328, -0.03011094256905247, -0.000332535691869138, 0.01683954934094376]",247104,0
joint_interaction_residual_4h_trial24,4,24,discovery,,,,,"[NaN, NaN, NaN, NaN, NaN, NaN, NaN, NaN, NaN, NaN, NaN, NaN]",840960,0
joint_interaction_residual_4h_trial24,4,24,validation,0.0058801983999358385,0.006178765645307023,0.030984389426889736,,"[0.01581787625029849, 0.010364212878190414, 0.002097553295533703, 0.07891863578036921, -0.006119368970790399, -0.007150383096892949, 0.010586959685393976, 0.00947459134947395, 0.029081728122294138, -0.04559457871931725, -0.027233494702690042, 0.003901455871821035]",246528,0
joint_12h_trial19,12,1,discovery,,,,,"[NaN, NaN, NaN, NaN, NaN, NaN, NaN, NaN, NaN, NaN, NaN, NaN]",842064,0
joint_12h_trial19,12,1,validation,,,,,"[NaN, NaN, NaN, NaN, NaN, NaN, NaN, NaN, NaN, NaN, NaN, NaN]",247632,0
joint_12h_trial19,12,4,discovery,,,,,"[NaN, NaN, NaN, NaN, NaN, NaN, NaN, NaN, NaN, NaN, NaN, NaN]",841920,0
joint_12h_trial19,12,4,validation,,,,,"[NaN, NaN, NaN, NaN, NaN, NaN, NaN, NaN, NaN, NaN, NaN, NaN]",247488,0
joint_12h_trial19,12,12,discovery,,,,,"[NaN, NaN, NaN, NaN, NaN, NaN, NaN, NaN, NaN, NaN, NaN, NaN]",841536,0
joint_12h_trial19,12,12,validation,,,,,"[NaN, NaN, NaN, NaN, NaN, NaN, NaN, NaN, NaN, NaN, NaN, NaN]",247104,0
joint_12h_trial19,12,24,discovery,,,,,"[NaN, NaN, NaN, NaN, NaN, NaN, NaN, NaN, NaN, NaN, NaN, NaN]",840960,0
joint_12h_trial19,12,24,validation,,,,,"[NaN, NaN, NaN, NaN, NaN, NaN, NaN, NaN, NaN, NaN, NaN, NaN]",246528,0
joint_interaction_4h_trial20,4,1,discovery,,,,,"[NaN, NaN, NaN, NaN, NaN, NaN, NaN, NaN, NaN, NaN, NaN, NaN]",842064,0
joint_interaction_4h_trial20,4,1,validation,,,,,"[NaN, NaN, NaN, NaN, NaN, NaN, NaN, NaN, NaN, NaN, NaN, NaN]",247632,0
joint_interaction_4h_trial20,4,4,discovery,,,,,"[NaN, NaN, NaN, NaN, NaN, NaN, NaN, NaN, NaN, NaN, NaN, NaN]",841920,0
joint_interaction_4h_trial20,4,4,validation,,,,,"[NaN, NaN, NaN, NaN, NaN, NaN, NaN, NaN, NaN, NaN, NaN, NaN]",247488,0
joint_interaction_4h_trial20,4,12,discovery,,,,,"[NaN, NaN, NaN, NaN, NaN, NaN, NaN, NaN, NaN, NaN, NaN, NaN]",841536,0
joint_interaction_4h_trial20,4,12,validation,,,,,"[NaN, NaN, NaN, NaN, NaN, NaN, NaN, NaN, NaN, NaN, NaN, NaN]",247104,0
joint_interaction_4h_trial20,4,24,discovery,,,,,"[NaN, NaN, NaN, NaN, NaN, NaN, NaN, NaN, NaN, NaN, NaN, NaN]",840960,0
joint_interaction_4h_trial20,4,24,validation,,,,,"[NaN, NaN, NaN, NaN, NaN, NaN, NaN, NaN, NaN, NaN, NaN, NaN]",246528,0
joint_interaction_12h_trial23,12,1,discovery,,,,,"[NaN, NaN, NaN, NaN, NaN, NaN, NaN, NaN, NaN, NaN, NaN, NaN]",842064,0
joint_interaction_12h_trial23,12,1,validation,,,,,"[NaN, NaN, NaN, NaN, NaN, NaN, NaN, NaN, NaN, NaN, NaN, NaN]",247632,0
joint_interaction_12h_trial23,12,4,discovery,,,,,"[NaN, NaN, NaN, NaN, NaN, NaN, NaN, NaN, NaN, NaN, NaN, NaN]",841920,0
joint_interaction_12h_trial23,12,4,validation,,,,,"[NaN, NaN, NaN, NaN, NaN, NaN, NaN, NaN, NaN, NaN, NaN, NaN]",247488,0
joint_interaction_12h_trial23,12,12,discovery,,,,,"[NaN, NaN, NaN, NaN, NaN, NaN, NaN, NaN, NaN, NaN, NaN, NaN]",841536,0
joint_interaction_12h_trial23,12,12,validation,,,,,"[NaN, NaN, NaN, NaN, NaN, NaN, NaN, NaN, NaN, NaN, NaN, NaN]",247104,0
joint_interaction_12h_trial23,12,24,discovery,,,,,"[NaN, NaN, NaN, NaN, NaN, NaN, NaN, NaN, NaN, NaN, NaN, NaN]",840960,0
joint_interaction_12h_trial23,12,24,validation,,,,,"[NaN, NaN, NaN, NaN, NaN, NaN, NaN, NaN, NaN, NaN, NaN, NaN]",246528,0
F4_12h_trial14,12,1,discovery,-0.0006373974754826255,0.0002933198502835517,-0.0004932799383076093,,"[-0.007259614110801674, 0.0031571612382593622, -0.018968643921594624, -0.010243532839108461, 0.006552958500500629, 0.00939284425928622, 0.007804941892492391, -0.005400301761109254, 0.00450943498442471, 0.0052299398511459535, 0.0077393629951801315, 0.0010052871147272378]",842064,0
F4_12h_trial14,12,1,validation,-0.0021975947431804098,0.0006118852636055172,-0.0036367427231019027,,"[-0.009461881906004948, 0.008405487180304469, -0.013489919690767677, 0.026094842160808582, 0.002116252756915094, 0.02568812806247231, -0.002624370777439513, -0.01478709647043676, -0.011093400131764079, -0.014244772490278152, 0.00885559525341433, 0.0018837592160425554]",247632,0
F4_12h_trial14,12,4,discovery,0.0026438209739409932,0.0031935483638947503,0.005212640317517025,,"[-0.009325245099352784, 0.011713856147763598, -0.024795432151564666, -0.02165107401584781, 0.015289780364535235, 0.03193459192996114, 0.01242016087924433, -0.01506222939248975, 0.012706756535036723, 0.01430070328419421, 0.00920396168236746, 0.00158675020288932]",841920,0
F4_12h_trial14,12,4,validation,-0.003887352888449991,0.001812818346324811,-0.004125834895893928,,"[-0.009575166214916355, 0.014345259168082594, -0.025368327927147105, 0.05897862057903802, 0.007310069842531197, 0.04711341188780434, 0.0007243382295512779, -0.015321176857399149, -0.015103176692072694, -0.049040318919824286, 0.017028962693211528, -0.009338675632961623]",247488,0
F4_12h_trial14,12,12,discovery,0.004741059327322293,0.00485796735212122,0.001025517444888162,,"[0.006127538112919591, 0.029674272074617786, -0.019501254585902, -0.027685328311366747, 0.020705902585942335, 0.03853304832766469, 0.023965357039311103, -0.03452722972634777, 0.009870391337115899, 0.011842039636249928, -0.0019082925728958903, 0.001199164308145727]",841536,0
F4_12h_trial14,12,12,validation,-0.010147501583039394,-0.0007907840462889485,-0.008627188413721724,,"[0.01986445362794004, -0.004862879743540605, -0.048740129508700894, 0.0769909435009855, 0.014395737584693967, 0.08221341934713179, -0.03342369089718042, -0.021815708671171188, -0.007755773891376845, -0.09943171864433381, 0.029276534555327013, -0.016200595815241924]",247104,0
F4_12h_trial14,12,24,discovery,0.009621186946765961,0.006745889401851079,0.023290134652969367,,"[0.024363485703896078, 0.05149045201625122, 0.013268562169504625, -0.02324168125232927, 0.004067834739776826, 0.02490119163645351, 0.026584730749660147, -0.06032794408005964, 0.0095604211860098, 0.04150483263519183, -0.02582800500097383, -0.005393207681168356]",840960,0
F4_12h_trial14,12,24,validation,-0.01034656564501303,0.0007975831009545213,-0.015373882429545783,,"[0.01418571600047232, 0.003267508547953181, -0.047843344274508016, 0.09012592509225031, 0.005355867322941643, 0.036514662469816654, -0.052576115013957966, -0.028874270656678098, 0.013770558387580787, -0.1143877512828002, 0.09264016302402708, -0.0026079224056434615]",246528,0
old_nonlinear_12h_trial7,12,1,discovery,-0.0014165193121685549,-0.0022686169830385817,-0.0012484041293408016,,"[-0.004858475930312205, 0.005920774342452864, -0.002150426805398718, 0.0006012920854647759, 0.005194775881673186, 0.004838792816039508, -0.004671462114542323, -0.011836255599413644, -0.014649692296833902, 0.011142124483800081, -0.02535001955176802, 0.00859516889237542]",842064,0
old_nonlinear_12h_trial7,12,1,validation,0.0009267391511480307,0.0006430693462868403,0.000255131494653973,,"[0.009397440109704414, -0.014436171092067168, 0.0054843263292394155, -0.02080778179161496, -0.019874214643534848, -0.0056548551681145295, -0.001970018998256326, -0.0072212440461573366, 0.01427190557268092, 0.012965850861898501, 0.03806988416994978, -0.0025082891482857803]",247632,0
old_nonlinear_12h_trial7,12,4,discovery,-0.004689446371204153,-0.005860139746959221,-0.003067581524177824,,"[-0.009479058779762019, -0.004057116307151986, -0.015158170144858313, -0.0007286959208036373, 0.01280131119798584, 0.007134972823906869, 0.005131289586658016, -0.018639335409432935, -0.05160954454004298, 0.02310885377423547, -0.05058105252015837, 0.03175486927591339]",841920,0
old_nonlinear_12h_trial7,12,4,validation,-0.007016014913479663,-0.00624869193465396,-0.02281062317548038,,"[0.011388536753241625, -0.033457385422030576, -0.005174481068443289, -0.04878735947313258, -0.04464023773308181, -0.002499175656682929, 0.004933206789651168, -0.006614920169792918, 0.005655128497977701, -0.009134730090664005, 0.05244569305062383, 0.0009014213064862858]",247488,0
old_nonlinear_12h_trial7,12,12,discovery,-0.0021547380283285047,-0.0023960240099587023,-0.002055038700118626,,"[0.00902104380733314, -0.007480169166245009, -0.015693415337927116, -0.014949229700076824, 0.020883391782627908, 0.009681764020821748, 0.038178128929241655, -0.015808332610875157, -0.05480483990440825, 0.02107441504398891, -0.04736575212311975, 0.02851070713913432]",841536,0
old_nonlinear_12h_trial7,12,12,validation,-0.010779702644431895,-0.00671768712573606,-0.02340154993999141,,"[0.038721953977176364, -0.0028430375744265724, -0.016812697021800656, -0.05975839326894329, -0.05088903883567668, -0.02046844498412919, -0.01585567796690533, 0.038598125000072925, -0.04143568170322491, -3.1634450936041555e-05, 0.06656116153873608, -0.016398880218775405]",247104,0
old_nonlinear_12h_trial7,12,24,discovery,-0.004568190101854295,-0.0023539808644933795,-0.011782930537684236,,"[-0.007089438358389522, 0.013067178370328855, -0.025918493572380314, -0.01664658975879085, 0.01791921244157042, 0.017452622223862527, 0.03651971631416513, -0.01658890513652245, -0.07653420372054663, 0.03479616747633529, -0.014223142403499601, 0.00899810574994659]",840960,0
old_nonlinear_12h_trial7,12,24,validation,-0.014253675122150287,-0.0074243849039606034,-0.027955577563467306,,"[0.0392184585426441, -0.010750984498787402, -0.006441244393037742, -0.07820947061281357, -0.018176890997615686, 0.01408411901206262, -0.004173941907971766, 0.043326867968167065, -0.08742463457610884, -0.013264457659239143, 0.036717670681122715, -0.003998110405949589]",246528,0
F3_12h_trial11,12,1,discovery,0.0011991508226239982,0.0031210361172900342,0.004553067902179064,-0.03664948711040023,"[-0.004739629071642056, -0.017177632697640183, -0.0203853178225458, 0.012935999189727253, 0.011451208454094638, -0.0025006121703107895, 0.02400780888529115, 0.01689089356042705, 0.011596918959976147, 0.014818842491370977, -0.014934451759380655, 0.0054884053881126835]",842064,843
F3_12h_trial11,12,1,validation,-0.008968291541590614,-0.0062519923790165625,-0.0047106469934825364,,"[0.028780202190541376, 0.005453432532421137, -0.009485188116542963, 0.006166481448265391, -0.02342442033731836, -0.03193223975641386, -0.011342125323848757, 0.0027553715421090906, -0.0498440168738887, 0.0233781618274288, -0.0056479077163819865, -0.009881659964569921]",247632,0
F3_12h_trial11,12,4,discovery,0.00018774651788783648,0.001407933620984018,0.013614549191171565,0.03070402729184423,"[0.013684805122605163, -0.019500813698992023, -0.031067936344483054, 0.015441136269997746, 0.002136294736545322, 0.006599870656343144, 0.01886217196986189, 0.029631649236126593, 0.010688939518999706, -0.018191836094144875, -0.022818989923650425, 0.011429912002599036]",841920,843
F3_12h_trial11,12,4,validation,-0.015601496997398523,-0.009536802795024333,-0.013530000909995996,,"[0.03657742868214935, -0.0019252744086326924, -0.027939596254279626, 0.00023592309582933212, -0.03984651772221265, -0.009364084662752804, -0.010831933866329248, -0.007287668820912488, -0.07475897763786411, 0.02172158755921561, 0.010493284969939254, -0.011515804474441926]",247488,0
F3_12h_trial11,12,12,discovery,-0.004641605834384457,-0.0020582954506445663,-0.02438840163953536,-0.00777385150946264,"[0.0035724556909003443, -0.02998679979482474, -0.04419102569919293, 0.022738065950640336, 0.0012346080503842524, 0.012992513811509718, 0.017428631402643197, 0.01649243240697664, 0.013719353237674838, -0.016701801619065575, -0.0238416058451356, 0.001843626999754725]",841536,843
F3_12h_trial11,12,12,validation,-0.010129879024703366,-0.004974948711020722,-0.005467779107574287,,"[0.04201719219208673, 0.0367215225804045, -0.0363529556403663, -0.0026407958719919297, -0.04428470777607549, -0.046757137471278826, 0.016534437007199244, 0.02063931037843351, -0.06413784502551832, 0.012793612445065855, 0.0032097688563011775, 0.0025582137934911943]",247104,0
F3_12h_trial11,12,24,discovery,0.00013520522741726788,0.0006021673417858671,0.011652754937636848,0.08076655555857992,"[-0.0006448508281639605, -0.01897100252599056, -0.037738817520389115, 0.014699277761429933, -0.0009770560846773006, 0.019403071982648616, 0.01574764994009004, 0.014926470261445262, 0.01063225508118756, -0.0031601877882928846, -0.02324560161872867, 0.016554799440871484]",840960,843
F3_12h_trial11,12,24,validation,-0.009398134017179373,-0.0015439483831062358,0.005885447731839063,,"[0.04917765708676296, 0.014023379122263115, -0.044725908836043445, 0.009683083484108632, -0.02374585987030476, -0.02039794985484989, 0.055542932319198185, 0.019399933090543872, -0.05363627092583633, -0.0032725805977907407, -0.0031323619728891848, -0.01744343364243724]",246528,0
