id,period,past_risk_quintile,observations,mean_abs_forecast_bps,mean_abs_forecast_in_risk_units,forecast_edge_active_share
pool_12h_trial71,discovery,1,168420,1.3885875096124274,0.016235099877525562,0.010913193207457546
pool_12h_trial71,discovery,2,168420,2.385999364152212,0.02329927875820883,0.0354470965443534
pool_12h_trial71,discovery,3,168420,2.8969368243136517,0.023684052327524532,0.07054387839923999
pool_12h_trial71,discovery,4,168420,3.4924538959600047,0.022451502762889312,0.12307326920793255
pool_12h_trial71,discovery,5,168432,5.9037568890300625,0.023507383577153113,0.2659292770969887
pool_12h_trial71,validation,1,100300,2.916383280319781,0.03609166533643096,0.038125623130608174
pool_12h_trial71,validation,2,53479,3.701408358338229,0.03693019558283759,0.09005403990351353
pool_12h_trial71,validation,3,40060,4.548794806690589,0.037177184679321594,0.16050923614578133
pool_12h_trial71,validation,4,34010,5.5267249425653056,0.035596831530265306,0.2424581005586592
pool_12h_trial71,validation,5,19831,9.82552389084188,0.04120660551089319,0.46568503857596694
pool_4h_trial28,discovery,1,168420,0.33863588243350085,0.006852339380598238,0.0
pool_4h_trial28,discovery,2,168420,0.5860614690854795,0.009869720097544773,0.0
pool_4h_trial28,discovery,3,168420,0.7114548512138866,0.010075017269512702,1.187507421921387e-05
pool_4h_trial28,discovery,4,168420,0.8768055044323585,0.00975467789571613,0.00010687566797292483
pool_4h_trial28,discovery,5,168432,1.4411858034507525,0.009979118441565755,0.008804740191887527
pool_4h_trial28,validation,1,100300,0.6963017718482619,0.014905212472889685,0.0
pool_4h_trial28,validation,2,53479,0.8847631483935253,0.015254516723756236,0.0
pool_4h_trial28,validation,3,40060,1.076123221545996,0.015199740307461565,0.0
pool_4h_trial28,validation,4,34010,1.3591983551116624,0.014929867123364379,0.0004116436342252279
pool_4h_trial28,validation,5,19831,2.462182145653201,0.017609459772306754,0.02960012102264132
seed_OLD_12h_trial42,discovery,1,168420,0.6948762969503645,0.00887557746311192,0.0
seed_OLD_12h_trial42,discovery,2,168420,0.8718132990616486,0.00855830264088917,0.0
seed_OLD_12h_trial42,discovery,3,168420,1.0333204517878614,0.008496798336511563,0.0
seed_OLD_12h_trial42,discovery,4,168420,1.3015308473826315,0.008389999720702234,0.0003384396152475953
seed_OLD_12h_trial42,discovery,5,168432,2.4245958429592878,0.009391408155375588,0.03215540989835661
seed_OLD_12h_trial42,validation,1,100300,0.890711043254168,0.011137556637662412,0.0
seed_OLD_12h_trial42,validation,2,53479,1.0556436511629335,0.010689914808120657,0.0
seed_OLD_12h_trial42,validation,3,40060,1.3346508114594409,0.010928961737327856,4.992511233150274e-05
seed_OLD_12h_trial42,validation,4,34010,1.8063414043880581,0.011532996730000638,0.003057924139958836
seed_OLD_12h_trial42,validation,5,19831,3.350753005585107,0.01324982720190277,0.09041399828551258
seed_F4_12h_trial38,discovery,1,168420,0.7006805755510093,0.0082046022773408,0.0
seed_F4_12h_trial38,discovery,2,168420,1.1165622259967787,0.010937673774218303,0.0
seed_F4_12h_trial38,discovery,3,168420,1.3529688426831399,0.011099729572427204,0.0006115663222895143
seed_F4_12h_trial38,discovery,4,168420,1.5873790141853146,0.010296350738727622,0.007831611447571548
seed_F4_12h_trial38,discovery,5,168432,2.571532001720467,0.010388844630761188,0.06000641208321459
seed_F4_12h_trial38,validation,1,100300,1.3432396449702868,0.016567683198548278,0.0
seed_F4_12h_trial38,validation,2,53479,1.581957339480015,0.015914924727872138,0.0005983657136446082
seed_F4_12h_trial38,validation,3,40060,1.9668804263862592,0.016222884225346772,0.002196704942586121
seed_F4_12h_trial38,validation,4,34010,2.5328869499050666,0.016073285811705338,0.010144075271978829
seed_F4_12h_trial38,validation,5,19831,4.132395247218022,0.01736539126790473,0.13841964600877416
seed_OLD_4h_trial40,discovery,1,168420,0.3145360685706897,0.006968971506348817,0.0
seed_OLD_4h_trial40,discovery,2,168420,0.38917969492047766,0.00661792967331653,0.0
seed_OLD_4h_trial40,discovery,3,168420,0.46112196059431826,0.006562012838324524,0.0
seed_OLD_4h_trial40,discovery,4,168420,0.5784036708320782,0.006460118064823409,0.0
seed_OLD_4h_trial40,discovery,5,168432,1.073725844661209,0.007189068110915001,0.0031526075805072672
seed_OLD_4h_trial40,validation,1,100300,0.34175412764627805,0.00739860001949217,0.0
seed_OLD_4h_trial40,validation,2,53479,0.4082752435860458,0.0071561043980632,0.0
seed_OLD_4h_trial40,validation,3,40060,0.5134497526610893,0.007280717191330616,0.0
seed_OLD_4h_trial40,validation,4,34010,0.6942312294039686,0.007684032310131281,0.0
seed_OLD_4h_trial40,validation,5,19831,1.273097178529393,0.008769485480669612,0.0008572437093439564
seed_F4_4h_trial36,discovery,1,168420,0.23071735861871487,0.004702540366131899,0.0
seed_F4_4h_trial36,discovery,2,168420,0.3674286872080913,0.0062185628329728924,0.0
seed_F4_4h_trial36,discovery,3,168420,0.4487956943750994,0.0063900427316313565,0.0
seed_F4_4h_trial36,discovery,4,168420,0.5529486906450981,0.006181187455072698,0.0
seed_F4_4h_trial36,discovery,5,168432,0.8358684950253025,0.006016780445612451,9.499382540134892e-05
seed_F4_4h_trial36,validation,1,100300,0.47035209744662343,0.010045280418193645,0.0
seed_F4_4h_trial36,validation,2,53479,0.5557922529231429,0.009677792836490902,0.0
seed_F4_4h_trial36,validation,3,40060,0.6902801603563642,0.009858672989248573,0.0
seed_F4_4h_trial36,validation,4,34010,0.8876319435515244,0.009761406106388764,0.0
seed_F4_4h_trial36,validation,5,19831,1.4468969326084653,0.010521853522485929,0.0
F3_4h_trial9,discovery,1,168420,0.10454944911054614,0.002347723205460779,0.0
F3_4h_trial9,discovery,2,168420,0.1220980196311775,0.0020695515364063284,0.0
F3_4h_trial9,discovery,3,168420,0.14942149479759403,0.0021208459257193455,0.0
F3_4h_trial9,discovery,4,168420,0.20398220370041453,0.002264698769143088,0.0
F3_4h_trial9,discovery,5,168432,0.3144439995768983,0.0022138924874477513,1.1874228175168615e-05
F3_4h_trial9,validation,1,100300,0.13171418049598638,0.0028218303876508598,0.0
F3_4h_trial9,validation,2,53479,0.16267954698742765,0.0028288465326848744,0.0
F3_4h_trial9,validation,3,40060,0.20514318360954767,0.0029050053739330534,0.0
F3_4h_trial9,validation,4,34010,0.26188267224411743,0.0029012880917723125,0.0
F3_4h_trial9,validation,5,19831,0.382252074278337,0.002849408360990734,0.0
seed_F3_12h_trial35,discovery,1,168420,0.03686331770641384,0.0004641431873691952,0.0
seed_F3_12h_trial35,discovery,2,168420,0.050010693989973196,0.0004880450669254894,0.0
seed_F3_12h_trial35,discovery,3,168420,0.061891865220063055,0.0005046274855034782,0.0
seed_F3_12h_trial35,discovery,4,168420,0.08028696769291313,0.0005141894116566162,0.0
seed_F3_12h_trial35,discovery,5,168432,0.13599623066585007,0.0005373714106438983,0.0
seed_F3_12h_trial35,validation,1,100300,0.03977617585206814,0.00048815612880156594,0.0
seed_F3_12h_trial35,validation,2,53479,0.050241800919124044,0.0005030700215683221,0.0
seed_F3_12h_trial35,validation,3,40060,0.06416990587628804,0.0005232912829890309,0.0
seed_F3_12h_trial35,validation,4,34010,0.07838005625297308,0.0005009056896726513,0.0
seed_F3_12h_trial35,validation,5,19831,0.12389394375298367,0.0005082212732334544,0.0
old_nonlinear_4h_trial4,discovery,1,168420,0.01662113624922493,0.0003401854411031389,0.0
old_nonlinear_4h_trial4,discovery,2,168420,0.025504940323704536,0.0004258193043874267,0.0
old_nonlinear_4h_trial4,discovery,3,168420,0.02748344016708162,0.0003936312283414858,0.0
old_nonlinear_4h_trial4,discovery,4,168420,0.03226535371949581,0.00037119602716379683,0.0
old_nonlinear_4h_trial4,discovery,5,168432,0.04120456052301981,0.00030475596921923686,0.0
old_nonlinear_4h_trial4,validation,1,100300,0.047249931838038904,0.001005324470636706,0.0
old_nonlinear_4h_trial4,validation,2,53479,0.05969418550395264,0.0010374220932901723,0.0
old_nonlinear_4h_trial4,validation,3,40060,0.0737395371562278,0.0010471670161353158,0.0
old_nonlinear_4h_trial4,validation,4,34010,0.0945842331209466,0.001045119957965278,0.0
old_nonlinear_4h_trial4,validation,5,19831,0.1458627412725002,0.0010553419986798168,0.0
seed_F3_4h_trial33,discovery,1,168420,0.01699734051072698,0.00036864173530170636,0.0
seed_F3_4h_trial33,discovery,2,168420,0.023541426440504193,0.0003979485144329635,0.0
seed_F3_4h_trial33,discovery,3,168420,0.02905725970506406,0.0004109598380342809,0.0
seed_F3_4h_trial33,discovery,4,168420,0.037581908342291415,0.0004170711039311106,0.0
seed_F3_4h_trial33,discovery,5,168432,0.06262398162360476,0.0004302018387887464,0.0
seed_F3_4h_trial33,validation,1,100300,0.012442191898282717,0.00026463050807491175,0.0
seed_F3_4h_trial33,validation,2,53479,0.015677939040467947,0.0002719655072980743,0.0
seed_F3_4h_trial33,validation,3,40060,0.01968172887156695,0.00027813603450133165,0.0
seed_F3_4h_trial33,validation,4,34010,0.024283873012890516,0.0002690329356304115,0.0
seed_F3_4h_trial33,validation,5,19831,0.03792476772259417,0.0002716946598128385,0.0
joint_4h_trial17,discovery,1,168420,0.009714301315813162,0.00019936027060764772,0.0
joint_4h_trial17,discovery,2,168420,0.016105626304974845,0.0002738347325833615,0.0
joint_4h_trial17,discovery,3,168420,0.01887033625037296,0.00027010760337268613,0.0
joint_4h_trial17,discovery,4,168420,0.021644925323527957,0.00024555051541322233,0.0
joint_4h_trial17,discovery,5,168432,0.035151014421089866,0.00024197945824238357,0.0
joint_4h_trial17,validation,1,100300,0.03764878622186508,0.0008138841497469517,0.0
joint_4h_trial17,validation,2,53479,0.04660056163423127,0.0008130410170133831,0.0
joint_4h_trial17,validation,3,40060,0.056788198237530285,0.0008061684864050236,0.0
joint_4h_trial17,validation,4,34010,0.07123394828177738,0.0007952385685754734,0.0
joint_4h_trial17,validation,5,19831,0.1106452658084524,0.0008038512866362809,0.0
joint_interaction_residual_12h_trial27,discovery,1,168420,0.0,0.0,0.0
joint_interaction_residual_12h_trial27,discovery,2,168420,0.0,0.0,0.0
joint_interaction_residual_12h_trial27,discovery,3,168420,0.0,0.0,0.0
joint_interaction_residual_12h_trial27,discovery,4,168420,0.0,0.0,0.0
joint_interaction_residual_12h_trial27,discovery,5,168432,0.0,0.0,0.0
joint_interaction_residual_12h_trial27,validation,1,100300,0.0,0.0,0.0
joint_interaction_residual_12h_trial27,validation,2,53479,0.0,0.0,0.0
joint_interaction_residual_12h_trial27,validation,3,40060,0.0,0.0,0.0
joint_interaction_residual_12h_trial27,validation,4,34010,0.0,0.0,0.0
joint_interaction_residual_12h_trial27,validation,5,19831,0.0,0.0,0.0
F7_reference_12h_trial51,discovery,1,168420,0.0,0.0,0.0
F7_reference_12h_trial51,discovery,2,168420,0.0,0.0,0.0
F7_reference_12h_trial51,discovery,3,168420,0.0,0.0,0.0
F7_reference_12h_trial51,discovery,4,168420,0.0,0.0,0.0
F7_reference_12h_trial51,discovery,5,168432,0.0,0.0,0.0
F7_reference_12h_trial51,validation,1,100300,0.0,0.0,0.0
F7_reference_12h_trial51,validation,2,53479,0.0,0.0,0.0
F7_reference_12h_trial51,validation,3,40060,0.0,0.0,0.0
F7_reference_12h_trial51,validation,4,34010,0.0,0.0,0.0
F7_reference_12h_trial51,validation,5,19831,0.0,0.0,0.0
F7_reference_4h_trial49,discovery,1,168420,0.0,0.0,0.0
F7_reference_4h_trial49,discovery,2,168420,0.0,0.0,0.0
F7_reference_4h_trial49,discovery,3,168420,0.0,0.0,0.0
F7_reference_4h_trial49,discovery,4,168420,0.0,0.0,0.0
F7_reference_4h_trial49,discovery,5,168432,0.0,0.0,0.0
F7_reference_4h_trial49,validation,1,100300,0.0,0.0,0.0
F7_reference_4h_trial49,validation,2,53479,0.0,0.0,0.0
F7_reference_4h_trial49,validation,3,40060,0.0,0.0,0.0
F7_reference_4h_trial49,validation,4,34010,0.0,0.0,0.0
F7_reference_4h_trial49,validation,5,19831,0.0,0.0,0.0
F4_4h_trial12,discovery,1,168420,0.0,0.0,0.0
F4_4h_trial12,discovery,2,168420,0.0,0.0,0.0
F4_4h_trial12,discovery,3,168420,0.0,0.0,0.0
F4_4h_trial12,discovery,4,168420,0.0,0.0,0.0
F4_4h_trial12,discovery,5,168432,0.0,0.0,0.0
F4_4h_trial12,validation,1,100300,0.0,0.0,0.0
F4_4h_trial12,validation,2,53479,0.0,0.0,0.0
F4_4h_trial12,validation,3,40060,0.0,0.0,0.0
F4_4h_trial12,validation,4,34010,0.0,0.0,0.0
F4_4h_trial12,validation,5,19831,0.0,0.0,0.0
F7_raw_12h_trial47,discovery,1,168420,0.00407517212463284,4.843436933282841e-05,0.0
F7_raw_12h_trial47,discovery,2,168420,0.007310983377928688,7.213910802449493e-05,0.0
F7_raw_12h_trial47,discovery,3,168420,0.009850924867129582,8.080166280280715e-05,0.0
F7_raw_12h_trial47,discovery,4,168420,0.016012984057973235,0.00010117418506093866,0.0
F7_raw_12h_trial47,discovery,5,168432,0.02609898611502122,0.00010729817871443354,0.0
F7_raw_12h_trial47,validation,1,100300,1.4822e-319,1.897e-321,0.0
F7_raw_12h_trial47,validation,2,53479,1.4822e-319,1.537e-321,0.0
F7_raw_12h_trial47,validation,3,40060,1.4822e-319,1.27e-321,0.0
F7_raw_12h_trial47,validation,4,34010,1.4822e-319,1.01e-321,0.0
F7_raw_12h_trial47,validation,5,19831,1.4822e-319,6.87e-322,0.0
old_12h_trial63,discovery,1,168420,0.0,0.0,0.0
old_12h_trial63,discovery,2,168420,0.0,0.0,0.0
old_12h_trial63,discovery,3,168420,0.0,0.0,0.0
old_12h_trial63,discovery,4,168420,0.0,0.0,0.0
old_12h_trial63,discovery,5,168432,0.0,0.0,0.0
old_12h_trial63,validation,1,100300,0.0,0.0,0.0
old_12h_trial63,validation,2,53479,0.0,0.0,0.0
old_12h_trial63,validation,3,40060,0.0,0.0,0.0
old_12h_trial63,validation,4,34010,0.0,0.0,0.0
old_12h_trial63,validation,5,19831,0.0,0.0,0.0
old_4h_trial0,discovery,1,168420,0.0,0.0,0.0
old_4h_trial0,discovery,2,168420,0.0,0.0,0.0
old_4h_trial0,discovery,3,168420,0.0,0.0,0.0
old_4h_trial0,discovery,4,168420,0.0,0.0,0.0
old_4h_trial0,discovery,5,168432,0.0,0.0,0.0
old_4h_trial0,validation,1,100300,0.0,0.0,0.0
old_4h_trial0,validation,2,53479,0.0,0.0,0.0
old_4h_trial0,validation,3,40060,0.0,0.0,0.0
old_4h_trial0,validation,4,34010,0.0,0.0,0.0
old_4h_trial0,validation,5,19831,0.0,0.0,0.0
F7_raw_4h_trial45,discovery,1,168420,0.0,0.0,0.0
F7_raw_4h_trial45,discovery,2,168420,0.0,0.0,0.0
F7_raw_4h_trial45,discovery,3,168420,0.0,0.0,0.0
F7_raw_4h_trial45,discovery,4,168420,0.0,0.0,0.0
F7_raw_4h_trial45,discovery,5,168432,0.0,0.0,0.0
F7_raw_4h_trial45,validation,1,100300,0.0,0.0,0.0
F7_raw_4h_trial45,validation,2,53479,0.0,0.0,0.0
F7_raw_4h_trial45,validation,3,40060,0.0,0.0,0.0
F7_raw_4h_trial45,validation,4,34010,0.0,0.0,0.0
F7_raw_4h_trial45,validation,5,19831,0.0,0.0,0.0
joint_interaction_residual_4h_trial24,discovery,1,168420,0.0,0.0,0.0
joint_interaction_residual_4h_trial24,discovery,2,168420,0.0,0.0,0.0
joint_interaction_residual_4h_trial24,discovery,3,168420,0.0,0.0,0.0
joint_interaction_residual_4h_trial24,discovery,4,168420,0.0,0.0,0.0
joint_interaction_residual_4h_trial24,discovery,5,168432,0.0,0.0,0.0
joint_interaction_residual_4h_trial24,validation,1,100300,0.004257254584255208,9.18750474255426e-05,0.0
joint_interaction_residual_4h_trial24,validation,2,53479,0.005183914949937204,9.062325106051635e-05,0.0
joint_interaction_residual_4h_trial24,validation,3,40060,0.0064660275033718165,9.112412747500278e-05,0.0
joint_interaction_residual_4h_trial24,validation,4,34010,0.007821050448665037,8.641654289910983e-05,0.0
joint_interaction_residual_4h_trial24,validation,5,19831,0.01243955401165794,9.061256097450596e-05,0.0
joint_12h_trial19,discovery,1,168420,0.0,0.0,0.0
joint_12h_trial19,discovery,2,168420,0.0,0.0,0.0
joint_12h_trial19,discovery,3,168420,0.0,0.0,0.0
joint_12h_trial19,discovery,4,168420,0.0,0.0,0.0
joint_12h_trial19,discovery,5,168432,0.0,0.0,0.0
joint_12h_trial19,validation,1,100300,0.0,0.0,0.0
joint_12h_trial19,validation,2,53479,0.0,0.0,0.0
joint_12h_trial19,validation,3,40060,0.0,0.0,0.0
joint_12h_trial19,validation,4,34010,0.0,0.0,0.0
joint_12h_trial19,validation,5,19831,0.0,0.0,0.0
joint_interaction_4h_trial20,discovery,1,168420,0.0,0.0,0.0
joint_interaction_4h_trial20,discovery,2,168420,0.0,0.0,0.0
joint_interaction_4h_trial20,discovery,3,168420,0.0,0.0,0.0
joint_interaction_4h_trial20,discovery,4,168420,0.0,0.0,0.0
joint_interaction_4h_trial20,discovery,5,168432,0.0,0.0,0.0
joint_interaction_4h_trial20,validation,1,100300,0.0,0.0,0.0
joint_interaction_4h_trial20,validation,2,53479,0.0,0.0,0.0
joint_interaction_4h_trial20,validation,3,40060,0.0,0.0,0.0
joint_interaction_4h_trial20,validation,4,34010,0.0,0.0,0.0
joint_interaction_4h_trial20,validation,5,19831,0.0,0.0,0.0
joint_interaction_12h_trial23,discovery,1,168420,0.0,0.0,0.0
joint_interaction_12h_trial23,discovery,2,168420,0.0,0.0,0.0
joint_interaction_12h_trial23,discovery,3,168420,0.0,0.0,0.0
joint_interaction_12h_trial23,discovery,4,168420,0.0,0.0,0.0
joint_interaction_12h_trial23,discovery,5,168432,0.0,0.0,0.0
joint_interaction_12h_trial23,validation,1,100300,0.0,0.0,0.0
joint_interaction_12h_trial23,validation,2,53479,0.0,0.0,0.0
joint_interaction_12h_trial23,validation,3,40060,0.0,0.0,0.0
joint_interaction_12h_trial23,validation,4,34010,0.0,0.0,0.0
joint_interaction_12h_trial23,validation,5,19831,0.0,0.0,0.0
F4_12h_trial14,discovery,1,168420,0.06892295541509413,0.0008080785995086428,0.0
F4_12h_trial14,discovery,2,168420,0.11948728889847564,0.0011714579843596549,0.0
F4_12h_trial14,discovery,3,168420,0.15015020244281788,0.001231219977518941,0.0
F4_12h_trial14,discovery,4,168420,0.19102392799435702,0.0012272538519717989,0.0
F4_12h_trial14,discovery,5,168432,0.2912611304979753,0.0012086401776764408,0.0
F4_12h_trial14,validation,1,100300,0.1542683886896207,0.001909744527555165,0.0
F4_12h_trial14,validation,2,53479,0.19709317848183608,0.0019821874775960042,0.0
F4_12h_trial14,validation,3,40060,0.2334410574613692,0.001901684940895849,0.0
F4_12h_trial14,validation,4,34010,0.2926086211542502,0.0018726460557664116,0.0
F4_12h_trial14,validation,5,19831,0.4804736406097347,0.0020548258184697288,0.0
old_nonlinear_12h_trial7,discovery,1,168420,0.06406187882190753,0.0007540992117028973,0.0
old_nonlinear_12h_trial7,discovery,2,168420,0.10451397469590548,0.0010106369185368107,0.0
old_nonlinear_12h_trial7,discovery,3,168420,0.12216098147122216,0.001007640159247981,0.0
old_nonlinear_12h_trial7,discovery,4,168420,0.1392809134236043,0.0009131414209357342,0.0
old_nonlinear_12h_trial7,discovery,5,168432,0.2283562091859235,0.0009066642118830477,0.0
old_nonlinear_12h_trial7,validation,1,100300,0.09928230783048851,0.0012200685302660233,0.0
old_nonlinear_12h_trial7,validation,2,53479,0.12545742027661672,0.001247002020413234,0.0
old_nonlinear_12h_trial7,validation,3,40060,0.16849898913868933,0.0013744276757889893,0.0
old_nonlinear_12h_trial7,validation,4,34010,0.19906018432494815,0.001278115213059395,0.0
old_nonlinear_12h_trial7,validation,5,19831,0.3082831545722798,0.001295080990166311,0.0
F3_12h_trial11,discovery,1,168420,0.3214381777970766,0.004257146861385583,0.0
F3_12h_trial11,discovery,2,168420,0.34878393246991735,0.003422526540655847,5.937537109606935e-06
F3_12h_trial11,discovery,3,168420,0.442999069573324,0.0036231382324748065,2.9687685548034677e-05
F3_12h_trial11,discovery,4,168420,0.6272448086357353,0.004013403634519834,0.0005046906543165894
F3_12h_trial11,discovery,5,168432,1.014423596878577,0.004088835842176066,0.0044647097938633985
F3_12h_trial11,validation,1,100300,0.12537801302725643,0.0015501838858444793,0.0
F3_12h_trial11,validation,2,53479,0.15542318636142785,0.0015578321908931555,0.0
F3_12h_trial11,validation,3,40060,0.19861004069725868,0.001615890536107574,0.0
F3_12h_trial11,validation,4,34010,0.2560539622569335,0.0016297738968178504,0.0
F3_12h_trial11,validation,5,19831,0.3851045226304174,0.0016274503081471251,0.0
