round,asset,period,period_wealth_contribution_pp
round2,ADAUSDT,discovery,-0.31077001296600876
round2,AVAXUSDT,discovery,0.05501503004023845
round2,BCHUSDT,discovery,-0.16719896374444546
round2,BNBUSDT,discovery,-0.0131712666460683
round2,BTCUSDT,discovery,0.02284640699183413
round2,DOGEUSDT,discovery,-0.010059916173676967
round2,ETHUSDT,discovery,0.04606862628087543
round2,LINKUSDT,discovery,0.11486535930295962
round2,LTCUSDT,discovery,0.10662856801941112
round2,SOLUSDT,discovery,0.3933469027216273
round2,TRXUSDT,discovery,-0.14192514632865283
round2,XRPUSDT,discovery,-0.16592469843346608
round2,ADAUSDT,validation,-0.324701056005681
round2,AVAXUSDT,validation,0.05020791634532112
round2,BCHUSDT,validation,0.10620353745567394
round2,BNBUSDT,validation,-0.1670107595819934
round2,BTCUSDT,validation,-0.09295294933231973
round2,DOGEUSDT,validation,0.03488761040312791
round2,ETHUSDT,validation,0.17976854366817965
round2,LINKUSDT,validation,-0.052299497702319626
round2,LTCUSDT,validation,0.36095788460812933
round2,SOLUSDT,validation,0.19395754283610553
round2,TRXUSDT,validation,-0.04226863978077928
round2,XRPUSDT,validation,-0.06867676039361309
round3,ADAUSDT,discovery,-0.31077001296600876
round3,AVAXUSDT,discovery,0.05501503004023845
round3,BCHUSDT,discovery,-0.16719896374444546
round3,BNBUSDT,discovery,-0.0131712666460683
round3,BTCUSDT,discovery,0.02284640699183413
round3,DOGEUSDT,discovery,-0.010059916173676967
round3,ETHUSDT,discovery,0.04606862628087543
round3,LINKUSDT,discovery,0.11486535930295962
round3,LTCUSDT,discovery,0.10662856801941112
round3,SOLUSDT,discovery,0.3933469027216273
round3,TRXUSDT,discovery,-0.14192514632865283
round3,XRPUSDT,discovery,-0.16592469843346608
round3,ADAUSDT,validation,-0.324701056005681
round3,AVAXUSDT,validation,0.05020791634532112
round3,BCHUSDT,validation,0.10620353745567394
round3,BNBUSDT,validation,-0.1670107595819934
round3,BTCUSDT,validation,-0.09295294933231973
round3,DOGEUSDT,validation,0.03488761040312791
round3,ETHUSDT,validation,0.17976854366817965
round3,LINKUSDT,validation,-0.052299497702319626
round3,LTCUSDT,validation,0.36095788460812933
round3,SOLUSDT,validation,0.19395754283610553
round3,TRXUSDT,validation,-0.04226863978077928
round3,XRPUSDT,validation,-0.06867676039361309
round3,ADAUSDT,holdout,-0.04791264942326184
round3,AVAXUSDT,holdout,0.0014991077509226066
round3,BCHUSDT,holdout,0.2829515862291939
round3,BNBUSDT,holdout,0.01147800987266053
round3,BTCUSDT,holdout,0.011424677646897809
round3,DOGEUSDT,holdout,0.029356822165123118
round3,ETHUSDT,holdout,-0.16776069643399308
round3,LINKUSDT,holdout,0.027791905849706863
round3,LTCUSDT,holdout,0.03510700988168912
round3,SOLUSDT,holdout,0.03787660994024671
round3,TRXUSDT,holdout,-0.008533436435277993
round3,XRPUSDT,holdout,0.07269528082989259
