source,id,ledger_identity_error,price_identity_error,wealth_contribution_error_pp
outputs\effective_combo_mature_state_20261009_r4_history,adaptive_equal__edge16,4.336808689942018e-19,2.3635607360183997e-17,2.9114488597770105e-12
outputs\effective_combo_mature_state_20261009_r4_history,anchor_wide__edge16,4.336808689942018e-19,2.3635607360183997e-17,2.9105606813573104e-12
outputs\effective_combo_mature_state_20261009_r4_history,asset_shrunk__edge16,8.673617379884035e-19,2.3852447794681098e-17,1.8598456108520622e-12
outputs\effective_combo_mature_state_20261009_r4_history,base15__edge16,8.673617379884035e-19,2.2768245622195593e-17,3.3741898164407758e-12
outputs\effective_combo_mature_state_20261009_r4_history,base31__edge16,1.3010426069826053e-18,2.2551405187698492e-17,8.952838470577262e-13
outputs\effective_combo_mature_state_20261009_r4_history,base_ensemble__edge16,4.336808689942018e-19,2.0816681711721685e-17,2.6645352591003757e-12
outputs\effective_combo_mature_state_20261009_r4_history,base_ridge__edge16,2.168404344971009e-19,7.047314121155779e-18,8.089362513175047e-13
outputs\effective_combo_mature_state_20261009_r4_history,pair_position__edge16,4.336808689942018e-19,2.3418766925686896e-17,8.357758929378178e-13
outputs\effective_combo_mature_state_20261009_r4_history,pair_prediction__edge16,4.336808689942018e-19,2.3201926491189795e-17,1.4459544672718039e-12
outputs\effective_combo_mature_state_20261009_r4_history,stack_asset__edge16,8.673617379884035e-19,2.2551405187698492e-17,1.5019097077129118e-12
outputs\effective_combo_mature_state_20261009_r4_history,stack_global__edge16,4.336808689942018e-19,2.2768245622195593e-17,2.3661073100811336e-12
outputs\effective_combo_mature_state_20261009_r4_history,state_cal1__edge16,8.673617379884035e-19,1.3010426069826053e-17,1.6142642778049776e-12
outputs\effective_combo_mature_state_20261009_r4_history,state_cal3__edge16,2.168404344971009e-19,9.432558900623889e-18,2.3872015475490116e-12
outputs\effective_combo_mature_state_20261009_r4_history,state_cal6__edge16,2.168404344971009e-19,1.1709383462843448e-17,2.220446049250313e-12
outputs\effective_combo_mature_state_20261009_r4_history,state_score1__edge16,4.336808689942018e-19,2.3201926491189795e-17,1.4459544672718039e-12
outputs\effective_combo_mature_state_20261009_r4_history,state_score3__edge16,4.336808689942018e-19,2.3201926491189795e-17,1.4459544672718039e-12
outputs\effective_combo_mature_state_20261009_r4_history,state_score3_smooth__edge16,4.336808689942018e-19,1.3444106938820255e-17,4.2086334417490434e-12
outputs\effective_combo_mature_state_20261009_r4_history,state_score6__edge16,4.336808689942018e-19,2.3201926491189795e-17,1.4459544672718039e-12
outputs\effective_combo_mature_state_20261009_r4_history,wide15__edge16,8.673617379884035e-19,2.45029690981724e-17,1.4619416788264061e-12
outputs\effective_combo_mature_state_20261009_r4_history,wide15_static__edge16,8.673617379884035e-19,2.2985086056692694e-17,1.900701818158268e-13
outputs\effective_combo_mature_state_20261009_r4_history,wide31__edge16,8.673617379884035e-19,2.47198095326695e-17,1.056044141023449e-12
outputs\effective_combo_mature_state_20261009_r4_history,wide_cov__edge16,8.673617379884035e-19,2.4069288229178198e-17,8.784084570834239e-13
outputs\effective_combo_mature_state_20261009_r4_history,wide_equal__edge16,8.673617379884035e-19,2.3852447794681098e-17,6.332712132461893e-13
outputs\effective_combo_mature_state_20261009_r4_history,wide_ridge__edge16,6.505213034913027e-19,8.890457814381136e-18,1.7986723221952161e-12
outputs\effective_combo_mature_state_20261009_r4_oos,adaptive_equal__edge16,4.336808689942018e-19,1.6154612370034016e-17,3.4150460237469815e-13
outputs\effective_combo_mature_state_20261009_r4_oos,anchor_wide__edge16,4.336808689942018e-19,1.691355389077387e-17,8.29558643999917e-13
outputs\effective_combo_mature_state_20261009_r4_oos,asset_shrunk__edge16,4.336808689942018e-19,1.7672495411513722e-17,1.5276668818842154e-12
outputs\effective_combo_mature_state_20261009_r4_oos,base15__edge16,2.168404344971009e-19,1.748276003132876e-17,8.659739592076221e-13
outputs\effective_combo_mature_state_20261009_r4_oos,base31__edge16,1.3010426069826053e-18,1.8865117801247777e-17,1.5631940186722204e-13
outputs\effective_combo_mature_state_20261009_r4_oos,base_ensemble__edge16,4.336808689942018e-19,1.3769367590565906e-17,1.98463467881993e-12
outputs\effective_combo_mature_state_20261009_r4_oos,base_ridge__edge16,6.776263578034403e-21,2.9815559743351372e-18,5.400541125410996e-14
outputs\effective_combo_mature_state_20261009_r4_oos,pair_position__edge16,4.336808689942018e-19,1.1655173354219173e-17,1.6213697051625786e-12
outputs\effective_combo_mature_state_20261009_r4_oos,pair_prediction__edge16,4.336808689942018e-19,1.3660947373317356e-17,3.0109248427834245e-13
outputs\effective_combo_mature_state_20261009_r4_oos,stack_asset__edge16,4.336808689942018e-19,1.3227266504323154e-17,2.6556534749033744e-13
outputs\effective_combo_mature_state_20261009_r4_oos,stack_global__edge16,4.336808689942018e-19,1.2793585635328952e-17,7.394085344003543e-13
outputs\effective_combo_mature_state_20261009_r4_oos,state_cal1__edge16,2.168404344971009e-19,1.2468324983583301e-17,7.256417688950023e-13
outputs\effective_combo_mature_state_20261009_r4_oos,state_cal3__edge16,1.0842021724855044e-19,8.294146619514109e-18,8.643086246706844e-14
outputs\effective_combo_mature_state_20261009_r4_oos,state_cal6__edge16,6.776263578034403e-21,1.6127507315721878e-18,1.3412188026862282e-13
outputs\effective_combo_mature_state_20261009_r4_oos,state_score1__edge16,1.3010426069826053e-18,1.4094628242311558e-17,1.0904610547868288e-12
outputs\effective_combo_mature_state_20261009_r4_oos,state_score3__edge16,4.336808689942018e-19,1.3660947373317356e-17,8.348877145181177e-14
outputs\effective_combo_mature_state_20261009_r4_oos,state_score3_smooth__edge16,2.168404344971009e-19,1.0516761073109393e-17,5.577760475716786e-13
outputs\effective_combo_mature_state_20261009_r4_oos,state_score6__edge16,4.336808689942018e-19,1.3660947373317356e-17,5.719869022868806e-13
outputs\effective_combo_mature_state_20261009_r4_oos,wide15__edge16,4.336808689942018e-19,1.8539857149502126e-17,5.3290705182007514e-14
outputs\effective_combo_mature_state_20261009_r4_oos,wide15_static__edge16,4.336808689942018e-19,2.1141942363467336e-17,8.150147223773274e-13
outputs\effective_combo_mature_state_20261009_r4_oos,wide31__edge16,4.336808689942018e-19,1.919037845299343e-17,2.4868995751603507e-14
outputs\effective_combo_mature_state_20261009_r4_oos,wide_cov__edge16,4.336808689942018e-19,1.6696713456276768e-17,2.9753977059954195e-14
outputs\effective_combo_mature_state_20261009_r4_oos,wide_equal__edge16,4.336808689942018e-19,1.691355389077387e-17,2.2728485760126205e-12
outputs\effective_combo_mature_state_20261009_r4_oos,wide_ridge__edge16,2.710505431213761e-20,4.580754178751256e-18,2.6451063561694355e-13
