id,period,vs,mean_daily_difference_bps,difference_mean_low_bps,difference_mean_high_bps,positive_difference_fraction
adaptive_equal__edge16,validation,base_ensemble__edge16,-0.038273263874715586,-0.748021272195303,0.7359408389283536,0.462
anchor_wide__edge16,validation,base_ensemble__edge16,0.8561339466924813,-0.17956169323312846,1.9419759335327684,0.915
asset_shrunk__edge16,validation,base_ensemble__edge16,-0.06337739106417063,-1.3585468768678832,1.2868053297194628,0.467
base15__edge16,validation,base_ensemble__edge16,0.7038766616724613,-0.18498755046178775,1.7203709877138258,0.886
base31__edge16,validation,base_ensemble__edge16,-0.19247731054378628,-1.867601654387262,1.5110763077649327,0.449
base_ensemble__edge16,validation,base_ensemble__edge16,0.0,0.0,0.0,0.0
base_ridge__edge16,validation,base_ensemble__edge16,-2.4844315787111086,-4.99536864933584,-0.11481033228582031,0.044
pair_position__edge16,validation,base_ensemble__edge16,0.18297157577389025,-0.879384158322529,1.293948354681048,0.613
pair_prediction__edge16,validation,base_ensemble__edge16,0.372022279509245,-0.6094291407568028,1.4144117927298818,0.708
stack_asset__edge16,validation,base_ensemble__edge16,0.23885569572979878,-0.3295950889852414,0.8674768815440768,0.73
stack_global__edge16,validation,base_ensemble__edge16,0.24852479773667263,-0.32403227030915877,0.8915066791008311,0.731
state_cal1__edge16,validation,base_ensemble__edge16,-1.640886628052589,-3.748566789018044,0.38374758062991715,0.082
state_cal3__edge16,validation,base_ensemble__edge16,-1.7250732343446187,-3.8092768899022387,0.2761234878387616,0.074
state_cal6__edge16,validation,base_ensemble__edge16,-1.5364238495225642,-3.5710495261084443,0.5269020426552683,0.095
state_score1__edge16,validation,base_ensemble__edge16,0.372022279509245,-0.6094291407568028,1.4144117927298818,0.708
state_score3__edge16,validation,base_ensemble__edge16,0.372022279509245,-0.6094291407568028,1.4144117927298818,0.708
state_score3_smooth__edge16,validation,base_ensemble__edge16,-1.8583008638806708,-4.5047728092357415,0.5771830884549799,0.111
state_score6__edge16,validation,base_ensemble__edge16,0.372022279509245,-0.6094291407568028,1.4144117927298818,0.708
wide15__edge16,validation,base_ensemble__edge16,0.32951926957783945,-1.3168414626521312,2.039006794575155,0.628
wide15_static__edge16,validation,base_ensemble__edge16,-0.6007706202349888,-2.92896410021997,1.7876512315828705,0.344
wide31__edge16,validation,base_ensemble__edge16,-0.8118660699019352,-3.2579007709852483,1.6814898007161172,0.291
wide_cov__edge16,validation,base_ensemble__edge16,-0.6013739628838525,-1.7364670311958517,0.5824758037740395,0.183
wide_equal__edge16,validation,base_ensemble__edge16,-0.5920602529065986,-1.7273009172404539,0.5918170743367723,0.186
wide_ridge__edge16,validation,base_ensemble__edge16,-2.3001962875883497,-4.719244138217931,0.02509144212751991,0.054
adaptive_equal__edge16,oos,base_ensemble__edge16,-0.03207917054685259,-0.465357147300678,0.3788828093580578,0.42
anchor_wide__edge16,oos,base_ensemble__edge16,-0.49917222955509133,-1.054062393047109,0.035836077437225854,0.067
asset_shrunk__edge16,oos,base_ensemble__edge16,-0.31568038709855606,-1.021210499040004,0.4153699747485025,0.225
base15__edge16,oos,base_ensemble__edge16,-0.4421275117818994,-1.0738934091362546,0.20005719282548565,0.132
base31__edge16,oos,base_ensemble__edge16,-2.784519995830371,-4.228218668504694,-1.3321507548086262,0.0
base_ensemble__edge16,oos,base_ensemble__edge16,0.0,0.0,0.0,0.0
base_ridge__edge16,oos,base_ensemble__edge16,1.768135926781806,0.2911351587654177,3.3519214162855113,0.979
pair_position__edge16,oos,base_ensemble__edge16,1.0243051308955575,-1.3658992044771838,4.154832808938711,0.721
pair_prediction__edge16,oos,base_ensemble__edge16,1.4782388038315708,-1.0812346370277426,4.576036616675257,0.804
stack_asset__edge16,oos,base_ensemble__edge16,0.792027399839608,-0.38318375677682226,2.259703116498843,0.849
stack_global__edge16,oos,base_ensemble__edge16,0.8267118049680755,-0.35026345657410113,2.328457609532961,0.865
state_cal1__edge16,oos,base_ensemble__edge16,2.8909725136380535,0.7473561172237532,5.847527342897304,0.997
state_cal3__edge16,oos,base_ensemble__edge16,1.567873267941373,0.19251712996106488,2.9068214718939513,0.975
state_cal6__edge16,oos,base_ensemble__edge16,1.8184991075911383,0.3416141547089294,3.415751965639112,0.982
state_score1__edge16,oos,base_ensemble__edge16,1.2027657825483034,-1.5511586520155944,4.427628884383006,0.755
state_score3__edge16,oos,base_ensemble__edge16,-0.9897114397536249,-2.932296024773503,0.7609130641981475,0.191
state_score3_smooth__edge16,oos,base_ensemble__edge16,-0.27269131133796354,-1.7251732087356995,1.0655385309890928,0.392
state_score6__edge16,oos,base_ensemble__edge16,-0.49892148352776566,-2.281334354022093,1.0173976409400511,0.324
wide15__edge16,oos,base_ensemble__edge16,-1.1359730876020704,-2.0285890383822167,-0.24531750976573594,0.009
wide15_static__edge16,oos,base_ensemble__edge16,2.1385238734374186,-2.723264999062921,8.065444435638886,0.74
wide31__edge16,oos,base_ensemble__edge16,-1.9432673385313468,-3.6135361667378514,-0.22468923942151597,0.03
wide_cov__edge16,oos,base_ensemble__edge16,-0.08817045755990513,-0.6673198080571031,0.498163530509091,0.362
wide_equal__edge16,oos,base_ensemble__edge16,-0.1325347649887168,-0.7287227194217901,0.4702027324061207,0.328
wide_ridge__edge16,oos,base_ensemble__edge16,1.714110843766707,0.26934495023359095,3.2823397079149363,0.979
