id,period,days,block_days,trials,sharpe_low,sharpe_high,positive_mean_fraction,mean_low,mean_high
adaptive_equal__edge16,validation,215,7,1000,-0.027062845322395914,3.782650539750468,0.945,-2.9243380296505813e-06,0.000510035445343736
anchor_wide__edge16,validation,215,7,1000,0.22511807545056742,4.0607763113726305,0.965,3.140844629268855e-05,0.0006485060931325099
asset_shrunk__edge16,validation,215,7,1000,-0.2941512741193517,3.6577839567120685,0.927,-4.187981337541041e-05,0.0005240113625130083
base15__edge16,validation,215,7,1000,0.15852772859211933,3.909373324481016,0.961,2.0734781638594925e-05,0.0006193252483609916
base31__edge16,validation,215,7,1000,-0.6226565394788056,3.465722676672826,0.874,-0.00011136521078568019,0.0005893942753179613
base_ensemble__edge16,validation,215,7,1000,0.1500188535829571,3.834197362174997,0.965,1.8132464446881862e-05,0.0005010348669915105
base_ridge__edge16,validation,215,7,1000,-1.2153705629503895,3.0038787184644953,0.625,-5.0661838749445225e-05,6.214435088465538e-05
pair_position__edge16,validation,215,7,1000,0.7071905618082381,4.033520252648255,0.99,7.311477192325326e-05,0.0004636690881997097
pair_prediction__edge16,validation,215,7,1000,0.7617149467770941,4.106328574716652,0.99,8.539084107328587e-05,0.0004993406730708362
stack_asset__edge16,validation,215,7,1000,0.47281763166077057,4.0017802820651704,0.981,5.346461920565664e-05,0.0005139784021262637
stack_global__edge16,validation,215,7,1000,0.4907952428591708,4.027331688039811,0.981,5.495191824074449e-05,0.0005142479023500749
state_cal1__edge16,validation,215,7,1000,0.49800914558245835,3.835101226873301,0.976,1.5142918506353561e-05,0.0001715670051201732
state_cal3__edge16,validation,215,7,1000,0.558610266279681,3.8625806401212763,0.982,1.939428279283087e-05,0.0001538206899056396
state_cal6__edge16,validation,215,7,1000,0.8581028841825037,4.130481053136617,0.987,3.0152137296807026e-05,0.00018754633172825914
state_score1__edge16,validation,215,7,1000,0.7617149467770941,4.106328574716652,0.99,8.539084107328587e-05,0.0004993406730708362
state_score3__edge16,validation,215,7,1000,0.7617149467770941,4.106328574716652,0.99,8.539084107328587e-05,0.0004993406730708362
state_score3_smooth__edge16,validation,215,7,1000,-0.5279465966585549,2.8100465708354214,0.868,-3.267300449332355e-05,0.00017574281054816418
state_score6__edge16,validation,215,7,1000,0.7617149467770941,4.106328574716652,0.99,8.539084107328587e-05,0.0004993406730708362
wide15__edge16,validation,215,7,1000,-0.2826682963990261,3.7152333553956796,0.928,-4.3382841006518325e-05,0.0006276283039119013
wide15_static__edge16,validation,215,7,1000,0.15311616506946138,3.915119421644133,0.958,1.8830542385881262e-05,0.00037140414346164516
wide31__edge16,validation,215,7,1000,-1.2807333168218291,3.115833708591298,0.758,-0.0002218824616623451,0.0005935118019723945
wide_cov__edge16,validation,215,7,1000,-0.5627551891927498,3.356472883225275,0.898,-7.291207649989233e-05,0.00045691963569198247
wide_equal__edge16,validation,215,7,1000,-0.5677647551061847,3.359695059675185,0.896,-7.419222763989846e-05,0.0004585148589830637
wide_ridge__edge16,validation,215,7,1000,-0.8628870622966535,3.5324748240279775,0.753,-4.177703869779604e-05,9.142572305147214e-05
adaptive_equal__edge16,oos,209,7,1000,-4.126602360380346,-0.24341683578219975,0.036,-0.0003695381698470174,-1.7060434634645948e-05
anchor_wide__edge16,oos,209,7,1000,-4.557274322947664,-0.6173683970517905,0.013,-0.00040871046527501183,-4.6804385976332894e-05
asset_shrunk__edge16,oos,209,7,1000,-4.212377396808132,-0.22741730772341914,0.035,-0.0004146628277181907,-1.8830900241285835e-05
base15__edge16,oos,209,7,1000,-4.5793164118314165,-0.5075318160985275,0.019,-0.0003989016384581259,-3.9157203211144714e-05
base31__edge16,oos,209,7,1000,-5.380344270515448,-1.4736556547798842,0.0,-0.000756353723448102,-0.0001795075616441402
base_ensemble__edge16,oos,209,7,1000,-4.465414876022249,-0.5168306968055435,0.019,-0.0003382873675818867,-3.290528232335202e-05
base_ridge__edge16,oos,209,7,1000,-2.9176433045649475,1.1955349553137486,0.244,-8.008124206003035e-06,2.947979663589317e-06
pair_position__edge16,oos,209,7,1000,-3.493628971101809,2.2697250760718286,0.326,-0.00034362373207184774,0.00016451158808430792
pair_prediction__edge16,oos,209,7,1000,-2.9044973399448692,3.1964844549971465,0.456,-0.0002981702052699299,0.00020389259946353912
stack_asset__edge16,oos,209,7,1000,-4.116537304550927,0.7598460530215533,0.121,-0.00025746134777814483,3.389941635364678e-05
stack_global__edge16,oos,209,7,1000,-4.135573220168493,0.8018080459714503,0.136,-0.0002537188553321724,3.6241649328783105e-05
state_cal1__edge16,oos,209,7,1000,-0.16746319642680352,4.226853416482745,0.938,-3.19370381054318e-06,0.0002727747189233549
state_cal3__edge16,oos,209,7,1000,-3.873648538998941,1.7271002472647805,0.254,-7.313215777112999e-05,7.677597025729084e-06
state_cal6__edge16,oos,209,7,1000,0.7050369514278177,3.7144249346266127,0.986,4.71108384731237e-07,5.443584679615881e-06
state_score1__edge16,oos,209,7,1000,-3.2293483708693076,2.889026963292783,0.39,-0.00032869000215249853,0.0001897109348824932
state_score3__edge16,oos,209,7,1000,-5.025568478998777,-1.4404228105099457,0.008,-0.0005453933214574268,-6.456559733572067e-05
state_score3_smooth__edge16,oos,209,7,1000,-4.753014126077632,-1.890782168806131,0.001,-0.00040192552682310985,-5.0250512554170495e-05
state_score6__edge16,oos,209,7,1000,-4.520157679973193,-0.42164936017280813,0.03,-0.0004997324896023473,-1.4795402511516766e-05
wide15__edge16,oos,209,7,1000,-4.624822805950414,-0.9194964893710731,0.004,-0.0005224911133404765,-8.287378585002355e-05
wide15_static__edge16,oos,209,7,1000,-2.5807485060989075,2.99585052714805,0.565,-0.00043140189774660664,0.0005281763754637318
wide31__edge16,oos,209,7,1000,-4.410909116995293,-0.7258855616765465,0.014,-0.0006696999873270234,-9.081071247244323e-05
wide_cov__edge16,oos,209,7,1000,-4.050533776131221,-0.2837820212767903,0.035,-0.0003841867179993152,-2.0483383059905834e-05
wide_equal__edge16,oos,209,7,1000,-4.069788870504882,-0.2884177773574882,0.032,-0.00039185875519043127,-2.1629651414132826e-05
wide_ridge__edge16,oos,209,7,1000,-2.636236194850388,0.4859358308406887,0.099,-1.925982080116724e-05,2.189733289323157e-06
