id,period,common_price_contribution_pct,relative_price_contribution_pct,long_price_contribution_pct,short_price_contribution_pct,funding_contribution_pct,fee_contribution_pct,price_check
base_ridge__edge8,oos,-0.1420264960639907,0.02553660988554397,0.0724755283951701,-0.18896541457362054,-0.0023382761630520474,0.12199889962870207,4.9873299934333204e-18
base_ridge__edge16,oos,-0.03174903429755836,0.0027685820604362948,0.01211061208703848,-0.04109106432416152,-0.0002609494541848893,0.016786937303810288,2.9815559743351372e-18
base15__edge8,oos,-1.55567469798995,-0.4131772118518116,0.642533247383696,-2.6113851572254485,-0.038211659060398286,4.888398825337517,1.984089975648473e-17
base15__edge16,oos,-1.2610806090374942,-0.3105672939612499,0.6950193507894733,-2.266667253788216,-0.03114728789654334,2.9918687996955753,1.748276003132876e-17
base31__edge8,oos,-4.6906213329603,-0.1591294042529426,0.555476731628869,-5.405227468842118,-0.023171847401470123,7.005308279620637,1.919037845299343e-17
base31__edge16,oos,-3.884509223576732,-0.3966626116756878,0.8755854512465944,-5.156757286499012,-0.018124715260604295,4.881425602008489,1.8539857149502126e-17
wide_ridge__edge8,oos,-0.37276232318070224,-0.06397237193909017,0.06289282992095539,-0.49962752504075564,-0.003374902985863475,0.22797847277002486,6.288372600415926e-18
wide_ridge__edge16,oos,-0.08452395570769737,-0.030618304929512254,-0.006506774748309795,-0.1086354858889024,-0.0001920332815459912,0.04373909909092186,4.553649124439119e-18
wide15__edge8,oos,-2.7276590408287174,-1.0717757670066528,0.4558675462516028,-4.255302354086988,-0.03322139521738554,4.835329642683125,1.9081958235744878e-17
wide15__edge16,oos,-2.0722882186645055,-0.9122408696907348,0.3537882655806343,-3.3383173539358877,-0.02580041306056263,2.96345812255044,1.8431436932253575e-17
wide31__edge8,oos,-2.7975173468443715,-0.04790869498803385,1.7804927793552126,-4.625918821187722,-0.04382876136687714,7.351889884032484,2.0383000842727483e-17
wide31__edge16,oos,-2.3559278572623654,-0.03445651158867757,1.3483590354048274,-3.738743404255947,-0.036853185730152074,5.148307503976004,1.951563910473908e-17
wide15_static__edge8,oos,2.4500303337201896,0.08064497879744034,2.7896251952145965,-0.2589498826969672,-0.0022940492702138568,2.99810736559362,2.211772431870429e-17
wide15_static__edge16,oos,2.115118006406375,0.2663986836579205,2.324696710258132,0.05681997980616048,-0.008212504621931844,1.727835214254155,2.1358782797964437e-17
base_ensemble__edge8,oos,-2.395723745870826,-0.11123994292267808,0.6888264657574544,-3.1957901545509584,-0.023238281023969902,3.4297791867965173,1.474514954580286e-17
base_ensemble__edge16,oos,-1.7159003407876405,-0.1686519037488638,0.6892291701697878,-2.5737814147062834,-0.015605529055898518,1.7930141236027888,1.3823577699190182e-17
wide_equal__edge8,oos,-2.2161686865519448,-0.33640924954536805,0.7784023964592356,-3.330980332556583,-0.030284618324689292,3.5592875662795334,1.7564075194265172e-17
wide_equal__edge16,oos,-1.7193299174624914,-0.3215435983740791,0.48904751968918364,-2.5299210355257813,-0.020900817502120854,1.9039219882100222,1.6588293239028218e-17
wide_cov__edge8,oos,-2.186470855191574,-0.333941229445789,0.7627239811772604,-3.2831360658146562,-0.029902727849440612,3.484602415604548,1.745565497701662e-17
wide_cov__edge16,oos,-1.688717218416337,-0.3174190972457521,0.477439592071743,-2.483575907733857,-0.020552671798412806,1.8491341837367583,1.6696713456276768e-17
asset_shrunk__edge8,oos,-1.5430140283393399,-0.4689317283309933,1.3737228260925465,-3.3856685827628805,-0.028969447541516778,4.186675633000717,1.8106176280507924e-17
asset_shrunk__edge16,oos,-1.347858631633198,-0.6382899391181194,0.7636394756051301,-2.7497880463564477,-0.020269215132854918,2.330743503645733,1.7564075194265172e-17
adaptive_equal__edge8,oos,-1.982457101446377,-0.3782863239455884,0.7242254422791858,-3.084968867671159,-0.02657656835663215,3.3168236056901472,1.7564075194265172e-17
adaptive_equal__edge16,oos,-1.6137545287985384,-0.4024473257556816,0.6277295266058197,-2.643931381160045,-0.018591832313363938,1.7266216861278014,1.6154612370034016e-17
