intervention,net_return_pct,net_sum_pct,price_gross_pct,funding_pct,fee_pct,sharpe,max_drawdown_pct,mean_abs_position,turnover,positive_asset_share,break_even_bps,validation_residual_ic,removed_forecast_rms_bps,wealth_difference_from_original_pp
original,0.17807337251793953,0.17841752812587372,0.7518206024301055,0.001782590850544791,0.5751856651547765,0.9404885378157886,-0.3014856482849049,0.002523527395611398,14.379641628869411,0.5,5.240764775164301,0.007641896022181307,0.0,0.0
remove_OLD,-0.14541048072730378,-0.1451718119119967,0.009000470824977576,-0.006351438355108858,0.14782084438186543,-0.5564484125467704,-0.39189184107020214,0.0007811681496778687,3.695521109546635,0.25,0.07168224429906446,0.002245837336812544,1.4446819495140537,-0.3234838532452433
remove_F1,0.1812958995579761,0.18165764286293123,0.7324314575688934,0.0019393399022969288,0.552713154608259,1.0215600515785013,-0.29225238625875116,0.002500178789526921,13.817828865206472,0.5,5.314661258545099,0.007655975260644223,0.03353474837407575,0.00322252704003656
remove_F2,0.1824418278892237,0.18278502321137374,0.7430819124210988,0.001782627752426852,0.562079516962152,0.970528705414519,-0.2880335417159485,0.002526110058179044,14.051987924053797,0.5833333333333334,5.300776973331208,0.007576095359882183,0.009546615367611415,0.004368455371284163
remove_F3,0.15796484189425364,0.158268483606015,0.6448579760269308,-0.002730321931246334,0.48385917048966953,1.0562799313650064,-0.17563833423799302,0.0023008942825765437,12.096479262241736,0.4166666666666667,5.3083846975213556,0.008035802145787155,0.48023784568950956,-0.020108530623685894
remove_F4,-0.18674847278020712,-0.1865959869446785,0.10808411870523338,-0.004766513498326248,0.2899135921515859,-1.62733715255831,-0.34181689566370466,0.0014810550418384453,7.247839803789647,0.5,1.4254951544719006,0.004581464660525666,1.1213661291139525,-0.36482184529814665
remove_F5,0.07684097539431001,0.07731276429536876,0.5954101564236888,9.136899625403986e-06,0.5181065290279454,0.5357556766699688,-0.2925032530495808,0.002488093105520975,12.952663225698638,0.5,4.596887010402439,0.00587117426869548,0.26852691518224514,-0.10123239712362953
remove_F6,0.26015014485367693,0.2603272344206146,0.8340438966531449,0.0017492303999512957,0.5754658926324816,1.5133381921175302,-0.2673422173575579,0.002587288320043888,14.38664731581204,0.5,5.809505916882349,0.007485018452351,0.15043311746378932,0.0820767723357374
remove_F7,0.08122238880703403,0.08171334790515217,0.6302600000062083,0.0018139147671910574,0.5503605668682472,0.38280247916399146,-0.3397887188864801,0.0025125607036741823,13.75901417170618,0.5833333333333334,4.593889554043677,0.007392635952940979,0.053688174982364105,-0.0968509837109055
remove_all_structural_pool,-0.05985864945170505,-0.059577651242218185,0.19910292498653803,-0.0014088345289346878,0.2572717416998215,-0.3511406085076394,-0.33910397798309067,0.0013871803682931878,6.431793542495539,0.4166666666666667,3.0737008137997215,0.002122101682227368,1.2644356473558713,-0.23793202196964458
remove_all_pool,-0.0657506518477069,-0.06530288556498155,0.0005801028040381155,-0.00842357638970372,0.057459411979315984,-1.5947889839626603,-0.2045064847360445,0.00041312185154886036,1.4364852994828996,0.5833333333333334,-0.5460183677820489,-0.009547352384264735,1.9888332695026438,-0.24382402436564643
