id,period,net_return_pct,net_sum_pct,price_gross_pct,funding_pct,fee_pct,sharpe,max_drawdown_pct,mean_abs_position,turnover,positive_asset_share,break_even_bps,positive_discovery_folds,positive_validation_segments,natural_episodes,censored_episodes,holding_median_hours,holding_p90_hours,positive_contribution_assets,max_positive_asset_share,active_time_share,mean_net_exposure,mean_abs_net_exposure,wealth_attribution_error_pct,historical_rule_pass,activity_flag
ridge_asset_online__rms,validation,-4.517743739760882,-2.695438043432323,7.231071099947496,-0.2545194138026877,9.671989729577133,-0.2700250735117626,-18.366843273442456,0.241834492583584,241.79974323942827,0.25,2.885260171362829,2,2,4447,12,8.0,32.0,3,0.7455474255289287,0.999983850129199,0.0837210010886476,0.18454571497114935,1.2665424264923786e-12,False,substantive
ridge_asset_online__edge8,validation,-0.1097372454294531,-0.0256050829172975,0.6470645935442594,-0.020550705631055,0.6521189708305019,-0.0158087235974248,-4.499692446618209,0.0101008742349278,16.302974270762544,0.4166666666666667,3.842942260154228,3,2,1523,12,4.0,16.0,4,0.3123407773832264,0.6426195090439276,0.009165036844961932,0.010000102206709957,5.358907761987552e-13,False,substantive
ridge_asset_online__edge16,validation,0.2039340025536518,0.2213009660360963,0.4209620432742194,-0.0054547443352709,0.1942063329028518,0.3041505320233297,-1.877755999126185,0.002485272714025,4.855158322571297,0.5833333333333334,8.558058694137399,3,3,468,5,4.0,12.0,7,0.2833060722761777,0.21936369509043926,0.002463935349340835,0.0024852727140250125,8.771872117563362e-13,True,thin
tree7_static__rms,validation,-6.683061104678323,-5.563205156625794,5.879167665561128,0.0665327086923091,11.508905530879227,-0.8017506218161261,-15.919851953902509,0.174356301407538,287.72263827198066,0.4166666666666667,2.066469433883419,2,1,6935,12,8.0,20.0,5,0.3632580523193841,0.999983850129199,0.05290987931925002,0.1299047083113043,7.336353746723034e-13,False,substantive
tree7_static__edge8,validation,1.0325498718515955,1.3209479868246703,3.3084326188043174,0.0146536271839473,2.0021382591635946,0.484310927705915,-7.65954167263756,0.0260839702824616,50.053456479089874,0.6666666666666666,6.639074461074438,3,2,3171,12,4.0,8.0,8,0.3440516786093137,0.8054102067183463,0.01665609765959789,0.024260599187525468,1.7359447213038948e-12,True,substantive
tree7_static__edge16,validation,1.9781440116120488,2.141123980450746,3.1858677821647765,0.0038960211702505,1.0486398228842813,0.9720136353390793,-5.889173552914095,0.0138366736395521,26.215995572107037,0.6666666666666666,12.167242684190992,3,3,1166,12,4.0,8.0,8,0.3547241268790046,0.47982881136950906,0.012333607979976404,0.0135004152306915,2.0827783941967937e-13,True,substantive
tree15_online__rms,validation,5.723150922676545,5.987882512259019,19.72846894723711,-0.02440014915793,13.71618628582016,0.9485567692243906,-8.863825078671772,0.223293650243813,342.904657145504,0.5833333333333334,5.746223735222761,1,3,6744,12,8.0,20.0,7,0.2880960629666991,0.999983850129199,0.00410458936100005,0.12218448854819934,3.639755163931113e-12,False,substantive
tree15_online__edge8,validation,7.0223096263493545,6.978530385367193,13.521653547474838,-0.0282024687799467,6.5149206933277,1.8004633377738577,-5.057517874438289,0.088062748623114,162.87301733319248,0.8333333333333334,8.284644872201929,2,3,5583,12,4.0,12.0,10,0.18878372279389322,0.9992086563307494,0.00821737422236176,0.05912928636086427,4.902744876744691e-13,True,substantive
tree15_online__edge16,validation,7.171133113407446,7.076163735369498,11.61601679564236,-0.0280977601295442,4.511755300143316,2.1491096546551165,-4.07231023732002,0.0572062721858356,112.79388250358286,0.8333333333333334,10.273535034264585,3,3,3831,12,4.0,8.0,10,0.17038142277067272,0.9410691214470285,0.009458468824158467,0.04292844055092343,2.5579538487363607e-13,True,substantive
tree31_online__rms,validation,4.236704240110312,4.5661955768161535,19.36815661026742,-0.02634894003046,14.775612093420811,0.8007981035031138,-8.003224974728996,0.2347150682318314,369.3903023355203,0.5,5.2361438694913645,1,2,6951,12,8.0,16.0,6,0.3283247723400922,0.999983850129199,0.0020538920683691353,0.11982957934627854,1.2612133559741778e-12,False,substantive
tree31_online__edge8,validation,4.89531795885727,5.03719423804421,14.482612317496704,-0.0222944640157788,9.423123615436712,1.1717667259767497,-6.080415728963207,0.1292131092148498,235.5780903859178,0.6666666666666666,6.138226958963974,1,2,6417,11,4.0,12.0,8,0.267793748289563,0.999983850129199,0.001558859958904142,0.078156432412249,1.1475265182525618e-12,False,substantive
tree31_online__edge16,validation,5.064690242755709,5.149002622777674,12.32603553785004,-0.0200315480652887,7.157001367007078,1.3526898208065254,-5.481842085497812,0.0911681344831951,178.92503417517696,0.75,6.877742986896139,2,2,5122,11,4.0,12.0,9,0.22666505897134806,0.9945574935400516,0.0017905787110248498,0.06148798930576415,3.1246116805050406e-12,True,substantive
tree63_online__rms,validation,5.546824006928186,5.812801653280138,21.151227417537484,-0.0173092172820558,15.321116546975288,0.9771313459202712,-7.360238701077016,0.240342795164675,383.02791367438215,0.5,5.517592176903768,0,2,7068,12,8.0,16.0,5,0.30187380201957803,0.999983850129199,-0.0017939962287310933,0.11778950321914146,2.34035013590983e-12,False,substantive
tree63_online__edge8,validation,5.832116602066795,5.940512679134572,16.83216759925711,-0.0211564320737223,10.870498488048815,1.2416530615027097,-6.335273739319924,0.1501974457209217,271.7624622012204,0.5,6.185920980777711,2,2,6692,12,4.0,12.0,6,0.2918165542269284,0.999983850129199,-0.002230031809120091,0.08443612308823191,5.3370641239780525e-12,True,substantive
tree63_online__edge16,validation,5.642409130307513,5.7078839731164415,14.312281254366049,-0.0233406481642029,8.581056633085407,1.3342590016775893,-5.810366313812743,0.1103726073591858,214.52641582713517,0.5833333333333334,6.660690503362458,2,2,5635,11,4.0,12.0,8,0.33442239532322504,0.9992086563307494,-0.002000921196917221,0.06826826895893887,3.992361996552063e-12,True,substantive
fit255_static__rms,validation,-2.495049218327927,-2.1310636979795703,13.534938466897383,0.0093334741439782,15.675335639020934,-0.4421369676164177,-9.907756203008889,0.2384418740854141,391.8833909755233,0.4166666666666667,3.4561995361235724,2,2,7394,12,8.0,16.0,5,0.3628011087987607,0.999983850129199,0.015348113925049029,0.10472251986128804,1.127542503809309e-12,False,substantive
fit255_static__edge8,validation,-1.0933628768049153,-0.8586515625103033,9.87477495172994,0.0157626592450987,10.749189173485345,-0.2310923496868103,-6.848492298916864,0.1446090377334551,268.7297293371336,0.4166666666666667,3.68047764397772,2,2,6979,11,4.0,12.0,5,0.37945262595384555,0.999983850129199,0.011135874887034936,0.07444227115143422,3.5860203695392556e-13,False,substantive
fit255_static__edge16,validation,-0.5623556556664799,-0.3795032094695716,7.792318925833637,0.0185639945537569,8.190386129856964,-0.1190571249685407,-5.463675174887428,0.1020240890460579,204.7596532464241,0.4166666666666667,3.814659185316725,2,2,5951,10,4.0,12.0,5,0.3557367038254502,0.999983850129199,0.009232383806636876,0.05965221942598725,5.287992266289621e-13,False,substantive
ensemble__rms,validation,6.151520156847345,6.4852621256401966,20.26685175715008,-0.0576791954229967,13.723910436086886,1.0469021356023274,-8.921786227277584,0.2260467853402445,343.0977609021721,0.6666666666666666,5.890208233532992,1,2,6683,12,8.0,20.0,8,0.34900419624941076,0.999983850129199,0.0107441920643281,0.12627222515605355,3.197442310920451e-14,False,substantive
ensemble__edge8,validation,5.848493675181876,5.851495306206068,10.815285796122447,-0.0326166373580835,4.931173852558296,1.7878636192393005,-4.8680736418282855,0.0649896042640234,123.27934631395742,0.8333333333333334,8.746533366022215,2,3,5144,12,4.0,12.0,10,0.17767005061035043,0.9945574935400516,0.009587194105234386,0.047180381101617964,4.583000645652646e-13,True,substantive
ensemble__edge16,validation,5.592248115542775,5.562829017034037,8.704972191762307,-0.0247421107270718,3.1174010640012004,2.044604636525585,-3.9322814316405386,0.0383595303256777,77.93502660003,0.8333333333333334,11.13777778710849,3,3,3011,12,4.0,8.0,10,0.18319455238132584,0.8490794573643411,0.009129180429620841,0.03129186108296947,7.540634783254063e-13,True,substantive
