id,cost_bps,net_return_pct,net_sum_pct,price_gross_pct,funding_pct,fee_pct,sharpe,max_drawdown_pct,mean_abs_position,turnover,positive_asset_share,break_even_bps
ensemble__edge16,0,8.935162487887638,8.679575416824692,8.704316159013317,-0.02474074218862552,0.0,3.155240113123629,-3.596838814461578,0.038357350404898974,77.93270076445937,0.9166666666666666,11.137270146786634
ensemble__edge16,2,7.250730410575668,7.121225403876758,8.704644101556699,-0.024741426506849396,1.5586772711730912,2.6036253309005715,-3.7647014645825316,0.038358440280158404,77.93386355865455,0.9166666666666666,11.137523893598813
ensemble__edge16,4,5.5922480090324855,5.562828916463815,8.704972086570661,-0.02474211093842747,3.117401059168419,2.0446046054183125,-3.932281423465367,0.038359530273984324,77.93502647921046,0.8333333333333334,11.13777766913023
ensemble__edge16,6,3.9593169887746305,4.004385947015207,8.70530011406789,-0.024742795483398385,4.6761713715692865,1.4788794411619068,-4.099579151603483,0.03836062038640298,77.93618952615479,0.8333333333333334,11.138031473390628
ensemble__edge16,8,2.3515451460866643,2.4458964879580636,8.705628184061082,-0.02474348014180085,6.2349882159612156,0.9072045166964201,-4.266595108760097,0.03836171061744058,77.93735269951519,0.75,11.138285306389784
ensemble__edge16,12,-0.7900599230369343,-0.6712219292843069,8.706284451586146,-0.024744849799055217,9.352761531071396,-0.25073366704079986,-4.59978354557008,0.03836389143547765,77.93967942559497,0.5,11.138793058643401
tree15_online__edge16,0,12.116158152309753,11.586877625381609,11.614972795494943,-0.02809517011333514,0.0,3.4822630763750024,-3.693551041668741,0.05720254664156192,112.79012410692077,0.9166666666666666,10.272954052606314
tree15_online__edge16,2,9.615846338252233,9.331558184271307,11.615494712636787,-0.028096465208649113,2.2558400631568274,2.8198762592365703,-3.8318966426500123,0.05720440927856669,112.79200315784139,0.9166666666666666,10.27324448809789
tree15_online__edge16,4,7.171133014600839,7.076163643401673,11.616016701209189,-0.028097760538190072,4.511755297269328,2.1491096211881304,-4.072310235381993,0.05720627213820435,112.79388243173322,0.8333333333333334,10.273534956724635
tree15_online__edge16,6,4.780785432429968,4.820693989412771,11.616538761233834,-0.028099056102040526,6.76774571571902,1.4707976014291648,-4.31213722729511,0.057208135220529026,112.79576192865034,0.75,10.273825458497397
tree15_online__edge16,8,2.4435980967224102,2.5651492089403574,11.617060892732392,-0.028100351900283004,9.023811331891753,0.785833690450727,-4.551379015299927,0.057209998525594906,112.79764164864689,0.75,10.274115993427005
tree15_online__edge16,12,-2.0759851373022498,-1.9461657849335945,11.61810537023808,-0.028102944200274312,13.5361682109714,-0.6002089887398765,-5.2495037628721875,0.057213725804167115,112.80140175809503,0.5,10.274697162800164
tree7_static__edge16,0,3.052856089278344,3.1894587848284335,3.185562883500931,0.0038959013275024442,0.0,1.43520327414901,-5.882669067437396,0.013836074684534388,26.215403777034478,0.8333333333333334,12.166353842783455
tree7_static__edge16,2,2.514103802067602,2.6652972765196865,3.185715308417678,0.0038959613670823978,0.5243139932650751,1.2048014924674981,-5.885921363256108,0.01383637414795364,26.21569966325376,0.6666666666666666,12.166798181074682
tree7_static__edge16,4,1.9781439823182811,2.141123954555671,3.185867756164245,0.00389602136284324,1.048639822971419,0.9720136178719724,-5.88917362748812,0.013836673635706653,26.21599557428547,0.6666666666666666,12.167242584736464
tree7_static__edge16,6,1.4449622793041073,1.6169388174516315,3.1860202267448767,0.003896081314774608,1.572977490608019,0.737002588740908,-5.89242586013401,0.01383697314779734,26.21629151013365,0.6666666666666666,12.167687053779597
tree7_static__edge16,8,0.9145444154199378,1.0927418637224844,3.186172720163806,0.0038961412228661085,2.097326997664189,0.4999414306216067,-5.895678061193377,0.0138372726842296,26.216587470802352,0.5833333333333334,12.168131588214829
tree7_static__edge16,12,-0.13805654196776818,0.04431250044692739,3.18647777553354,0.0038962609074880182,3.1460615359941007,0.020408575191092668,-5.904726894542211,0.01383787183013447,26.21717946661751,0.5833333333333334,12.169020853304795
