diagnostic,ic,mse,r2_vs_zero,prediction_rms,observations
full_fixed,0.046425600454874434,0.0002200711611645659,-0.008446598924891857,0.002189746963801906,15468
remove_member_ridge_asset_online,0.04734179977376195,0.00021968496676169212,-0.006676914837068004,0.0020853053396247736,15468
remove_member_tree15_online,0.0428703722047116,0.00021838464408514095,-0.0007183604597755799,0.0013567401356511933,15468
remove_member_tree31_online,0.04371043124081319,0.00021803161898660005,0.000899329736771759,0.001063847298065963,15468
zero_input_old_coordinates,0.01353251507562941,0.00021926014820086205,-0.0047302407223759335,0.0011545934635939217,15468
zero_input_old_mined,0.04880431966003349,0.00021890168210420745,-0.003087617881253779,0.0018053418557120973,15468
zero_input_mixed_mined,0.03968440014015345,0.00021977847112055805,-0.007105386028767979,0.0019264854900353193,15468
zero_input_asset_identity,0.04632534395704811,0.0002200753591524725,-0.008465835641799035,0.00218916752847532,15468
zero_input_conditional_functions,0.03704797248467248,0.00021981015991449936,-0.007250595679614724,0.0018905647444240386,15468
zero_input_stable_functions,0.05314845043379857,0.00021871714627062913,-0.002242007158035575,0.0018194955419156592,15468
