diagnostic,net_return_pct,net_sum_pct,price_gross_pct,funding_pct,fee_pct,sharpe,max_drawdown_pct,mean_abs_position,turnover,positive_asset_share,break_even_bps
full_fixed,5.592248022589774,5.562828929818413,8.704972106063726,-0.024742110791415927,3.117401065453901,2.044604603137359,-3.932281438820462,0.0383595303334607,77.93502663634752,0.8333333333333334,11.137777671874183
remove_member_ridge_asset_online,5.7840801999627045,5.722563120036838,8.69307001262991,-0.017118551485834646,2.953388341107237,2.217650279885601,-3.5168260621394998,0.035582095436276114,73.83470852768092,0.8333333333333334,11.750505465720677
remove_member_tree15_online,2.952840856831984,2.964645003901023,4.322406146967793,-0.014707853571522295,1.3430532894952465,1.821025355741329,-2.9340708067684518,0.015653815700686108,33.576332237381166,1.0,12.82956775308659
remove_member_tree31_online,2.5493055664199904,2.554422372771374,3.3627926731625313,-0.01266690331417279,0.7957033970769843,2.0258364009531453,-1.9907247434626685,0.009733515927848416,19.892584926924602,0.9166666666666666,16.84107813114808
zero_input_old_coordinates,0.645532556743933,0.6604438492148398,1.516670909014644,-0.0019014839379190667,0.854325575861885,0.6044641163816958,-2.135516250193026,0.009504644725419871,21.358139396547116,0.5833333333333334,7.092234941221572
zero_input_old_mined,4.983268004918573,4.951344736864566,7.330766712947103,-0.03680212514206729,2.342619850940468,2.0980443596302547,-3.2580380336967085,0.028093220683876617,58.565496273511705,0.6666666666666666,12.454371689673508
zero_input_mixed_mined,3.8769392441984074,3.936052318867589,6.336724156705883,-0.02666730315676346,2.37400453468153,1.5201371366321181,-3.8690807617191902,0.03024602403211851,59.350113367038254,0.8333333333333334,10.631920472545529
zero_input_asset_identity,5.577305886169559,5.5486040455037875,8.690454191930472,-0.02447031835972589,3.1173798280669582,2.0411181205312605,-3.936672385975959,0.03834891933751637,77.93449570167395,0.8333333333333334,11.11957393904662
zero_input_conditional_functions,3.933966699905822,4.004127705618701,6.3395992416324445,-0.04185542264382359,2.29361611336992,1.5942165933506773,-3.7545737547744373,0.029340195274658434,57.340402834247996,0.8333333333333334,10.983082621852695
zero_input_stable_functions,5.636391143603348,5.574474037037286,8.006668641298548,-0.019487677331307133,2.412706926929955,2.2987189739357965,-3.1510349415166616,0.02836859501824308,60.31767317324888,0.9166666666666666,13.241858552842164
