model,axis,segment,ic,mse,r2_vs_zero,prediction_rms,observations
ridge_asset_online,asset,ADAUSDT,0.0053935050587824605,0.0003052977609777453,-0.0016649171309619515,0.0007018929463811219,1289
ridge_asset_online,asset,AVAXUSDT,0.015862583546447716,0.0003401934877483117,-0.0006055913362081888,0.0006587942480109632,1289
ridge_asset_online,asset,BCHUSDT,0.04287841437924284,0.00020286682799452977,0.001700299196248034,0.0007654358632862568,1289
ridge_asset_online,asset,BNBUSDT,0.025205419975707757,0.00013804073981404756,-0.0004097351262211113,0.0007531418232247233,1289
ridge_asset_online,asset,BTCUSDT,-0.007892893610028482,6.7828748682941e-05,-0.010516706532930797,0.0007107137353159487,1289
ridge_asset_online,asset,DOGEUSDT,0.006151271856259648,0.00030916339325593394,-0.001713611847420582,0.0007361342431977391,1289
ridge_asset_online,asset,ETHUSDT,0.008327012036179745,0.00018652163859399313,-0.0019898752978826373,0.0007397480658255517,1289
ridge_asset_online,asset,LINKUSDT,-0.021485332727688135,0.0003136617197909521,-0.0032944071315079704,0.0006914838450029492,1289
ridge_asset_online,asset,LTCUSDT,0.0010944179039438626,0.0002648988210313661,-0.0024703570045432333,0.0007631914922967553,1289
ridge_asset_online,asset,SOLUSDT,0.020988790214392292,0.0002435043992022144,-0.0008340874707224444,0.0007297767442651093,1289
ridge_asset_online,asset,TRXUSDT,0.060253348219301936,4.020586964908915e-05,0.0021210067173326186,0.0006012699450366199,1289
ridge_asset_online,asset,XRPUSDT,0.02440009071673994,0.00021057807488170227,-0.0009372761931558671,0.000754313194192946,1289
ridge_asset_online,month,2025-07,0.05403965415292412,0.00020563894445879038,0.005822615412690912,0.000748663442209363,2232
ridge_asset_online,month,2025-08,0.006286083792536534,0.00023734391212578836,-0.0010353520998278576,0.0008276564767584205,2232
ridge_asset_online,month,2025-09,0.07247838970427554,0.00012362801427777582,0.005503735825821865,0.0007272558868862689,2160
ridge_asset_online,month,2025-10,-0.078632823398041,0.00034275188893503444,-0.009100031682776955,0.0007884663064032793,2232
ridge_asset_online,month,2025-11,0.04311191859914186,0.00028558147880669213,-0.0012653305005811966,0.0008024752023629844,2160
ridge_asset_online,month,2025-12,-0.022315896336396832,0.0001882862120562119,-0.003987062882008896,0.0006016119732521474,2232
ridge_asset_online,month,2026-01,0.05108090464879222,0.00014541994028834717,0.0016656011454843078,0.00046501128235831857,2220
tree7_static,asset,ADAUSDT,-0.01107980288618868,0.0003075467374051324,-0.009043683288806115,0.0013916491298004985,1289
tree7_static,asset,AVAXUSDT,0.0733394433536448,0.00033847399992114724,0.0044519103387452574,0.0011603368911892176,1289
tree7_static,asset,BCHUSDT,0.04518665771315006,0.00020353533882889243,-0.0015894163897141045,0.0014917980879545212,1289
tree7_static,asset,BNBUSDT,0.031913150266656816,0.0001386270501143207,-0.0046588468956030304,0.0013032859424129128,1289
tree7_static,asset,BTCUSDT,-0.0019201380384479153,6.882689737923796e-05,-0.025387184800589324,0.0012442531296983361,1289
tree7_static,asset,DOGEUSDT,0.028112280861234473,0.0003093089172758065,-0.00218512107114166,0.001337641035206616,1289
tree7_static,asset,ETHUSDT,0.05140333778452822,0.00018610143598078225,0.0002674433016365274,0.0013524956302717328,1289
tree7_static,asset,LINKUSDT,-0.04925841656420502,0.0003160848678097867,-0.011045212223595113,0.0011800124775618315,1289
tree7_static,asset,LTCUSDT,-0.02394264322297809,0.0002674392531158593,-0.01208424599344915,0.0014111913042142987,1289
tree7_static,asset,SOLUSDT,0.019159511173354103,0.0002443891427287388,-0.00447049602397942,0.001307222992181778,1289
tree7_static,asset,TRXUSDT,0.08603794976020736,4.012338048499136e-05,0.00416832480160878,0.0009048046777024865,1289
tree7_static,asset,XRPUSDT,0.04472915266060682,0.00021080241551797406,-0.0020036308244986145,0.0014402862871065736,1289
tree7_static,month,2025-07,0.06477316135475415,0.00020546368820052312,0.006669905350573435,0.0012905303156003356,2232
tree7_static,month,2025-08,0.01836201390695506,0.0002377437145158581,-0.00272158168427028,0.0012713157339021564,2232
tree7_static,month,2025-09,0.029183742529275462,0.0001246081884289749,-0.002381042857247273,0.00101127487141639,2160
tree7_static,month,2025-10,-0.04082477217037668,0.0003446524613765614,-0.014695530271914725,0.001516074757091701,2232
tree7_static,month,2025-11,0.07888682728898262,0.00028459308392677187,0.002200039628615147,0.0014837149064987898,2160
tree7_static,month,2025-12,0.020314866875496117,0.0001883532198132663,-0.004344364250285615,0.0011351878056302667,2232
tree7_static,month,2026-01,-0.0045899487876307835,0.00014815813610910352,-0.01713261231300245,0.0013335967669263482,2220
tree15_online,asset,ADAUSDT,0.04473498501849081,0.00030879310072576824,-0.013132931792567026,0.002890855772420764,1289
tree15_online,asset,AVAXUSDT,0.04042990047923349,0.00034303429247181525,-0.008961204222998509,0.002598572988063097,1289
tree15_online,asset,BCHUSDT,0.06844631256793922,0.00020600496806439755,-0.01374236495835568,0.0029139667749404907,1289
tree15_online,asset,BNBUSDT,0.0661811324504973,0.00014232491828247308,-0.03145806080604974,0.00301132770255208,1289
tree15_online,asset,BTCUSDT,0.027305301599058848,7.338005853527407e-05,-0.09322044879339031,0.002717682858929038,1289
tree15_online,asset,DOGEUSDT,0.05957173151652499,0.00031097074838434656,-0.007569584039039068,0.002900841413065791,1289
tree15_online,asset,ETHUSDT,0.036190224237670404,0.0001912866873780204,-0.027587605796533632,0.0028144903481006622,1289
tree15_online,asset,LINKUSDT,-0.026862405192958422,0.0003235791532895268,-0.03501681676711854,0.002865262795239687,1289
tree15_online,asset,LTCUSDT,0.047249917097164466,0.000269009403446017,-0.018026247380603877,0.0030651872511953115,1289
tree15_online,asset,SOLUSDT,0.07006443345513999,0.0002449591329824611,-0.006813228546760808,0.002759475726634264,1289
tree15_online,asset,TRXUSDT,0.0507325482467786,4.344450220844458e-05,-0.07825938117499298,0.0021294972393661737,1289
tree15_online,asset,XRPUSDT,0.09029434437118442,0.00021181374433303958,-0.00681076333369246,0.0030592414550483227,1289
tree15_online,month,2025-07,0.03495432605146647,0.0002108333500747561,-0.019290140361064356,0.0026904791593551636,2232
tree15_online,month,2025-08,0.05330451744977476,0.00023948514697501942,-0.010066347510792495,0.002636020304635167,2232
tree15_online,month,2025-09,0.015841566442178004,0.00012917080328782917,-0.03908391686605395,0.0023817764595150948,2160
tree15_online,month,2025-10,0.0379738887705332,0.0003438712642521548,-0.01239559825567249,0.002819536253809929,2232
tree15_online,month,2025-11,0.08781236042178239,0.00028803118459947975,-0.009854141968655972,0.0032658802811056376,2160
tree15_online,month,2025-12,0.026285462154485788,0.0001942234115268527,-0.03564562881297406,0.0029824834782630205,2232
tree15_online,month,2026-01,0.05820805553145491,0.00014978910798671665,-0.028329531564632804,0.0028906010556966066,2220
tree31_online,asset,ADAUSDT,0.042288377651829766,0.00031521712067335067,-0.03420978275876796,0.004034209065139294,1289
tree31_online,asset,AVAXUSDT,0.040491788652906674,0.00034645319812753487,-0.019017176011309145,0.003375202650204301,1289
tree31_online,asset,BCHUSDT,0.05984220853125686,0.00021049333507168507,-0.03582944289400203,0.0036881742998957634,1289
tree31_online,asset,BNBUSDT,0.02313195354672789,0.0001502456980131086,-0.08886158648254616,0.003788315923884511,1289
tree31_online,asset,BTCUSDT,0.03810051149797424,7.733328820092966e-05,-0.15211589798676828,0.0035200114361941814,1289
tree31_online,asset,DOGEUSDT,0.06148060197965,0.00031578138764881155,-0.02315643208774376,0.003970575984567404,1289
tree31_online,asset,ETHUSDT,0.028679757563688173,0.00019837800599251457,-0.06568200335702867,0.003910277504473925,1289
tree31_online,asset,LINKUSDT,-0.012758709670686085,0.0003298864018425428,-0.05519150433130937,0.003937603440135717,1289
tree31_online,asset,LTCUSDT,0.08311041779809875,0.0002701896695738757,-0.022492789745527375,0.004136002156883478,1289
tree31_online,asset,SOLUSDT,0.05693699431913965,0.0002507803917832117,-0.03073934347063112,0.003750327741727233,1289
tree31_online,asset,TRXUSDT,0.049646121591000986,4.6277431468998534e-05,-0.14857052288727357,0.0027847166638821363,1289
tree31_online,asset,XRPUSDT,0.06327882467851743,0.0002203542962800439,-0.04740642747310031,0.004196457099169493,1289
tree31_online,month,2025-07,0.03836497214994597,0.00021472926124123712,-0.03812522427121734,0.003511406946927309,2232
tree31_online,month,2025-08,0.04805353020311335,0.00024355897133630504,-0.02724834374304108,0.0034357253462076187,2232
tree31_online,month,2025-09,0.04845097847265621,0.0001320424394722836,-0.062184113647429484,0.003359065158292651,2160
tree31_online,month,2025-10,0.06876446547929588,0.0003456090509422204,-0.01751183732134698,0.004034813493490219,2232
tree31_online,month,2025-11,0.03597237286007471,0.0002996379049432006,-0.05054798083223977,0.004244201350957155,2160
tree31_online,month,2025-12,0.0038483726231845097,0.00020254112631890226,-0.07999767112538181,0.003936365246772766,2232
tree31_online,month,2026-01,0.06376399887475458,0.0001540369031129736,-0.05749141944204572,0.0038255401886999607,2220
tree63_online,asset,ADAUSDT,0.049640549273055536,0.00031709732778522937,-0.040378637370991344,0.00448567746207118,1289
tree63_online,asset,AVAXUSDT,0.016657235474455422,0.0003522576486648808,-0.0360897122927788,0.0038154402282088995,1289
tree63_online,asset,BCHUSDT,0.042715222160497196,0.00021504015805428518,-0.058204180390561744,0.00410517118871212,1289
tree63_online,asset,BNBUSDT,0.020788685582132684,0.00015271490092012518,-0.10675640963047295,0.004092869348824024,1289
tree63_online,asset,BTCUSDT,0.03760819948976774,7.965600238075008e-05,-0.18671983110929946,0.0038622862193733454,1289
tree63_online,asset,DOGEUSDT,0.055621168922767354,0.0003186908530214405,-0.0325833278022325,0.004308436997234821,1289
tree63_online,asset,ETHUSDT,0.025486562773285298,0.0002004689456836334,-0.07691448242032939,0.004147601779550314,1289
tree63_online,asset,LINKUSDT,0.0016930430252386334,0.00033324829926071166,-0.06594504122846945,0.004574694205075502,1289
tree63_online,asset,LTCUSDT,0.10342722339589377,0.0002708005722692412,-0.024804660522202315,0.004744646139442921,1289
tree63_online,asset,SOLUSDT,0.06284651565504407,0.0002529009527838991,-0.03945511920610967,0.004218901041895151,1289
tree63_online,asset,TRXUSDT,0.05188871409171749,4.796105799442786e-05,-0.190356848041354,0.0031201632227748632,1289
tree63_online,asset,XRPUSDT,0.041503026148868104,0.00022714400717874567,-0.07967984785128279,0.004734064918011427,1289
tree63_online,month,2025-07,0.008819073468708957,0.0002224892304935862,-0.07564139590924257,0.004127847496420145,2232
tree63_online,month,2025-08,0.027421909461771723,0.0002484759036748481,-0.047986280733630204,0.0038616948295384645,2232
tree63_online,month,2025-09,0.02622634809206086,0.00013591711176703627,-0.09335299672414665,0.0036982805468142033,2160
tree63_online,month,2025-10,0.0810616634091683,0.00034600475159601553,-0.01867682445977592,0.0045055123046040535,2232
tree63_online,month,2025-11,0.039953747718933494,0.00030212173309564195,-0.05925642728455416,0.00464665750041604,2160
tree63_online,month,2025-12,0.02958618202883242,0.00020270391028480694,-0.08086567411948375,0.0043287440203130245,2232
tree63_online,month,2026-01,0.07043856643675213,0.0001557888910474251,-0.06951913598403325,0.004196269437670708,2220
fit255_static,asset,ADAUSDT,0.005403404917375885,0.00031781829024639353,-0.04274407497395227,0.003682646667584777,1289
fit255_static,asset,AVAXUSDT,0.04636737922426636,0.00034542144166974076,-0.015982487465684203,0.0033091276418417692,1289
fit255_static,asset,BCHUSDT,0.037390318108932355,0.00021192880732543993,-0.042893345532013516,0.0035368718672543764,1289
fit255_static,asset,BNBUSDT,0.03362403268765762,0.0001489404235503093,-0.07940199302227402,0.0037352326326072216,1289
fit255_static,asset,BTCUSDT,0.020637709835900277,7.629218112077416e-05,-0.13660542317756041,0.0031962781213223934,1289
fit255_static,asset,DOGEUSDT,0.0270952873720281,0.0003191214016837125,-0.033978339194165263,0.003727689851075411,1289
fit255_static,asset,ETHUSDT,0.05607513358358375,0.0001935550973243157,-0.0397734509153429,0.003592581255361438,1289
fit255_static,asset,LINKUSDT,0.022767054984930674,0.0003227858908397089,-0.03247944695412319,0.003593910951167345,1289
fit255_static,asset,LTCUSDT,-0.010399478004176779,0.0002781004831187038,-0.0524300920242009,0.0035353400744497776,1289
fit255_static,asset,SOLUSDT,0.008279518397959445,0.00025491711364134586,-0.047741797059027036,0.0035145666915923357,1289
fit255_static,asset,TRXUSDT,0.01317279738405625,4.675935689125775e-05,-0.16053154398689418,0.0026295813731849194,1289
fit255_static,asset,XRPUSDT,0.03999122742714352,0.0002208850064433363,-0.04992904330379577,0.003856540657579899,1289
fit255_static,month,2025-07,0.06246438323709895,0.00021327633785884402,-0.031100953785318186,0.003679554909467697,2232
fit255_static,month,2025-08,0.020694888663137276,0.0002459970269977225,-0.037531227704996395,0.003362552262842655,2232
fit255_static,month,2025-09,0.04101194808866221,0.00013164185428560896,-0.05896170104168852,0.0031982657965272665,2160
fit255_static,month,2025-10,0.03333016025651583,0.0003514118608084581,-0.03459596087807926,0.004014653153717518,2232
fit255_static,month,2025-11,0.015637082587199928,0.0002973242606051427,-0.04243620876464549,0.0036228138487786055,2160
fit255_static,month,2025-12,-0.02513516671027486,0.00019994488803265048,-0.06615390836075852,0.003183407709002495,2232
fit255_static,month,2026-01,0.025895813385357905,0.0001554451079468065,-0.06715900232965377,0.003402064787223935,2220
ensemble,asset,ADAUSDT,0.04346209663637131,0.0003068295599715431,-0.006690664150101,0.0023313257843255997,1289
ensemble,asset,AVAXUSDT,0.04256382301134016,0.00034094167761136544,-0.0028062300530389273,0.0019767512567341328,1289
ensemble,asset,BCHUSDT,0.06804781568213429,0.00020382695069719872,-0.003024426951859116,0.0022207689471542835,1289
ensemble,asset,BNBUSDT,0.0450156821003303,0.00014065741340738697,-0.019373308778106724,0.0022618239745497704,1289
ensemble,asset,BTCUSDT,0.032627196538178055,7.040465507807112e-05,-0.048892712242714076,0.002077920828014612,1289
ensemble,asset,DOGEUSDT,0.061887431614658435,0.00030887727124815343,-0.0007865541294145295,0.0022685187868773937,1289
ensemble,asset,ETHUSDT,0.03316111948998722,0.0001890403185460128,-0.015520165027606003,0.0022131032310426235,1289
ensemble,asset,LINKUSDT,-0.021075036408810803,0.00031930883064948444,-0.02135754452867955,0.0022354579996317625,1289
ensemble,asset,LTCUSDT,0.06825218723727346,0.0002647338659453864,-0.0018461089112975504,0.0023936063516885042,1289
ensemble,asset,SOLUSDT,0.06494701405124495,0.00024370874818900395,-0.001673987827303769,0.0021675298921763897,1289
ensemble,asset,TRXUSDT,0.05863919381844698,4.165152634346011e-05,-0.03375908888567136,0.0015997610753402114,1289
ensemble,asset,XRPUSDT,0.0775097569059748,0.00021087311657263505,-0.002339692976819574,0.0024091098457574844,1289
ensemble,month,2025-07,0.04298497628833768,0.00020798858934654389,-0.005536924558512624,0.0020731110125780106,2232
ensemble,month,2025-08,0.050353067699865174,0.0002379300530348096,-0.0035074937527859174,0.002068812493234873,2232
ensemble,month,2025-09,0.04394691130512442,0.00012596996176519954,-0.013335505754989319,0.0018756072968244553,2160
ensemble,month,2025-10,0.04824642499934352,0.0003408538030947937,-0.003511853926923436,0.0022494730073958635,2232
ensemble,month,2025-11,0.06172091223723439,0.00028786392806557276,-0.009267730800114782,0.00256023439578712,2160
ensemble,month,2025-12,0.011780401021917141,0.00019190483798613907,-0.023282440803636062,0.002266853814944625,2232
ensemble,month,2026-01,0.06674870097064335,0.00014674406420651538,-0.007424750928874735,0.002175071509554982,2220
