id,period,net_return_pct,price_sum_pct,funding_sum_pct,fee_sum_pct,mean_abs_position
ridge_asset_online__rms,2025Q3,9.211518990680556,13.34797952750129,-0.20411760742062124,4.050498229693714,0.25584196406793003
ridge_asset_online__rms,2025Q4,-14.2787339357891,-9.550318242118637,-0.018803586873038364,4.239021240825394,0.24539383397652453
ridge_asset_online__rms,2026Q1,1.9918920691906816,3.4334098145648446,-0.03159821950902809,1.3824702590580225,0.18970072533486287
ridge_asset_online__edge8,2025Q3,0.5320928294453298,0.8775313325886799,-0.01704608957646964,0.32528792698418535,0.011961003386206755
ridge_asset_online__edge8,2025Q4,-0.8281146806294548,-0.46307088669189694,-0.002195041861948364,0.2869169905221627,0.010522741640619991
ridge_asset_online__edge8,2026Q1,0.19126556025097496,0.23260414764747656,-0.0013095741926370766,0.03991405332415381,0.003328497356174943
ridge_asset_online__edge16,2025Q3,0.1740185904499425,0.2773514277010634,-0.0030390693853501994,0.09943355077121344,0.0029418339012207972
ridge_asset_online__edge16,2025Q4,0.0025167144819926435,0.11152144241875186,-0.002329813376005255,0.09012368651194413,0.0027578239622367846
ridge_asset_online__edge16,2026Q1,0.027346041454845427,0.032089173154404044,-8.586157391553368e-05,0.004649095619694294,0.0003214551637832349
tree7_static__rms,2025Q3,1.9675670077266671,7.089255893237553,-0.0028823339494372185,5.003149513239409,0.17017343100140947
tree7_static__rms,2025Q4,-7.760629113423844,-2.181026747015593,0.07231039943393153,4.806029176415596,0.1757375431056412
tree7_static__rms,2026Q1,-0.7839129876501816,0.9709385193391666,-0.0028953567921851603,1.6997268412242224,0.1826708124120005
tree7_static__edge8,2025Q3,1.3917232269427204,2.233810150525164,-0.014598033663173467,0.8230347350523599,0.02287729194375611
tree7_static__edge8,2025Q4,-0.5719225384377413,0.49998123032306896,0.032470534275391344,0.8374800773071276,0.027696515422211385
tree7_static__edge8,2026Q1,0.2189313871508114,0.5746412379560846,-0.0032188734282705632,0.34162344680410733,0.030814946227749548
tree7_static__edge16,2025Q3,0.9518295914063613,1.3738713494947485,-0.01503337802440395,0.4028228415885099,0.011173100932568708
tree7_static__edge16,2025Q4,0.5589848053137114,1.1473213637526791,0.021972604745851606,0.4459423619917401,0.015224279675130884
tree7_static__edge16,2026Q1,0.4551089658760388,0.6646750689173496,-0.0030432055511970544,0.19987461930403122,0.017623413438559755
tree15_online__rms,2025Q3,3.046242014354461,9.097281362207637,0.010789200975339981,5.972188442379562,0.2246276965848504
tree15_online__rms,2025Q4,0.1106389994974144,6.157834930224997,-0.012107496514416843,5.786176962952232,0.22522910129326368
tree15_online__rms,2026Q1,2.4843867126253194,4.473352654804476,-0.02308185361885319,1.9578208804883677,0.21359062573010662
tree15_online__edge8,2025Q3,2.520435899222395,5.321682109804899,-0.010733989953902222,2.774903807933971,0.08562654099221734
tree15_online__edge8,2025Q4,2.421238253522562,5.270131212924077,-0.002327829070552678,2.750725066757658,0.09057806004419006
tree15_online__edge8,2026Q1,1.923388367320733,2.929840224745863,-0.015140649755491823,0.9892918186360715,0.08782798898774287
tree15_online__edge16,2025Q3,2.273365927475912,4.159527656499579,-0.01703640610892086,1.86231847911714,0.053206846436799654
tree15_online__edge16,2025Q4,2.9990485633569763,4.970032791327679,0.0016342721936512335,1.915211735893146,0.05997172818585143
tree15_online__edge16,2026Q1,1.7377339615002318,2.4864563478151003,-0.012695626214274584,0.7342250851330294,0.06086837595712133
tree31_online__rms,2025Q3,3.5313329151731354,9.969786489883399,-0.007763691157760667,6.364423931906855,0.2332891294938225
tree31_online__rms,2025Q4,-2.3976815594208833,4.097864982655223,-0.00482658990964044,6.270840316936463,0.23807642353642847
tree31_online__rms,2026Q1,3.1546315098124333,5.300505137728801,-0.013758658963058994,2.1403478445774944,0.2289712513245377
tree31_online__edge8,2025Q3,3.2174250190301734,7.26614071053586,-0.012950065500791844,4.019556933331478,0.12653696239759354
tree31_online__edge8,2025Q4,-0.8489428530600196,3.3365668239080737,0.0004624319102976209,4.025540312373948,0.13297611107051155
tree31_online__edge8,2026Q1,2.4957208725510327,3.8799047830527664,-0.009806830425284675,1.3780263697312845,0.12598760393958222
tree31_online__edge16,2025Q3,2.928495888399918,5.972611790176591,-0.015261100419506296,3.0220344306858977,0.08809565035814079
tree31_online__edge16,2025Q4,-0.028313550707870228,3.1777662429989673,0.0032310742874783276,3.0725366670676357,0.09476511994436114
tree31_online__edge16,2026Q1,2.1043252453843975,3.1756575046744837,-0.008001521933260805,1.0624302692535454,0.08961154987279948
tree63_online__rms,2025Q3,-0.4192522983308522,6.342396220202408,0.007318626829139951,6.652978329159569,0.24029723856133198
tree63_online__rms,2025Q4,2.821467593716198,9.520300426023107,-0.0023498593632091413,6.477718704860518,0.24270116487907864
tree63_online__rms,2026Q1,3.0827481910828514,5.288530771311964,-0.022277984747986708,2.190419512955201,0.23347896270604335
tree63_online__edge8,2025Q3,-0.15714140852121083,4.594573282737586,-6.5734277108502165e-06,4.6837103748117155,0.14911950027639742
tree63_online__edge8,2025Q4,3.4826157165466665,8.247480576701506,-0.004928579273145055,4.643541603865076,0.15315324465480784
tree63_online__edge8,2026Q1,2.4313926487299353,3.9901137398180215,-0.016221279372866493,1.543246509372024,0.1446244611718483
tree63_online__edge16,2025Q3,-0.20231760545141864,3.52683587787367,-0.00388202080001328,3.6754020301977506,0.108601433234547
tree63_online__edge16,2025Q4,3.633430865461307,7.406675312964407,-0.0057560719435731525,3.687130344810294,0.11358063476842627
tree63_online__edge16,2026Q1,2.1452003810755738,3.3787700635279734,-0.01370255542061655,1.2185242580773616,0.10610839761133638
fit255_static__rms,2025Q3,2.9592667322210664,9.69980466724011,-0.005911879214187207,6.681296130039495,0.23757941724725234
fit255_static__rms,2025Q4,-5.356944396533992,1.4566693795136134,0.027541467258791936,6.719085982231421,0.23849725178177644
fit255_static__rms,2026Q1,0.06275896654781565,2.378464420143662,-0.012296113900626468,2.274953526750018,0.24083707669978627
fit255_static__edge8,2025Q3,2.175734607893842,6.782478413214746,-0.005457692696627317,4.565766832627094,0.14337607718365972
fit255_static__edge8,2025Q4,-3.2345146164382554,1.4561546148276001,0.030006435278415036,4.609867820363327,0.14518010852074478
fit255_static__edge8,2026Q1,0.03620034343956302,1.6361419236875978,-0.008786083336688972,1.5735545204949237,0.14657335573831076
fit255_static__edge16,2025Q3,1.583506119167244,5.0887914625818835,-0.004738546330627163,3.4687467527518265,0.10052512944820513
fit255_static__edge16,2025Q4,-2.187213951801592,1.3991919895159644,0.030658651116886357,3.514590295832407,0.10304413995200741
fit255_static__edge16,2026Q1,0.07647501626515396,1.3043354737357895,-0.007356110232502249,1.2070490812727324,0.10344536645428758
ensemble__rms,2025Q3,5.2347450091985825,11.21146305618561,-0.0248697095967086,5.940021994747044,0.22704541049456295
ensemble__rms,2025Q4,-2.093036397697723,4.0329485695605305,-0.01172435049606212,5.806836516025942,0.22871913083357015
ensemble__rms,2026Q1,3.0275762087027536,5.022440131403942,-0.021085135330226042,1.9770519253138985,0.2151522918053006
ensemble__edge8,2025Q3,2.6193382899626805,4.710795465861003,-0.0235888167622607,2.0685130275613433,0.06243300235479276
ensemble__edge8,2025Q4,1.1501574509718004,3.3678416389057686,0.001369111464458104,2.107346952248553,0.06763783044973103
ensemble__edge8,2026Q1,1.9738717494520497,2.7366486913556765,-0.010396932060280977,0.7553138727483999,0.06471768705641448
ensemble__edge16,2025Q3,1.9094926867114115,3.1941015521511393,-0.023116799683436048,1.2593202332807418,0.03498339964650634
ensemble__edge16,2025Q4,1.8566084246241177,3.2609144722878174,0.00664416269053847,1.3394744803281802,0.040773844913055794
ensemble__edge16,2026Q1,1.7251140776399554,2.2499561673233526,-0.008269473734174288,0.5186063503922783,0.04121395227551641
