model,update,last_train_origin,first_train_origin,mature_labels,prediction_rows
ridge_asset_online,202401010000,202312311600,202301010400,26256,186
ridge_asset_online,202402010000,202401311600,202302010000,26268,174
ridge_asset_online,202403010000,202402291600,202303010000,26340,186
ridge_asset_online,202404010000,202403311600,202304010000,26340,180
ridge_asset_online,202405010000,202404301600,202305010000,26340,186
ridge_asset_online,202406010000,202405311600,202306010000,26340,180
ridge_asset_online,202407010000,202406301600,202307010000,26340,186
ridge_asset_online,202408010000,202407311600,202308010000,26340,186
ridge_asset_online,202409010000,202408311600,202309010000,26340,180
ridge_asset_online,202410010000,202409301600,202310010000,26340,186
ridge_asset_online,202411010000,202410311600,202311010000,26340,180
ridge_asset_online,202412010000,202411301600,202312010000,26340,186
ridge_asset_online,202501010000,202412311600,202401010000,26340,186
ridge_asset_online,202502010000,202501311600,202402010000,26340,168
ridge_asset_online,202503010000,202502281600,202403010000,26268,186
ridge_asset_online,202504010000,202503311600,202404010000,26268,180
ridge_asset_online,202505010000,202504301600,202405010000,26268,186
ridge_asset_online,202506010000,202505311600,202406010000,26268,180
ridge_asset_online,202507010000,202506301600,202407010000,26268,186
ridge_asset_online,202508010000,202507311600,202408010000,26256,186
ridge_asset_online,202509010000,202508311600,202409010000,26256,180
ridge_asset_online,202510010000,202509301600,202410010000,26256,186
ridge_asset_online,202511010000,202510311600,202411010000,26256,180
ridge_asset_online,202512010000,202511301600,202412010000,26256,186
ridge_asset_online,202601010000,202512311600,202501010000,26256,186
tree7_static,202401010000,202312311600,202301010400,26256,1092
tree7_static,202407010000,202406301600,202301010400,39360,1104
tree7_static,202501010000,202412311600,202301010400,52608,1086
tree7_static,202507010000,202506301600,202301010400,65640,1290
tree15_online,202401010000,202312311600,202301010400,26256,186
tree15_online,202402010000,202401311600,202302010000,26268,174
tree15_online,202403010000,202402291600,202303010000,26340,186
tree15_online,202404010000,202403311600,202304010000,26340,180
tree15_online,202405010000,202404301600,202305010000,26340,186
tree15_online,202406010000,202405311600,202306010000,26340,180
tree15_online,202407010000,202406301600,202307010000,26340,186
tree15_online,202408010000,202407311600,202308010000,26340,186
tree15_online,202409010000,202408311600,202309010000,26340,180
tree15_online,202410010000,202409301600,202310010000,26340,186
tree15_online,202411010000,202410311600,202311010000,26340,180
tree15_online,202412010000,202411301600,202312010000,26340,186
tree15_online,202501010000,202412311600,202401010000,26340,186
tree15_online,202502010000,202501311600,202402010000,26340,168
tree15_online,202503010000,202502281600,202403010000,26268,186
tree15_online,202504010000,202503311600,202404010000,26268,180
tree15_online,202505010000,202504301600,202405010000,26268,186
tree15_online,202506010000,202505311600,202406010000,26268,180
tree15_online,202507010000,202506301600,202407010000,26268,186
tree15_online,202508010000,202507311600,202408010000,26256,186
tree15_online,202509010000,202508311600,202409010000,26256,180
tree15_online,202510010000,202509301600,202410010000,26256,186
tree15_online,202511010000,202510311600,202411010000,26256,180
tree15_online,202512010000,202511301600,202412010000,26256,186
tree15_online,202601010000,202512311600,202501010000,26256,186
tree31_online,202401010000,202312311600,202301010400,26256,186
tree31_online,202402010000,202401311600,202302010000,26268,174
tree31_online,202403010000,202402291600,202303010000,26340,186
tree31_online,202404010000,202403311600,202304010000,26340,180
tree31_online,202405010000,202404301600,202305010000,26340,186
tree31_online,202406010000,202405311600,202306010000,26340,180
tree31_online,202407010000,202406301600,202307010000,26340,186
tree31_online,202408010000,202407311600,202308010000,26340,186
tree31_online,202409010000,202408311600,202309010000,26340,180
tree31_online,202410010000,202409301600,202310010000,26340,186
tree31_online,202411010000,202410311600,202311010000,26340,180
tree31_online,202412010000,202411301600,202312010000,26340,186
tree31_online,202501010000,202412311600,202401010000,26340,186
tree31_online,202502010000,202501311600,202402010000,26340,168
tree31_online,202503010000,202502281600,202403010000,26268,186
tree31_online,202504010000,202503311600,202404010000,26268,180
tree31_online,202505010000,202504301600,202405010000,26268,186
tree31_online,202506010000,202505311600,202406010000,26268,180
tree31_online,202507010000,202506301600,202407010000,26268,186
tree31_online,202508010000,202507311600,202408010000,26256,186
tree31_online,202509010000,202508311600,202409010000,26256,180
tree31_online,202510010000,202509301600,202410010000,26256,186
tree31_online,202511010000,202510311600,202411010000,26256,180
tree31_online,202512010000,202511301600,202412010000,26256,186
tree31_online,202601010000,202512311600,202501010000,26256,186
tree63_online,202401010000,202312311600,202301010400,26256,186
tree63_online,202402010000,202401311600,202302010000,26268,174
tree63_online,202403010000,202402291600,202303010000,26340,186
tree63_online,202404010000,202403311600,202304010000,26340,180
tree63_online,202405010000,202404301600,202305010000,26340,186
tree63_online,202406010000,202405311600,202306010000,26340,180
tree63_online,202407010000,202406301600,202307010000,26340,186
tree63_online,202408010000,202407311600,202308010000,26340,186
tree63_online,202409010000,202408311600,202309010000,26340,180
tree63_online,202410010000,202409301600,202310010000,26340,186
tree63_online,202411010000,202410311600,202311010000,26340,180
tree63_online,202412010000,202411301600,202312010000,26340,186
tree63_online,202501010000,202412311600,202401010000,26340,186
tree63_online,202502010000,202501311600,202402010000,26340,168
tree63_online,202503010000,202502281600,202403010000,26268,186
tree63_online,202504010000,202503311600,202404010000,26268,180
tree63_online,202505010000,202504301600,202405010000,26268,186
tree63_online,202506010000,202505311600,202406010000,26268,180
tree63_online,202507010000,202506301600,202407010000,26268,186
tree63_online,202508010000,202507311600,202408010000,26256,186
tree63_online,202509010000,202508311600,202409010000,26256,180
tree63_online,202510010000,202509301600,202410010000,26256,186
tree63_online,202511010000,202510311600,202411010000,26256,180
tree63_online,202512010000,202511301600,202412010000,26256,186
tree63_online,202601010000,202512311600,202501010000,26256,186
fit255_static,202401010000,202312311600,202301010400,26256,1092
fit255_static,202407010000,202406301600,202301010400,39360,1104
fit255_static,202501010000,202412311600,202301010400,52608,1086
fit255_static,202507010000,202506301600,202301010400,65640,1290
