id,natural_episodes,right_censored,median_hours,p90_hours,active_5m_fraction
base_ridge__edge8,1523,12,4.0,16.0,0.6426195090439276
base_ridge__edge16,468,5,4.0,12.0,0.21936369509043926
base15__edge8,5583,12,4.0,12.0,0.9992086563307494
base15__edge16,3831,12,4.0,8.0,0.9410691214470285
base31__edge8,6417,11,4.0,12.0,0.999983850129199
base31__edge16,5122,11,4.0,12.0,0.9945574935400516
wide_ridge__edge8,1718,12,4.0,16.0,0.6945574935400517
wide_ridge__edge16,572,9,4.0,12.0,0.25812338501291987
wide15__edge8,5761,12,4.0,12.0,0.9961078811369509
wide15__edge16,3984,12,4.0,8.0,0.9480458656330749
wide31__edge8,6536,11,4.0,12.0,0.999983850129199
wide31__edge16,5255,11,4.0,12.0,0.9961078811369509
wide15_static__edge8,4419,11,4.0,8.0,0.9488210594315245
wide15_static__edge16,2284,11,4.0,8.0,0.6953326873385013
base_ensemble__edge8,5144,12,4.0,12.0,0.9953326873385013
base_ensemble__edge16,3011,12,4.0,8.0,0.8495962532299741
wide_equal__edge8,5289,12,4.0,12.0,0.9968830749354005
wide_equal__edge16,3249,11,4.0,8.0,0.8782784237726098
wide_cov__edge8,5255,12,4.0,12.0,0.9968830749354005
wide_cov__edge16,3207,11,4.0,8.0,0.8728520671834625
asset_shrunk__edge8,5649,11,4.0,12.0,0.999983850129199
asset_shrunk__edge16,3759,11,4.0,8.0,0.9480458656330749
adaptive_equal__edge8,5155,12,4.0,12.0,0.9961078811369509
adaptive_equal__edge16,3004,11,4.0,8.0,0.8526970284237726
pair_prediction__edge8,4595,12,4.0,12.0,0.9775032299741602
pair_prediction__edge16,2492,12,4.0,8.0,0.7511466408268734
pair_position__edge8,6103,12,4.0,12.0,0.9992086563307494
pair_position__edge16,4333,12,4.0,12.0,0.9596737726098191
anchor_wide__edge8,5446,12,4.0,12.0,0.9992086563307494
anchor_wide__edge16,3612,12,4.0,8.0,0.9271156330749354
stack_global__edge8,4734,12,4.0,12.0,0.9813791989664082
stack_global__edge16,2597,12,4.0,8.0,0.7767280361757106
stack_asset__edge8,4739,12,4.0,12.0,0.9837047803617571
stack_asset__edge16,2610,12,4.0,8.0,0.7775032299741602
state_cal1__edge8,1989,12,4.0,8.0,0.5720768733850129
state_cal1__edge16,707,12,4.0,8.0,0.26665051679586566
state_score1__edge8,4595,12,4.0,12.0,0.9775032299741602
state_score1__edge16,2492,12,4.0,8.0,0.7511466408268734
state_cal3__edge8,1921,12,4.0,8.0,0.5961078811369509
state_cal3__edge16,652,12,4.0,8.0,0.26742571059431525
state_score3__edge8,4595,12,4.0,12.0,0.9775032299741602
state_score3__edge16,2492,12,4.0,8.0,0.7511466408268734
state_cal6__edge8,1967,12,4.0,8.0,0.6395187338501293
state_cal6__edge16,685,12,4.0,8.0,0.27672803617571057
state_score6__edge8,4595,12,4.0,12.0,0.9775032299741602
state_score6__edge16,2492,12,4.0,8.0,0.7511466408268734
state_score3_smooth__edge8,1390,12,32.0,100.0,0.999983850129199
state_score3_smooth__edge16,773,12,52.0,175.20000000000027,0.999983850129199
