window_months,update,mature_labels,gamma,last_eligible_origin,role
1,202401010000,0,1.0,202312311600,matured direct prediction calibration; signed score separately declared
1,202402010000,556,0.42106413572361945,202401311600,matured direct prediction calibration; signed score separately declared
1,202403010000,577,0.5937000600429007,202402291600,matured direct prediction calibration; signed score separately declared
1,202404010000,718,1.0,202403311600,matured direct prediction calibration; signed score separately declared
1,202405010000,536,0.17613757326446455,202404301600,matured direct prediction calibration; signed score separately declared
1,202406010000,523,0.8979947246955532,202405311600,matured direct prediction calibration; signed score separately declared
1,202407010000,485,0.517550018136501,202406301600,matured direct prediction calibration; signed score separately declared
1,202408010000,578,-0.7297892023843878,202407311600,matured direct prediction calibration; signed score separately declared
1,202409010000,614,0.990261221395256,202408311600,matured direct prediction calibration; signed score separately declared
1,202410010000,445,0.3488008676113661,202409301600,matured direct prediction calibration; signed score separately declared
1,202411010000,557,0.15792991031392423,202410311600,matured direct prediction calibration; signed score separately declared
1,202412010000,725,0.06455728910044513,202411301600,matured direct prediction calibration; signed score separately declared
1,202501010000,654,0.7058478056149555,202412311600,matured direct prediction calibration; signed score separately declared
1,202502010000,658,0.45417893278813803,202501311600,matured direct prediction calibration; signed score separately declared
1,202503010000,560,-0.19642094868803053,202502281600,matured direct prediction calibration; signed score separately declared
1,202504010000,487,0.8048594777724453,202503311600,matured direct prediction calibration; signed score separately declared
1,202505010000,576,0.7228985397653298,202504301600,matured direct prediction calibration; signed score separately declared
1,202506010000,453,0.07722251695999972,202505311600,matured direct prediction calibration; signed score separately declared
1,202507010000,390,0.6973777913212493,202506301600,matured direct prediction calibration; signed score separately declared
1,202508010000,532,0.5794589155575879,202507311600,matured direct prediction calibration; signed score separately declared
1,202509010000,512,0.40827376260799986,202508311600,matured direct prediction calibration; signed score separately declared
1,202510010000,393,0.253609666167564,202509301600,matured direct prediction calibration; signed score separately declared
1,202511010000,511,0.08007671872218951,202510311600,matured direct prediction calibration; signed score separately declared
1,202512010000,462,0.46546406510223337,202511301600,matured direct prediction calibration; signed score separately declared
1,202601010000,503,0.33707338449984414,202512311600,matured direct prediction calibration; signed score separately declared
3,202401010000,0,1.0,202312311600,matured direct prediction calibration; signed score separately declared
3,202402010000,556,0.42106413572361945,202401311600,matured direct prediction calibration; signed score separately declared
3,202403010000,1138,0.49580343634852997,202402291600,matured direct prediction calibration; signed score separately declared
3,202404010000,1860,0.8355931720655425,202403311600,matured direct prediction calibration; signed score separately declared
3,202405010000,1838,0.7430999971876452,202404301600,matured direct prediction calibration; signed score separately declared
3,202406010000,1790,0.8803735817358114,202405311600,matured direct prediction calibration; signed score separately declared
3,202407010000,1556,0.5422005177421576,202406301600,matured direct prediction calibration; signed score separately declared
3,202408010000,1588,-0.02338623920162161,202407311600,matured direct prediction calibration; signed score separately declared
3,202409010000,1688,0.1313701979410699,202408311600,matured direct prediction calibration; signed score separately declared
3,202410010000,1648,0.09433277309658364,202409301600,matured direct prediction calibration; signed score separately declared
3,202411010000,1620,0.5424681485637383,202410311600,matured direct prediction calibration; signed score separately declared
3,202412010000,1742,0.16131080860423042,202411301600,matured direct prediction calibration; signed score separately declared
3,202501010000,1948,0.3046052827351311,202412311600,matured direct prediction calibration; signed score separately declared
3,202502010000,2041,0.3983298755937668,202501311600,matured direct prediction calibration; signed score separately declared
3,202503010000,1881,0.23814120354650792,202502281600,matured direct prediction calibration; signed score separately declared
3,202504010000,1716,0.2250902605951139,202503311600,matured direct prediction calibration; signed score separately declared
3,202505010000,1629,0.355346406423312,202504301600,matured direct prediction calibration; signed score separately declared
3,202506010000,1521,0.5690731852814693,202505311600,matured direct prediction calibration; signed score separately declared
3,202507010000,1423,0.5403761075398638,202506301600,matured direct prediction calibration; signed score separately declared
3,202508010000,1375,0.44914127366141343,202507311600,matured direct prediction calibration; signed score separately declared
3,202509010000,1434,0.5518021007046632,202508311600,matured direct prediction calibration; signed score separately declared
3,202510010000,1438,0.438189820522996,202509301600,matured direct prediction calibration; signed score separately declared
3,202511010000,1419,0.2344713454055096,202510311600,matured direct prediction calibration; signed score separately declared
3,202512010000,1370,0.2985019026267963,202511301600,matured direct prediction calibration; signed score separately declared
3,202601010000,1478,0.3167083094329088,202512311600,matured direct prediction calibration; signed score separately declared
6,202401010000,0,1.0,202312311600,matured direct prediction calibration; signed score separately declared
6,202402010000,556,0.42106413572361945,202401311600,matured direct prediction calibration; signed score separately declared
6,202403010000,1138,0.49580343634852997,202402291600,matured direct prediction calibration; signed score separately declared
6,202404010000,1860,0.8355931720655425,202403311600,matured direct prediction calibration; signed score separately declared
6,202405010000,2399,0.6655828924065966,202404301600,matured direct prediction calibration; signed score separately declared
6,202406010000,2932,0.7262487895973331,202405311600,matured direct prediction calibration; signed score separately declared
6,202407010000,3419,0.7014492547162438,202406301600,matured direct prediction calibration; signed score separately declared
6,202408010000,3436,0.38604042967905283,202407311600,matured direct prediction calibration; signed score separately declared
6,202409010000,3480,0.46728030049990416,202408311600,matured direct prediction calibration; signed score separately declared
6,202410010000,3204,0.28140838926476075,202409301600,matured direct prediction calibration; signed score separately declared
6,202411010000,3219,0.2528087340638006,202410311600,matured direct prediction calibration; signed score separately declared
6,202412010000,3430,0.14537686948248657,202411301600,matured direct prediction calibration; signed score separately declared
6,202501010000,3600,0.20105331258341452,202412311600,matured direct prediction calibration; signed score separately declared
6,202502010000,3672,0.4677262976447119,202501311600,matured direct prediction calibration; signed score separately declared
6,202503010000,3624,0.2052910748085472,202502281600,matured direct prediction calibration; signed score separately declared
6,202504010000,3667,0.26368014206874035,202503311600,matured direct prediction calibration; signed score separately declared
6,202505010000,3676,0.3734227599287887,202504301600,matured direct prediction calibration; signed score separately declared
6,202506010000,3407,0.3877295607940814,202505311600,matured direct prediction calibration; signed score separately declared
6,202507010000,3140,0.3718335931557041,202506301600,matured direct prediction calibration; signed score separately declared
6,202508010000,3008,0.3920395022021537,202507311600,matured direct prediction calibration; signed score separately declared
6,202509010000,2955,0.56112828199665,202508311600,matured direct prediction calibration; signed score separately declared
6,202510010000,2861,0.49341229728016045,202509301600,matured direct prediction calibration; signed score separately declared
6,202511010000,2794,0.33890052922888997,202510311600,matured direct prediction calibration; signed score separately declared
6,202512010000,2805,0.40957856440662654,202511301600,matured direct prediction calibration; signed score separately declared
6,202601010000,2918,0.366175293071658,202512311600,matured direct prediction calibration; signed score separately declared
