id,period,cost_bps,net_return_pct,net_sum_pct,price_gross_pct,funding_pct,fee_pct,sharpe,max_drawdown_pct,mean_abs_position,turnover,positive_asset_share,break_even_bps
base_ridge__edge8,validation,0.0,0.5437385062829536,0.6264657108786584,0.6470161038725563,-0.02055039299389809,0.0,0.3864294056613809,-4.4935514686606055,0.010100670321707356,16.30277290878823,0.75,3.842694211491797
base_ridge__edge8,validation,4.0,-0.1097372782576378,-0.025605113709347198,0.6470645633692659,-0.020550705470319824,0.6521189716082936,-0.015808742420148014,-4.499692511139742,0.010100874238179704,16.302974290207334,0.4166666666666667,3.842942071467735
base_ridge__edge8,validation,8.0,-0.7589948994278894,-0.6776920451600348,0.647113028063143,-0.020551017957578296,1.3042540552656003,-0.41855000739306025,-4.505833204380161,0.010101078171960041,16.303175690819998,0.25,3.843189952607636
base_ridge__edge16,validation,0.0,0.39869391547171507,0.41548546478456605,0.4209401647019444,-0.005454699917378046,0.0,0.568091714855544,-1.8749032664196252,0.002485229119258991,4.855111425904047,0.5833333333333334,8.557691643651635
base_ridge__edge16,validation,4.0,0.20393396225113491,0.22130092657699604,0.4209620036439253,-0.005454744239201546,0.19420633282772728,0.30415046800352596,-1.8777560595797715,0.0024852727122018545,4.8551583206931825,0.5833333333333334,8.558057883175286
base_ridge__edge16,validation,8.0,0.009544505560832306,0.027112638078257693,0.42098384417042256,-0.005454788560461988,0.3884164175317029,0.037425210972698825,-1.8806087931002913,0.0024853163082379347,4.8552052191462876,0.5833333333333334,8.558424141812587
base15__edge8,validation,0.0,14.225662474206002,13.492185290874758,13.520384522382653,-0.02819923150789683,0.0,3.455111045872346,-4.378525790711441,0.08805653057982325,162.86704827876073,0.9166666666666666,8.284171312407983
base15__edge8,validation,4.0,7.022309529168802,6.978530294722899,13.521653452916818,-0.028202469225234342,6.514920688968687,1.8004633106019912,-5.057517868015804,0.08806274855374331,162.87301722421716,0.8333333333333334,8.284644819415353
base15__edge8,validation,8.0,0.2722567394691344,0.4643980009760245,13.522922722584854,-0.028205708271955197,13.030319013336875,0.12054076299765126,-5.731780138755083,0.08806896810236355,162.87898766671094,0.5833333333333334,8.285118422964594
base15__edge16,validation,0.0,12.116158152309753,11.586877625381609,11.614972795494943,-0.02809517011333514,0.0,3.4822630763750024,-3.693551041668741,0.05720254664156192,112.79012410692077,0.9166666666666666,10.272954052606314
base15__edge16,validation,4.0,7.171133014600839,7.076163643401673,11.616016701209189,-0.028097760538190072,4.511755297269328,2.1491096211881304,-4.072310235381993,0.05720627213820435,112.79388243173322,0.8333333333333334,10.273534956724635
base15__edge16,validation,8.0,2.4435980967224102,2.5651492089403574,11.617060892732392,-0.028100351900283004,9.023811331891753,0.785833690450727,-4.551379015299927,0.057209998525594906,112.79764164864689,0.75,10.274115993427005
base31__edge8,validation,0.0,15.259307234094898,14.458983978890064,14.481276081708907,-0.022292102818845708,0.0,3.3517569772589213,-5.056497370267765,0.1292018039045487,235.56718778261515,0.9166666666666666,6.137944810986589
base31__edge8,validation,4.0,4.895317907751351,5.037194190324614,14.48261227103249,-0.022294464246129752,9.42312361646175,1.1717667144730615,-6.080415760652535,0.12921310923261115,235.5780904115437,0.6666666666666666,6.138226938474998
base31__edge8,validation,8.0,-4.538414854818185,-4.385467767257961,14.483948768943236,-0.022296827424651344,18.847119708776543,-1.0223115559107443,-9.425796362549077,0.1292244179939099,235.5889963597068,0.4166666666666667,6.138509083606753
base31__edge16,validation,0.0,12.858828013182567,12.304925871128125,12.32495537540872,-0.020029504280593725,0.0,3.2149292158091627,-4.685263048056598,0.09116094601764027,178.91762312281537,0.9166666666666666,6.877425295708065
base31__edge16,validation,4.0,5.064690221054113,5.149002603136741,12.32603552030386,-0.02003154833870789,7.15700136882841,1.3526898150973676,-5.48184211690117,0.09116813450089278,178.92503422071024,0.75,6.877742975186619
base31__edge16,validation,8.0,-2.1923281491911695,-2.0075136813916017,12.327115917989884,-0.020033593787083737,14.3145960055944,-0.5292716398586581,-7.4657431738906155,0.09117532502537576,178.93245006992998,0.4166666666666667,6.87806058621171
wide_ridge__edge8,validation,0.0,1.3623569903439048,1.4340284230953855,1.4604585422390859,-0.026430119143700175,0.0,0.8518221935758876,-4.145731558797383,0.012356032873299273,20.390744112172857,0.8333333333333334,7.0327419892406
wide_ridge__edge8,validation,4.0,0.5390672417095344,0.618476339071817,1.4605481595589036,-0.026430623642127275,0.8156411968449592,0.36825744013863165,-4.152210697724302,0.012356319616937927,20.391029921123977,0.75,7.03308043519229
wide_ridge__edge8,validation,8.0,-0.2775774300850853,-0.19709860176582522,1.4606377872521699,-0.02643112816222935,1.6313052608557657,-0.11755121304603063,-4.370344129517411,0.012356606388786199,20.39131576069707,0.5,7.033418911859922
wide_ridge__edge16,validation,0.0,0.8895352601945072,0.9078678015544471,0.9171183546136554,-0.00925055305920814,0.0,1.0953165751477278,-1.9158587874986033,0.0037768532151063895,7.262422813874337,0.8333333333333334,12.500894327166286
wide_ridge__edge16,validation,4.0,0.5969278327450755,0.6174068024909286,0.9171578921589941,-0.009250703354786253,0.29050038631327924,0.750211941885842,-1.91844832318403,0.003776932559741154,7.262509657831982,0.6666666666666666,12.501287180046766
wide_ridge__edge16,validation,8.0,0.3051558241820018,0.32693885895760405,0.9171974334532645,-0.00925085366341792,0.5810077208322425,0.3996560819384933,-1.942670883897435,0.0037770119116636983,7.26259651040303,0.5833333333333334,12.50168006014506
wide15__edge8,validation,0.0,13.461586607880061,12.826421916048197,12.837434465001607,-0.011012548953412036,0.0,3.113810201401669,-5.73335792475439,0.09247487275158896,171.67914867289227,0.8333333333333334,7.47115885370968
wide15__edge8,validation,4.0,5.932327418242389,5.960142983494796,12.838586279639202,-0.01101342361910071,6.867429872525306,1.4553538360445084,-6.248407866886064,0.09248158093038339,171.68574681313262,0.75,7.471542101850759
wide15__edge8,validation,8.0,-1.0983299175385763,-0.9066635674257035,12.83973846252168,-0.011014298646983537,13.735387731300397,-0.2223847331752145,-6.760714379865062,0.09248829084108143,171.69234664125497,0.5833333333333334,7.4719254613485235
wide15__edge16,validation,0.0,11.537265617330238,11.073656134467894,11.085251879396749,-0.011595744928853928,0.0,3.145643454083493,-5.144440297913199,0.0606888996217349,120.0782000596164,0.9166666666666666,9.222037079977921
wide15__edge16,validation,4.0,6.307355151509086,6.271295250398236,11.086184007139769,-0.01159615440884519,4.803292602332689,1.7953613104958281,-5.51012619254394,0.060692882624076815,120.08231505831722,0.75,9.222496957485056
wide15__edge16,validation,8.0,1.322010762499537,1.468605376804168,11.087116422181705,-0.011596563970119609,9.606914481407419,0.42298356205231774,-5.87444776021141,0.06069686657771087,120.08643101759272,0.6666666666666666,9.22295696887604
wide31__edge8,validation,0.0,13.749458483022337,13.149481417129527,13.139507683163892,0.009973733965637882,0.0,2.842385813881843,-6.727594924197023,0.13352153007067247,242.5724711715328,0.9166666666666666,5.420846542735264
wide31__edge8,validation,4.0,3.2316840554493353,3.447513764678739,13.140882469638365,0.009975400200167796,9.70334410515979,0.7483692277837465,-7.7186856079135,0.13353334491981125,242.58360262899475,0.5833333333333334,5.4211652095675
wide31__edge8,validation,8.0,-6.31525280591757,-6.2553442605390615,13.142257664419867,0.009977067072251452,19.40757899203118,-1.3620671731096416,-10.838386273433287,0.13354516331042937,242.59473740038976,0.25,5.421483941667312
wide31__edge16,validation,0.0,11.60239218554655,11.198133880173645,11.194233649593869,0.0039002305797780235,0.0,2.7424916034970783,-6.175114080083088,0.09495134802447903,184.53914898120357,0.9166666666666666,6.068161656751893
wide31__edge16,validation,4.0,3.661696217460486,3.817316770516719,11.195279070462307,0.003901234508020966,7.3818635344536085,0.9397186767492735,-6.9421802937631565,0.09495882690670013,184.54658836134024,0.6666666666666666,6.068484063786892
wide31__edge16,validation,8.0,-3.71515883469572,-3.564095384311819,11.196324756954697,0.003902238891739558,14.764322380158253,-0.8805071207622377,-8.231834727858779,0.09496630783576976,184.5540297519782,0.4166666666666667,6.0688065228911015
wide15_static__edge8,validation,0.0,7.898677503529283,7.86033272663582,7.836938824679775,0.023393901956044242,0.0,2.8172349533021377,-6.398689453211581,0.0463285252925203,92.42486174040606,1.0,8.504565307020046
wide15_static__edge8,validation,4.0,3.9827868588304227,4.1636883990505105,7.837391815614049,0.02339656244705361,3.6970999790105914,1.4989601908008834,-6.409768685985662,0.04633110405297704,92.42749947526478,0.75,8.504815582687907
wide15_static__edge8,validation,8.0,0.20859160032939972,0.4668330939686426,7.837844889600529,0.02339922358751076,7.3944110192193975,0.16850504014669973,-6.443176379554316,0.04633368332429931,92.43013774024249,0.5833333333333334,8.505065885848389
wide15_static__edge16,validation,0.0,6.4947180286320405,6.491523818456124,6.47972520617491,0.011798612281214944,0.0,2.84620806271953,-5.677592277262599,0.027298329256515888,55.51691375021403,1.0,11.692875882228053
wide15_static__edge16,validation,4.0,4.156167849608261,4.2711719873006535,6.4801082810060935,0.011800409265663052,2.2207367029711023,1.8886126015253843,-5.6781559776472035,0.027299767427397856,55.51841757427755,0.75,11.693252390679715
wide15_static__edge16,validation,8.0,1.868727393625158,2.0506999049196297,6.480491433227074,0.011802206693672284,4.441593735001115,0.9125872581200495,-5.67930508474136,0.02730120586970638,55.51992168751394,0.5833333333333334,11.693628958019262
base_ensemble__edge8,validation,0.0,11.198125768220478,10.78186573954677,10.814479921727584,-0.03261418218081169,0.0,3.2708094557672522,-4.345784331891944,0.06498567844414353,123.27539455069294,0.9166666666666666,8.74616202109423
base_ensemble__edge8,validation,4.0,5.84849349332619,5.851495134606149,10.815285620935342,-0.03261663767814643,4.931173848651046,1.7878635657725719,-4.86807368740344,0.06498960423023203,123.27934621627615,0.8333333333333334,8.746533230587165
base_ensemble__edge8,validation,8.0,0.7555983321539728,0.9208085013481488,10.81609149840598,-0.03261909414675624,9.862663902911075,0.28291378341098095,-5.387574575553423,0.06499353090570303,123.28329878638843,0.6666666666666666,8.746904495915237
base_ensemble__edge16,validation,0.0,8.935162385331763,8.679575322510049,8.70431606472207,-0.02474074221202304,0.0,3.1552400692121076,-3.5968388656607675,0.03835735042273833,77.93270079827106,0.9166666666666666,11.137270020934015
base_ensemble__edge16,validation,4.0,5.592247908198633,5.56282882080588,8.704971992288485,-0.02474211096178527,3.117401060520821,2.0446045641148785,-3.9322814737353218,0.03835953029182318,77.93502651302052,0.8333333333333334,11.137777543293069
base_ensemble__edge16,validation,8.0,2.351545046973791,2.445896390956967,8.705628089787975,-0.02474348016511889,6.23498821866589,0.9072044780460701,-4.266595158107112,0.03836171063527894,77.9373527333236,0.75,11.138285180568083
wide_equal__edge8,validation,0.0,9.947337205985573,9.668003252911086,9.686433963099464,-0.0184307101883762,0.0,2.7674251228401916,-5.386101669999077,0.06873235658159277,129.8954831543254,0.9166666666666666,7.442909497803544
wide_equal__edge8,validation,4.0,4.381041288925669,4.472738521703812,9.687158551194782,-0.01843140275078023,5.1959886267401885,1.2869388191188322,-5.928895531807743,0.06873655045176509,129.89971566850474,0.8333333333333334,7.44322425856415
wide_equal__edge8,validation,8.0,-0.9041117074051752,-0.7228648336229067,9.687883332300801,-0.018432095333881602,10.392316070589823,-0.20876747678622543,-6.468639235418994,0.06874074525298074,129.9039508823728,0.5,7.44353899268433
wide_equal__edge16,validation,0.0,7.704776627559817,7.568264814474418,7.586485917117231,-0.018221102642813777,0.0,2.606515732433045,-4.554835435348215,0.040852906501530194,81.97063411199572,0.9166666666666666,9.232897727903344
wide_equal__edge16,validation,4.0,4.231023132215483,4.2898992770566915,7.587041865766723,-0.01822147776168558,3.278921110948347,1.4885225737177943,-4.908552434403113,0.04085516874836638,81.97302777370865,0.8333333333333334,9.23330587336509
wide_equal__edge16,validation,8.0,0.8689280752146145,1.011342359021487,7.587597965200874,-0.018221852822342732,6.558033753357044,0.3529354409713292,-5.2609972260969755,0.04085743145602574,81.97542191696306,0.5833333333333334,9.233714124760377
wide_cov__edge8,validation,0.0,9.859810720869788,9.58700663991094,9.605742737786743,-0.018736097875801536,0.0,2.760807475357473,-5.362087603783683,0.06781898041393475,128.23241849718872,0.9166666666666666,7.476273747516601
wide_cov__edge8,validation,4.0,4.3673471652835305,4.458259596111874,9.606459274653337,-0.018736794102219862,5.1294628844392465,1.2905648487516246,-5.898291649669407,0.06782308844117095,128.23657211098114,0.8333333333333334,7.476589807978891
wide_cov__edge8,validation,8.0,-0.8511683871184172,-0.6708196149052083,9.60717600585068,-0.018737490347491854,10.259258130408394,-0.1949204662352758,-6.4315205437751155,0.067827197375821,128.24072663010492,0.5,7.4769059467043535
wide_cov__edge16,validation,0.0,7.62582385416628,7.493674958510264,7.51204448390997,-0.018369525399706373,0.0,2.599752089033827,-4.529057182268581,0.04016218257525577,80.60640891947943,0.9166666666666666,9.296624249811153
wide_cov__edge16,validation,4.0,4.211465400486936,4.269874800605597,7.5125945811957004,-0.018369903716749035,3.224349876873353,1.4925400973090241,-4.877218058694732,0.04016439175831678,80.60874692183383,0.8333333333333334,9.297036566944886
wide_cov__edge16,validation,8.0,0.9050550335442331,1.0458877143474088,7.513144827650718,-0.01837028197624946,6.44888683132706,0.3677188112903569,-5.2241471102293495,0.040166601388679,80.61108539158825,0.5833333333333334,9.29744899137228
asset_shrunk__edge8,validation,0.0,11.535962091721563,11.104643182599963,11.11669852136316,-0.012055338763196857,0.0,2.9873079015786064,-5.536973843910797,0.08195394502538463,151.4611251389145,0.8333333333333334,7.331678787157562
asset_shrunk__edge8,validation,4.0,4.979936155886855,5.046963177186566,11.117671031689113,-0.012055865007338407,6.058651989495211,1.3660310772104665,-6.176354343006684,0.0819591879060415,151.46629973738027,0.75,7.332070028737242
asset_shrunk__edge8,validation,8.0,-1.191537855464686,-1.0111305937503197,11.118643839908618,-0.012056391312918632,12.117718042346015,-0.2750122872550936,-6.811490207090298,0.08196443199182882,151.4714755293252,0.5,7.332461382437276
asset_shrunk__edge16,validation,0.0,9.702887507192992,9.410828394851004,9.426111553453904,-0.015283158602897055,0.0,3.044379274109003,-4.679298064075321,0.05039758340280074,99.62306938880097,0.9166666666666666,9.446434899654793
asset_shrunk__edge16,validation,4.0,5.417904448552213,5.426567430017912,9.426894266423844,-0.015283535299409016,3.9850433011065216,1.771106830678509,-5.0324246794791865,0.05040047052880662,99.62608252766306,0.75,9.446934469706889
asset_shrunk__edge16,validation,8.0,1.2998128298850498,1.4420655971465912,9.427677213544417,-0.015283911984956695,7.970327704412869,0.4740489469125958,-5.430982083111646,0.05040335826925012,99.62909630516084,0.6666666666666666,9.44743418401547
adaptive_equal__edge8,validation,0.0,11.107051044502336,10.70462279454793,10.726606382101417,-0.02198358755348617,0.0,3.095889100088541,-5.083951578164969,0.06475513410782001,121.39346274487735,0.9166666666666666,8.818121299534024
adaptive_equal__edge8,validation,4.0,5.841554289379447,5.849604975906295,10.727483573062727,-0.02198467391200996,4.855893923244424,1.702693834315631,-5.586879837967373,0.06475899889726136,121.39734808111061,0.8333333333333334,8.818560758014193
adaptive_equal__edge8,validation,8.0,0.8249784089523704,0.9942765084689628,10.728361011008307,-0.021985760611406193,9.712098741927939,0.29086836206749694,-6.087202953643578,0.06476286454125721,121.40123427409924,0.6666666666666666,8.819000329291619
adaptive_equal__edge16,validation,0.0,8.746968078394612,8.514979253224318,8.535837737999438,-0.02085848477512025,0.0,2.9892344913394506,-4.226838142525146,0.03802818804942428,75.87584406521316,0.9166666666666666,11.222253087433112
adaptive_equal__edge16,validation,4.0,5.496622700022158,5.480541303475244,8.536523680482597,-0.020859237242255833,3.0351231397650977,1.9428145793873033,-4.549226188963673,0.03803029746413214,75.87807849412744,0.8333333333333334,11.222825633228718
adaptive_equal__edge16,validation,8.0,2.3430689933817472,2.4459247602327796,8.537209820857205,-0.020859989912671593,6.070425070711753,0.87404794967106,-4.870564910365383,0.03803240731761228,75.8803133838969,0.6666666666666666,11.223398337666655
pair_prediction__edge8,validation,0.0,11.842712804323519,11.368838114999097,11.368313850849146,0.0005242641499487321,0.0,3.7304568323170733,-4.313982894450619,0.05366140508749749,101.68253903233595,0.9166666666666666,11.180718167731534
pair_prediction__edge8,validation,4.0,7.385687634066551,7.302255241779927,11.369156949283084,0.0005244533824781016,4.067426160885634,2.4200819014318253,-4.7046325166307135,0.053664530528909946,101.68565402214085,0.8333333333333334,11.181204971342318
pair_prediction__edge8,validation,8.0,3.1057703740176024,3.2354233398774355,11.370000273735814,0.000524642688912552,8.135101576547289,1.0811882343239934,-5.10045357190555,0.05366765666241775,101.68876970684113,0.6666666666666666,11.181691891056257
pair_prediction__edge16,validation,0.0,9.121675684574404,8.86231285380106,8.86898972612947,-0.006676872328411092,0.0,3.507089384619839,-3.5820322479364064,0.031781268049456496,62.50607245088098,0.9166666666666666,14.178323011360717
pair_prediction__edge16,validation,4.0,6.427786690277015,6.3626767217507565,8.869670375318456,-0.006676737433007228,2.500316916134692,2.555950561837766,-3.7708859505767522,0.031783065408026646,62.5079229033673,0.8333333333333334,14.178992400030621
pair_prediction__edge16,validation,8.0,3.800098943915464,3.8628927109452316,8.870351214011267,-0.0066766023906603775,5.000781900675375,1.572268309124664,-3.9593857720209735,0.03178486315371017,62.50977375844219,0.75,14.179661961140168
pair_position__edge8,validation,0.0,11.045982839423019,10.65071174888609,10.653169815166565,-0.002458066280475246,0.0,3.6825234686888577,-4.5756312812830995,0.06188945019561954,111.11633182856988,0.9166666666666666,9.585190199869082
pair_position__edge8,validation,4.0,6.219004844148146,6.206659465539905,10.653895538845418,-0.002458000676649774,4.444778072628865,2.1621564177150505,-5.043417646117732,0.061892708746425266,111.1194518157216,0.8333333333333334,9.585574230363296
pair_position__edge8,validation,8.0,1.601345933026499,1.7623577043046346,10.654621433727762,-0.0024579350614363513,8.88980579436169,0.6176323519424348,-5.5089543840645465,0.06189596794674504,111.12257242952113,0.5833333333333334,9.585958339312564
pair_position__edge16,validation,0.0,9.290291133097961,9.019237083164045,9.027424712770538,-0.008187629606494457,0.0,3.729222058064913,-3.6034489136124837,0.04023760558440815,76.5883770078068,0.9166666666666666,11.776247827062186
pair_position__edge16,validation,4.0,5.993398680519224,5.956217708719745,9.02802019945786,-0.008187646645733225,3.0636148440923785,2.491620368511314,-3.9373411263074476,0.040239598344434684,76.59037110230946,0.8333333333333334,11.776718695831136
pair_position__edge16,validation,8.0,2.795639672544481,2.8930389129611926,9.02861582281248,-0.008187663635789164,6.1273892462154995,1.222060607767261,-4.270105434157612,0.0402415914833105,76.59236557769374,0.6666666666666666,11.77718966001455
anchor_wide__edge8,validation,0.0,14.544248784485013,13.769332616067201,13.792907415035979,-0.023574798968778597,0.0,3.4736364620774083,-4.526662481998633,0.08366599292613855,154.54288887493416,0.9166666666666666,8.909716077075673
anchor_wide__edge8,validation,4.0,7.678804910636372,7.588653648011072,13.794171779188154,-0.023577355167652678,6.181940776009433,1.9283001464888165,-5.116780076278104,0.08367178091405487,154.54851940023582,0.75,8.910207925291513
anchor_wide__edge8,validation,8.0,1.2239451134727464,1.407524400162306,13.7954365024166,-0.02357991244123099,12.364332189813066,0.35975394306503783,-5.7573948130691495,0.08367757036094628,154.5541523726633,0.6666666666666666,8.910699828218435
anchor_wide__edge16,validation,0.0,12.170421081634665,11.63263564722879,11.658477576346847,-0.025841929118057928,0.0,3.4598823303654154,-4.003954857621295,0.053804734477221235,105.74977761249085,0.9166666666666666,11.000151404436409
anchor_wide__edge16,validation,4.0,7.525390495098949,7.403516806194714,11.659492884574247,-0.025843983553771238,4.230132094825762,2.224245637032149,-4.252256653604847,0.05380819081817427,105.75330237064404,0.8333333333333334,11.000742899022555
anchor_wide__edge16,validation,8.0,3.0721342626347736,3.174116202326659,11.660508477653226,-0.02584603872714281,8.460546236599427,0.9615212617555641,-4.602160724566751,0.05381164798219598,105.75682795749282,0.75,11.001334536624379
stack_global__edge8,validation,0.0,11.915232413706933,11.429936321677106,11.444477047950075,-0.014540726272969937,0.0,3.5588277652963125,-4.230098909437984,0.056907168366397226,107.250478265231,0.9166666666666666,10.657235759276348
stack_global__edge8,validation,4.0,7.216281745647768,7.140661018049468,11.445355023244137,-0.014541494609855862,4.290152510584814,2.24309490416953,-4.6527569949290415,0.05691050736700048,107.25381276462035,0.8333333333333334,10.657722307476742
stack_global__edge8,validation,8.0,2.7140835767111016,2.851119131001486,11.446233234684874,-0.014542263176968183,8.580571840506419,0.9021544925999468,-5.082205817780294,0.05691384711049737,107.25714800633024,0.6666666666666666,10.658208971613915
stack_global__edge16,validation,0.0,9.008673695211522,8.751827194182452,8.768483307944978,-0.016656113762524922,0.0,3.2975177247528302,-3.5155547232154083,0.033512726944896536,66.38208291318489,0.9166666666666666,13.184020160422167
stack_global__edge16,validation,4.0,6.152871542330551,6.097157135939727,8.76917538280112,-0.016656583671570673,2.6553616631898245,2.328028261343479,-3.7242273337444787,0.033514616537967716,66.3840415797456,0.8333333333333334,13.184672988937189
stack_global__edge16,validation,8.0,3.3715667731504695,3.4423305471525736,8.769867653879587,-0.01665705365434679,5.310880053072664,1.3295412344042274,-3.977793690663012,0.03351650653396824,66.3860006634083,0.75,13.185325991553478
stack_asset__edge8,validation,0.0,11.889027404676389,11.407570980616532,11.421457605235275,-0.013886624618747824,0.0,3.546429344841271,-4.21157224385823,0.05707233115531391,107.56112803482449,0.9166666666666666,10.605663206621596
stack_asset__edge8,validation,4.0,7.177857540645127,7.10586966032072,11.422336467905266,-0.013887343274631704,4.302579464309915,2.228807208946234,-4.625834828967845,0.05707568195924553,107.56448660774787,0.8333333333333334,10.606148445846701
stack_asset__edge8,validation,8.0,2.664511238638956,2.803899832949117,11.423215569617625,-0.013888062146672101,8.605427674521835,0.8859047990635504,-5.060010829017692,0.05707903351089168,107.56784593152291,0.6666666666666666,10.606633802757441
stack_asset__edge16,validation,0.0,8.996175086492041,8.740862065952616,8.757082554881427,-0.01622048892881214,0.0,3.2834278488606627,-3.482729111487326,0.03363406744760245,66.62771894055045,0.9166666666666666,13.118957402326464
stack_asset__edge16,validation,4.0,6.130273329629343,6.076368566624948,8.757777101976819,-0.016220941812367926,2.6651875935395033,2.313085076377432,-3.6927013269273945,0.03363596442190023,66.62968983848756,0.8333333333333334,13.119611064308199
stack_asset__edge16,validation,8.0,3.339406137066714,3.411717560584619,8.75847184786012,-0.016221394760504486,5.330532892514996,1.3137527732825127,-3.955415548672403,0.03363786180167845,66.63166115643745,0.75,13.120264903158587
