id,period,net_return_pct,net_sum_pct,price_gross_pct,funding_pct,fee_pct,sharpe,max_drawdown_pct,mean_abs_position,turnover,positive_asset_share,break_even_bps
base_ridge__edge8,fold0,1.299918287543389,1.3081865085955986,1.6067226728711235,-0.024312171577904818,0.2742239926976205,2.826496028315424,-1.2584897857400024,0.0040718734023962285,6.855599817440512,0.9166666666666666,23.082013878167118
base_ridge__edge16,fold0,0.6666196303462879,0.6674209646177394,0.7220588921999378,-0.0051034605232974095,0.04953446705890098,2.9646343366719585,-0.575813831159333,0.0006291970910465602,1.2383616764725245,0.6666666666666666,57.895479591946774
base_ridge__edge8,fold1,5.040189264366979,4.961444617914232,5.440177647731499,-0.03841644166449578,0.44031658815277,2.192014222721606,-2.8133965602528344,0.008803045012473467,11.007914703819248,0.9166666666666666,49.07161212098451
base_ridge__edge16,fold1,3.244654266338576,3.208068056951914,3.3436901749365533,-0.008935018910060023,0.12668709907457867,2.141828979236164,-1.3941536261468324,0.002173214006610876,3.1671774768644667,0.8333333333333334,105.29107321538325
base_ridge__edge8,fold2,2.9139719889187177,2.9547587096999197,3.6197202276625804,-0.0018073315402908647,0.6631541864223699,2.3405270596977474,-4.997164862088532,0.01355126231532422,16.578854660559244,0.9166666666666666,21.822453783428298
base_ridge__edge16,fold2,1.0823145050744332,1.1179806059094004,1.3933534972935866,0.00405819423311719,0.279431085617303,1.6435575274363672,-3.7287671801651157,0.004832335645148005,6.985777140432574,0.8333333333333334,20.003668359797878
base_ridge__edge8,validation,-0.1097372782576378,-0.025605113709347198,0.6470645633692659,-0.020550705470319824,0.6521189716082936,-0.015808742420148014,-4.499692511139742,0.010100874238179704,16.302974290207334,0.4166666666666667,3.842942071467735
base_ridge__edge16,validation,0.20393396225113491,0.22130092657699604,0.4209620036439253,-0.005454744239201546,0.19420633282772728,0.30415046800352596,-1.8777560595797715,0.0024852727122018545,4.8551583206931825,0.5833333333333334,8.558057883175286
base15__edge8,fold0,8.681326560427284,8.612925241269167,13.312614523308003,0.20032429374246896,4.900013575781301,2.2211444724671305,-6.854231798929289,0.07394573332158608,122.50033939453252,0.75,11.03093990093352
base15__edge16,fold0,8.15419641422701,8.062741926400783,11.029200398903614,0.1442566971833372,3.1107151696861703,2.601440878095444,-6.0573728715487825,0.043886386105840745,77.76787924215428,0.8333333333333334,14.367701941948225
base15__edge8,fold1,-1.9478245228074509,-1.6352950081669266,4.011215231669169,0.020659102329558036,5.6671693421656535,-0.3445888173953828,-8.71689498117576,0.08897581888846127,141.67923355414135,0.5,2.8457765000951856
base15__edge16,fold1,0.40861039233233143,0.6612939241632292,4.284851626841924,0.011963626041493489,3.635521328720185,0.15999331709859152,-7.379919310305527,0.05359147570568343,90.88803321800464,0.5,4.7275918520285805
base15__edge8,fold2,1.3728232639137472,1.75962384011096,7.26967956066809,0.02960559096019112,5.539661311517317,0.42871850325435296,-10.410462969024781,0.0916786089437201,138.49153278793295,0.5,5.270564203232129
base15__edge16,fold2,2.583810300774103,2.8824506838040844,6.581400269848711,0.024462183584591703,3.7234117696292173,0.7946202138574361,-9.820587207489284,0.0585223582593365,93.08529424073043,0.5,7.0965693424674585
base15__edge8,validation,7.022309529168802,6.978530294722899,13.521653452916818,-0.028202469225234342,6.514920688968687,1.8004633106019912,-5.057517868015804,0.08806274855374331,162.87301722421716,0.8333333333333334,8.284644819415353
base15__edge16,validation,7.171133014600839,7.076163643401673,11.616016701209189,-0.028097760538190072,4.511755297269328,2.1491096211881304,-4.072310235381993,0.05720627213820435,112.79388243173322,0.8333333333333334,10.273534956724635
base31__edge8,fold0,10.876726810111826,10.662470229769445,17.5419249315861,0.26534750182595906,7.1448022036426115,2.1787087565979784,-7.990962638559596,0.11318786084316967,178.62005509106532,0.8333333333333334,9.969357821736999
base31__edge16,fold0,10.429015094424843,10.196524093032046,15.138854962023029,0.20079108515162247,5.143121954142606,2.464708503857317,-7.107259873004801,0.07547342371392021,128.57804885356515,0.9166666666666666,11.930221514439571
base31__edge8,fold1,-8.221704977206045,-8.157591038923615,-0.17581544443530175,0.006628198376940669,7.9884037928652525,-1.641847743805875,-11.966727008423728,0.12904443603466703,199.7100948216313,0.16666666666666666,-0.08471642167586405
base31__edge16,fold1,-6.077148471730309,-5.930620443201591,-0.015230455215631093,0.006053063913362408,5.921443051899324,-1.407384348260236,-10.66058911710388,0.08892400399967296,148.03607629748313,0.25,-0.006199428903956107
base31__edge8,fold2,-0.19174977392767412,0.2651710820524383,8.184996969654607,0.017141900520503517,7.936967788122675,0.05360334790340413,-10.998532432962394,0.13181326751793984,198.4241947030668,0.4166666666666667,4.133638482166581
base31__edge16,fold2,0.7595975268730903,1.1467717939724396,7.102056931320997,0.021605138902877463,5.976890276251433,0.2604701708828542,-10.076804433882858,0.09274837872872897,149.42225690628584,0.4166666666666667,4.767470534655136
base31__edge8,validation,4.895317907751351,5.037194190324614,14.48261227103249,-0.022294464246129752,9.42312361646175,1.1717667144730615,-6.080415760652535,0.12921310923261115,235.5780904115437,0.6666666666666666,6.138226938474998
base31__edge16,validation,5.064690221054113,5.149002603136741,12.32603552030386,-0.02003154833870789,7.15700136882841,1.3526898150973676,-5.48184211690117,0.09116813450089278,178.92503422071024,0.75,6.877742975186619
wide_ridge__edge8,fold0,1.8967944699179284,1.9061179216125383,2.290046763110796,-0.03337271148288838,0.35055613001537,3.141463751260641,-1.613506294537026,0.005254653257350869,8.76390325038425,0.8333333333333334,25.749645873018565
wide_ridge__edge16,fold0,0.8749956067773068,0.8791280775767796,0.9576751990278042,-0.007847057201838198,0.0707000642491863,2.672371290830457,-0.9612983918103168,0.0009079127357187867,1.7675016062296576,0.75,53.73845989606142
wide_ridge__edge8,fold1,4.9365389833788464,4.875755366115111,5.4564411951684235,-0.040091668834840756,0.5405941602184714,2.022940748223654,-3.68886587825652,0.01017987615155985,13.514854005461785,0.9166666666666666,40.0770109994874
wide_ridge__edge16,fold1,3.405345240915958,3.371639249772339,3.5499189321457765,-0.009667875109554204,0.16861180726388303,1.9265446394811547,-2.0680758961955203,0.0028345428692780742,4.215295181597075,0.8333333333333334,83.98583976970517
wide_ridge__edge8,fold2,3.516995937096179,3.547040566770878,4.319115892310836,-0.003822372800708039,0.7682529527392487,2.4849597363047984,-4.917985694912441,0.015321599637562695,19.206323818481216,0.9166666666666666,22.468086867085685
wide_ridge__edge16,fold2,1.8281986376426085,1.8573943009286276,2.207980271060745,0.0027141127982996233,0.3533000829304171,2.2219132416789424,-3.5804634096572863,0.006148989484194994,8.832502073260427,0.8333333333333334,25.029084233693133
wide_ridge__edge8,validation,0.5390672417095344,0.618476339071817,1.4605481595589036,-0.026430623642127275,0.8156411968449592,0.36825744013863165,-4.152210697724302,0.012356319616937927,20.391029921123977,0.75,7.03308043519229
wide_ridge__edge16,validation,0.5969278327450755,0.6174068024909286,0.9171578921589941,-0.009250703354786253,0.29050038631327924,0.750211941885842,-1.91844832318403,0.003776932559741154,7.262509657831982,0.6666666666666666,12.501287180046766
wide15__edge8,fold0,12.042452220698463,11.645962193322887,16.348708080358872,0.130984019733804,4.8337299067697925,3.0781686616239137,-7.015084856432141,0.07232975654282331,120.84324766924479,0.9166666666666666,13.637246944238523
wide15__edge16,fold0,10.61511448553938,10.306529662039548,13.258506399838389,0.08741082242146352,3.0393875602203058,3.4218466059153507,-5.961373415872595,0.04238581093949699,75.98468900550765,0.9166666666666666,17.563955840225244
wide15__edge8,fold1,-2.780708395101028,-2.4912318383211627,3.3211524403182526,0.01657593550053473,5.828960214139952,-0.5828126334099168,-9.074723420724073,0.08992787423129683,145.7240053534988,0.25,2.290445124481784
wide15__edge16,fold1,-0.8805357704807393,-0.6349550553826543,3.171032876216304,0.01013151947088251,3.816119451069839,-0.16660778494293826,-8.072687375491295,0.05482650866230724,95.40298627674598,0.4166666666666667,3.3344494966428315
wide15__edge8,fold2,0.845738884782854,1.2098301205572723,7.00512539089167,0.0022703463119514997,5.797565616646348,0.2460079184197451,-10.605009454426517,0.09461389218535177,144.9391404161587,0.5833333333333334,4.83471594842051
wide15__edge16,fold2,2.3223531733048253,2.5967994982803706,6.56627528486728,0.005224088668349949,3.9746998752552596,0.591409036912153,-9.346604083662447,0.06112741243060463,99.36749688138148,0.5,6.613328884977613
wide15__edge8,validation,5.932327418242389,5.960142983494796,12.838586279639202,-0.01101342361910071,6.867429872525306,1.4553538360445084,-6.248407866886064,0.09248158093038339,171.68574681313262,0.75,7.471542101850759
wide15__edge16,validation,6.307355151509086,6.271295250398236,11.086184007139769,-0.01159615440884519,4.803292602332689,1.7953613104958281,-5.51012619254394,0.060692882624076815,120.08231505831722,0.75,9.222496957485056
wide31__edge8,fold0,9.746919821475641,9.636675589510073,16.552466244293935,0.17027367046847752,7.0860643252523365,2.104333255217628,-7.986262414858425,0.11054957940861632,177.15160813130842,0.75,9.439790070868096
wide31__edge16,fold0,9.942097611526757,9.74996089511916,14.685844874010437,0.12409351325962054,5.059977492150896,2.4604901720848247,-6.877456186459707,0.07344222142325779,126.4994373037724,0.8333333333333334,11.70751325296876
wide31__edge8,fold1,-7.648359173498276,-7.5421627948521754,0.5618353957893878,0.020151866571509868,8.124150057213072,-1.5511481352969476,-12.140938870467089,0.12870119149432624,203.10375143032678,0.16666666666666666,0.2865467812693475
wide31__edge16,fold1,-5.984710195583753,-5.832359871146037,0.1654321980011024,0.016431629631397517,6.0142236987785385,-1.3800558714624063,-10.298741654841848,0.08875819406854182,150.35559246946346,0.16666666666666666,0.12095581191596556
wide31__edge8,fold2,-1.3342157604690486,-0.9156693669777175,7.196553027762014,-0.005865015668470614,8.10635737907126,-0.1540940622702479,-10.624419631147807,0.13433218710208297,202.65893447678152,0.5833333333333334,3.5481722188356692
wide31__edge16,fold2,-0.6641062611713267,-0.30164252903801725,5.8545481841023905,-0.0037329926381518093,6.152457720502257,-0.05592422911057786,-9.898804569825359,0.09490779097258306,153.81144301255645,0.5833333333333334,3.803888109278453
wide31__edge8,validation,3.2316840554493353,3.447513764678739,13.140882469638365,0.009975400200167796,9.70334410515979,0.7483692277837465,-7.7186856079135,0.13353334491981125,242.58360262899475,0.5833333333333334,5.4211652095675
wide31__edge16,validation,3.661696217460486,3.817316770516719,11.195279070462307,0.003901234508020966,7.3818635344536085,0.9397186767492735,-6.9421802937631565,0.09495882690670013,184.54658836134024,0.6666666666666666,6.068484063786892
wide15_static__edge8,fold0,8.890065224094812,8.656882977104434,12.80505205947394,0.2000597652948871,4.348228847664392,3.158234649023764,-3.3367054818164488,0.06614820964199213,108.70572119160978,0.8333333333333334,11.963594631643545
wide15_static__edge16,fold0,7.163240570899498,7.005906139041435,9.464368537331959,0.11269497254615131,2.5711573708366764,3.456532821786692,-2.5531742295311077,0.03558859069629918,64.2789342709169,0.8333333333333334,14.89922572380181
wide15_static__edge8,fold1,0.6885427335129091,0.9788185231481817,5.542964980906366,-0.009550516673053691,4.55459594108513,0.25084224330167065,-8.945550460780572,0.06852016700739966,113.86489852712825,0.5833333333333334,4.859631489431293
wide15_static__edge16,fold1,1.3412634051304329,1.5495437134378245,4.462263058441762,-0.012491108910421222,2.9002282360935165,0.454728876881494,-7.517378318277856,0.041204166386090285,72.5057059023379,0.5833333333333334,6.137133476812148
wide15_static__edge8,fold2,2.457890380226102,2.6657395843444602,6.443661439720999,0.011822331186721553,3.7897441865632624,0.893838060945834,-5.665209771101831,0.05755823152945698,94.74360466408156,0.6666666666666666,6.813635383407648
wide15_static__edge16,fold2,3.959055619239815,4.059843024838513,6.319355419215886,0.008637427431555676,2.2681498218089273,1.6449999859628883,-4.602104304428156,0.032980998340017054,56.703745545223185,0.75,11.15974400950401
wide15_static__edge8,validation,3.9827868588304227,4.1636883990505105,7.837391815614049,0.02339656244705361,3.6970999790105914,1.4989601908008834,-6.409768685985662,0.04633110405297704,92.42749947526478,0.75,8.504815582687907
wide15_static__edge16,validation,4.156167849608261,4.2711719873006535,6.4801082810060935,0.011800409265663052,2.2207367029711023,1.8886126015253843,-5.6781559776472035,0.027299767427397856,55.51841757427755,0.75,11.693252390679715
base_ensemble__edge8,fold0,8.590753703295162,8.45558744353482,11.933149363256929,0.11028558840310082,3.5878475081252095,2.5692152384145257,-6.224468728936195,0.0538417814570276,89.69618770313022,0.9166666666666666,13.42691953811961
base_ensemble__edge16,fold0,6.966146404198481,6.8945296903127975,8.844465341256413,0.060549582460926225,2.01048523340454,2.724437195369223,-5.330724120565522,0.0280983742401095,50.26213083511351,0.8333333333333334,17.71714564376612
base_ensemble__edge8,fold1,-0.5138170675038634,-0.25122649315464946,3.8827124203556287,-0.017254671946046844,4.116684241564231,-0.06653593075127201,-8.937926148133046,0.06384063060012914,102.91710603910579,0.5,3.7558943281409505
base_ensemble__edge16,fold1,0.6293013232503641,0.8227438000055303,3.169468169500235,-0.013913162670790215,2.332811206823915,0.25960557422923775,-7.5338034486446155,0.03406142595010145,58.32028017059787,0.5,5.410733620618503
base_ensemble__edge8,fold2,2.7694088444937925,3.067664473312302,7.15789319396111,0.014929391314630109,4.105158111963435,0.8840848421178286,-9.726179779168476,0.06733569145052562,102.62895279908591,0.5,6.989082894880348
base_ensemble__edge16,fold2,3.164456708529406,3.387153460503968,5.85730918083673,0.014685013402417041,2.4848407337351808,1.1497047376279117,-8.783812338227326,0.03903228486912717,62.12101834337952,0.5833333333333334,9.452507944704273
base_ensemble__edge8,validation,5.84849349332619,5.851495134606149,10.815285620935342,-0.03261663767814643,4.931173848651046,1.7878635657725719,-4.86807368740344,0.06498960423023203,123.27934621627615,0.8333333333333334,8.746533230587165
base_ensemble__edge16,validation,5.592247908198633,5.56282882080588,8.704971992288485,-0.02474211096178527,3.117401060520821,2.0446045641148785,-3.9322814737353218,0.03835953029182318,77.93502651302052,0.8333333333333334,11.137777543293069
wide_equal__edge8,fold0,9.92070575590105,9.67348319588974,13.141457819348693,0.05679902284930325,3.524773646308258,3.058580940294059,-6.206227726408741,0.05232906850119575,88.11934115770644,1.0,14.977707128537407
wide_equal__edge16,fold0,8.674578241007481,8.482271011114408,10.422285724477987,0.02197466637693477,1.9619893797405177,3.4155142963864225,-5.00906123169319,0.0271491497370108,49.049734493512936,1.0,21.293204741477705
wide_equal__edge8,fold1,-0.9134363263901157,-0.6477987331133821,3.615517342146442,-0.015990229858311954,4.247325845401511,-0.17064876646352897,-9.130281315069356,0.06457646295009994,106.18314613503777,0.25,3.38992320656091
wide_equal__edge16,fold1,0.5999481236483639,0.799899951468177,3.2561480644289382,-0.011844382286723928,2.4444037306740394,0.23716489699875135,-7.888214900492551,0.03486609224040608,61.110093266850974,0.5833333333333334,5.308948994686085
wide_equal__edge8,fold2,2.412767940091487,2.6989357498761675,6.964127229112357,-0.00200984727364595,4.263181631962544,0.6378023367955077,-9.175003962007066,0.0690749906381692,106.5795407990636,0.5833333333333334,6.532320677722305
wide_equal__edge16,fold2,3.0829872517464274,3.286827771358388,5.916867200948802,0.0015081976572196047,2.6315476272476346,0.9089269588297101,-8.028065699907927,0.040276165845145866,65.78869068119086,0.5833333333333334,8.996037673536039
wide_equal__edge8,validation,4.381041288925669,4.472738521703812,9.687158551194782,-0.01843140275078023,5.1959886267401885,1.2869388191188322,-5.928895531807743,0.06873655045176509,129.89971566850474,0.8333333333333334,7.44322425856415
wide_equal__edge16,validation,4.231023132215483,4.2898992770566915,7.587041865766723,-0.01822147776168558,3.278921110948347,1.4885225737177943,-4.908552434403113,0.04085516874836638,81.97302777370865,0.8333333333333334,9.23330587336509
wide_cov__edge8,fold0,9.860345032109507,9.617652631384626,13.064868570735413,0.055375760542243864,3.5025916998930278,3.0546040031866197,-6.203361680815133,0.05198770526811343,87.5647924973257,1.0,14.983469905074418
wide_cov__edge16,fold0,8.595984671528756,8.409207646750247,10.33313882094626,0.020748719979668387,1.9446798941756833,3.4059118633681,-5.006442530196886,0.026905948760339516,48.61699735439208,1.0,21.29684699664109
wide_cov__edge8,fold1,-0.8463383249855627,-0.5818181030859417,3.6432831272741635,-0.01650039295515567,4.2086008374049495,-0.1536329987091308,-9.11117412030501,0.06397119652028573,105.21502093512372,0.25,3.4470199236621415
wide_cov__edge16,fold1,0.6574600413159937,0.8556336115628927,3.2810138416291963,-0.012234565027751691,2.413145665038552,0.25403449788476473,-7.862632519427304,0.03442485768074434,60.32864162596379,0.5833333333333334,5.418287547178341
wide_cov__edge8,fold2,2.4686629204444532,2.7516442450789658,6.968367664163982,-0.0020458979204906035,4.214677521164523,0.6544131172168995,-9.150934602352844,0.0682872466427057,105.36693802911307,0.5833333333333334,6.611487338009845
wide_cov__edge16,fold2,3.1038763640734324,3.305248454634075,5.896511560383727,0.0014972903714771746,2.592760396121129,0.9205737882747924,-8.001284389859542,0.039705079234231305,64.81900990302823,0.5833333333333334,9.099196145665994
wide_cov__edge8,validation,4.3673471652835305,4.458259596111874,9.606459274653337,-0.018736794102219862,5.1294628844392465,1.2905648487516246,-5.898291649669407,0.06782308844117095,128.23657211098114,0.8333333333333334,7.476589807978891
wide_cov__edge16,validation,4.211465400486936,4.269874800605597,7.5125945811957004,-0.018369903716749035,3.224349876873353,1.4925400973090241,-4.877218058694732,0.04016439175831678,80.60874692183383,0.8333333333333334,9.297036566944886
asset_shrunk__edge8,fold0,12.65128172232004,12.15834473511947,16.402821130525513,0.06762130849165249,4.312097703897693,3.506199031102699,-6.616643525267207,0.06575695097799775,107.8024425974423,1.0,15.278357375000649
asset_shrunk__edge16,fold0,10.766967907431857,10.41441598952404,12.921338381132156,0.02996292930334069,2.5368853209114577,3.8753590247864587,-5.585817959367345,0.03578570505647876,63.42213302278644,1.0,20.42079112315936
asset_shrunk__edge8,fold1,-0.48320315827004023,-0.1942259988721237,4.8452590061860175,-0.0033796645063056798,5.036105340551836,-0.049152442139899825,-8.742611266206602,0.07755704274346041,125.90263351379588,0.5833333333333334,3.845733172173209
asset_shrunk__edge16,fold1,0.7286503840789438,0.9417116897583591,4.038738523510865,-0.005086994968805872,3.0919398387836994,0.27309933974427625,-7.469596595119987,0.044423333763240036,77.29849596959248,0.5833333333333334,5.218279447673611
asset_shrunk__edge8,fold2,0.8356304312136187,1.160583975794173,6.316835290292885,-0.002239274764104169,5.154012039734609,0.2722448354310719,-9.781134293485449,0.08497085886624428,128.85030099336524,0.5,4.900722751011604
asset_shrunk__edge16,fold2,2.296406949670482,2.53244680308171,5.887165588858288,0.0009436826857306128,3.355662468462308,0.6913234548543301,-8.684565503349994,0.0519966546083648,83.89156171155769,0.5833333333333334,7.018714577979799
asset_shrunk__edge8,validation,4.979936155886855,5.046963177186566,11.117671031689113,-0.012055865007338407,6.058651989495211,1.3660310772104665,-6.176354343006684,0.0819591879060415,151.46629973738027,0.75,7.332070028737242
asset_shrunk__edge16,validation,5.417904448552213,5.426567430017912,9.426894266423844,-0.015283535299409016,3.9850433011065216,1.771106830678509,-5.0324246794791865,0.05040047052880662,99.62608252766306,0.75,9.446934469706889
adaptive_equal__edge8,fold0,10.371739403889023,10.091767429001395,13.469746877729847,0.07868797644318191,3.456667425171631,3.109412742548903,-6.336765013737966,0.05176673341627722,86.41668562929078,1.0,15.678031106507527
adaptive_equal__edge16,fold0,8.892480520895042,8.689179057606149,10.572068301094482,0.03465716309221274,1.9175464065805468,3.4577283801717327,-5.301457838381718,0.026785228180057498,47.938660164513664,1.0,22.125619338936527
adaptive_equal__edge8,fold1,0.3546228799112372,0.622439691166248,4.687610700167359,-0.013650449242379244,4.05152055975873,0.16073674003076643,-8.625824931968184,0.06238042377848775,101.28801399396826,0.4166666666666667,4.614524529233356
adaptive_equal__edge16,fold1,1.9056855665794181,2.087139728119611,4.378832727435287,-0.01240199516419429,2.2792910041514824,0.6099712373207246,-7.46054061443494,0.032991110460474767,56.98227510378706,0.5833333333333334,7.662787637591008
adaptive_equal__edge8,fold2,2.9994469271370727,3.282796116963471,7.330854168917017,0.003208428965527086,4.051266480919073,0.8363551857034176,-9.579046843531625,0.06658747827688374,101.2816620229768,0.5,7.241254192904867
adaptive_equal__edge16,fold2,3.5470407247203184,3.7466678083453155,6.203435762250659,0.006278259145836687,2.4630462130511783,1.1137127203724455,-8.420509099217977,0.03876424762036078,61.576155326279455,0.5,10.084608219679339
adaptive_equal__edge8,validation,5.841554289379447,5.849604975906295,10.727483573062727,-0.02198467391200996,4.855893923244424,1.702693834315631,-5.586879837967373,0.06475899889726136,121.39734808111061,0.8333333333333334,8.818560758014193
adaptive_equal__edge16,validation,5.496622700022158,5.480541303475244,8.536523680482597,-0.020859237242255833,3.0351231397650977,1.9428145793873033,-4.549226188963673,0.03803029746413214,75.87807849412744,0.8333333333333334,11.222825633228718
pair_prediction__edge8,fold0,10.116421209668246,9.853344963715085,13.529374068269531,0.1937803537136583,3.869809458268102,3.126424561610212,-5.618170871111627,0.058541621064186124,96.74523645670254,0.8333333333333334,14.184837336280493
pair_prediction__edge16,fold0,8.418263436685303,8.237482240770417,10.36786614526925,0.11445713515494123,2.244841039653772,3.43615610033104,-4.708565563962431,0.03140617992518171,56.121025991344304,0.8333333333333334,18.678067792347395
pair_prediction__edge8,fold1,0.7806434735108336,1.063855221270585,5.2340699748190005,0.003830518720477926,4.174045272268891,0.2679799677097207,-8.969327452413989,0.0636839567532345,104.3511318067223,0.4166666666666667,5.019495622952173
pair_prediction__edge16,fold1,1.5461316120933377,1.7432694103425712,4.2029405272696305,-0.0014173461542534422,2.4582537707728074,0.50066030662181,-7.479943115293953,0.03591244720351185,61.45634426932018,0.4166666666666667,6.83659796408169
pair_prediction__edge8,fold2,4.456510216863618,4.67574730972131,8.349596066569887,0.019179625273623345,3.6930283821222014,1.2691414697799874,-8.53693023683595,0.05867906618724495,92.32570955305503,0.6666666666666666,9.064404413847896
pair_prediction__edge16,fold2,4.917625099626743,5.055679876049412,7.235202243920972,0.014102697094820982,2.1936250649663807,1.5196628933851641,-7.6440903087027445,0.03386225785219475,54.84062662415951,0.8333333333333334,13.218858695210791
pair_prediction__edge8,validation,7.385687634066551,7.302255241779927,11.369156949283084,0.0005244533824781016,4.067426160885634,2.4200819014318253,-4.7046325166307135,0.053664530528909946,101.68565402214085,0.8333333333333334,11.181204971342318
pair_prediction__edge16,validation,6.427786690277015,6.3626767217507565,8.869670375318456,-0.006676737433007228,2.500316916134692,2.555950561837766,-3.7708859505767522,0.031783065408026646,62.5079229033673,0.8333333333333334,14.178992400030621
pair_position__edge8,fold0,9.305599450310309,9.085187644144845,13.049344852969266,0.200171276233529,4.1643284850579505,2.9528626646639857,-5.06602305104532,0.06634287059119226,104.10821212644873,0.8333333333333334,12.726677231869155
pair_position__edge16,fold0,7.88148203207879,7.720382801104514,10.237961512577336,0.1284551313158396,2.6460338427886625,3.256061881790907,-4.29674551927961,0.038782247119507646,66.15084606971656,0.8333333333333334,15.67087537016228
pair_position__edge8,fold1,-0.024131571176588817,0.24905150850688743,4.7774708011561104,0.005519736691216486,4.533939029340442,0.06431630165327623,-8.68358378322439,0.07302509574337405,113.34847573351104,0.4166666666666667,4.21972197411143
pair_position__edge16,fold1,1.168165469517768,1.369922182932399,4.372873318300064,-0.00028335638859549564,3.002667778979068,0.40152927759966905,-7.375539151903565,0.0454982662166174,75.06669447447672,0.4166666666666667,5.824940064995381
pair_position__edge8,fold2,2.6241747483560784,2.8540591637125168,6.853465223117112,0.02072676634759008,4.020132825752187,0.9128782965278444,-7.75516860620934,0.06733419157348064,100.50332064380464,0.6666666666666666,6.839766035022496
pair_position__edge16,fold2,3.6105302478238066,3.760873676901359,6.448246609420598,0.016565508026754678,2.703938440545991,1.3709659504744895,-7.03717915146761,0.042987883135889825,67.59846101364977,0.75,9.563549259119894
pair_position__edge8,validation,6.219004844148146,6.206659465539905,10.653895538845418,-0.002458000676649774,4.444778072628865,2.1621564177150505,-5.043417646117732,0.061892708746425266,111.1194518157216,0.8333333333333334,9.585574230363296
pair_position__edge16,validation,5.993398680519224,5.956217708719745,9.02802019945786,-0.008187646645733225,3.0636148440923785,2.491620368511314,-3.9373411263074476,0.040239598344434684,76.59037110230946,0.8333333333333334,11.776718695831136
anchor_wide__edge8,fold0,10.015172255830485,9.827576551684253,14.271891161457193,0.18227529331050857,4.626589903083445,2.5629844061578777,-6.81201240807765,0.06971285171336712,115.66474757708613,0.9166666666666666,12.49660484940284
anchor_wide__edge16,fold0,8.888627688371598,8.736231525673874,11.500332657570084,0.12688112972208895,2.8909822616182987,2.8845424477457433,-5.983654300812691,0.040718838529818835,72.27455654045747,0.8333333333333334,16.087561576090135
anchor_wide__edge8,fold1,-1.4497240440792925,-1.1344310047350754,4.235416604783998,0.01779892592576004,5.387646535444833,-0.2474203946080197,-8.65089153582127,0.08439816737562476,134.6911633861208,0.5,3.15775394894839
anchor_wide__edge16,fold1,1.106355229465783,1.346922404920027,4.725527204735107,0.010196879799745266,3.3888016796148253,0.3322441602869433,-7.274930412404101,0.04982057223513893,84.72004199037063,0.5,5.589850964749426
anchor_wide__edge8,fold2,1.6680282096465548,2.0437942012634562,7.28015865994195,0.02345712516017866,5.259821583838671,0.4810090860099719,-10.470493603038712,0.08722256694588296,131.4955395959668,0.5,5.554268842535054
anchor_wide__edge16,fold2,3.0419635263885025,3.319415848960937,6.791136535325601,0.018973409397726043,3.4906940957623886,0.8822040031770294,-9.636159274553346,0.05488774144648709,87.26735239405971,0.5,7.803731587927596
anchor_wide__edge8,validation,7.678804910636372,7.588653648011072,13.794171779188154,-0.023577355167652678,6.181940776009433,1.9283001464888165,-5.116780076278104,0.08367178091405487,154.54851940023582,0.75,8.910207925291513
anchor_wide__edge16,validation,7.525390495098949,7.403516806194714,11.659492884574247,-0.025843983553771238,4.230132094825762,2.224245637032149,-4.252256653604847,0.05380819081817427,105.75330237064404,0.8333333333333334,11.000742899022555
stack_global__edge8,fold0,10.205113529932186,9.948841118750833,13.464281646974952,0.1498895241144485,3.665330052338569,3.009025657346785,-6.219833777862704,0.055201944468876,91.63325130846421,0.9166666666666666,14.857239022612147
stack_global__edge16,fold0,8.358439530426299,8.201463404630069,10.20980307835348,0.08256489144672986,2.0909045651701366,3.2218888580416363,-5.404059340642197,0.029361161819462932,52.27261412925343,0.8333333333333334,19.689790038719856
stack_global__edge8,fold1,0.6066224240885543,0.8822912477534157,4.876331077319136,-0.003937158432823485,3.990102671132901,0.22371241685922122,-8.877804719877124,0.061332482352207424,99.75256677832252,0.4166666666666667,4.884479744480264
stack_global__edge16,fold1,2.026244264719823,2.209206955977753,4.483026728831645,-0.004111973672713071,2.269707799181182,0.6432657781094223,-7.4248539838055905,0.03317934248739512,56.742694979529546,0.5,7.893376859831459
stack_global__edge8,fold2,3.7140117803211137,3.972400701926636,7.668390406962494,0.016353685078010393,3.7123433901138703,1.112842013543398,-9.34249364087627,0.060237780328257794,92.80858475284673,0.6666666666666666,8.280208250675637
stack_global__edge16,fold2,4.3130044752611285,4.484245303730537,6.6732737736248025,0.013330187840614774,2.2023586577348806,1.4495124759321258,-8.241423689820703,0.03472869777490631,55.05896644337201,0.75,12.144441484099723
stack_global__edge8,validation,7.216281745647768,7.140661018049468,11.445355023244137,-0.014541494609855862,4.290152510584814,2.24309490416953,-4.6527569949290415,0.05691050736700048,107.25381276462035,0.8333333333333334,10.657722307476742
stack_global__edge16,validation,6.152871542330551,6.097157135939727,8.76917538280112,-0.016656583671570673,2.6553616631898245,2.328028261343479,-3.7242273337444787,0.033514616537967716,66.3840415797456,0.8333333333333334,13.184672988937189
stack_asset__edge8,fold0,10.245211885871441,9.985148388274302,13.513177072673525,0.15386524505762944,3.6818939294568547,3.01189559876652,-6.185346180188134,0.055425328206171284,92.04734823642134,0.9166666666666666,14.847839269228801
stack_asset__edge16,fold0,8.417423475740682,8.255265895955175,10.276299506036354,0.08617994938173103,2.107213559462911,3.2323584072888285,-5.351493361321424,0.029586767868922774,52.680338986572764,0.8333333333333334,19.670487424272817
stack_asset__edge8,fold1,0.5670258195171085,0.8430811873444619,4.8469371984525615,-0.003980211427863276,3.999875799680238,0.21420709282945838,-8.882491937800962,0.06150755263328026,99.99689499200595,0.4166666666666667,4.84310736589557
stack_asset__edge16,fold1,1.8927207117762634,2.0782531257905377,4.35738444327059,-0.0045599037375515595,2.274571413742503,0.6067686227447364,-7.418095661531609,0.03327651666722501,56.86428534356258,0.5,7.654759948593653
stack_asset__edge8,fold2,3.792718053276456,4.049595797799,7.758978362754232,0.016390182477681807,3.725772747432913,1.1274888418333495,-9.351500504089572,0.060503354293608584,93.14431868582281,0.6666666666666666,8.347657328900917
stack_asset__edge16,fold2,4.394442799208753,4.563388865268283,6.760543701342139,0.013255670617028472,2.2104105066908852,1.4709277250471149,-8.263398201281358,0.03490573128458292,55.26026266727212,0.75,12.257993438693784
stack_asset__edge8,validation,7.177857540645127,7.10586966032072,11.422336467905266,-0.013887343274631704,4.302579464309915,2.228807208946234,-4.625834828967845,0.05707568195924553,107.56448660774787,0.8333333333333334,10.606148445846701
stack_asset__edge16,validation,6.130273329629343,6.076368566624948,8.757777101976819,-0.016220941812367926,2.6651875935395033,2.313085076377432,-3.6927013269273945,0.03363596442190023,66.62968983848756,0.8333333333333334,13.119611064308199
