exchange_code,product_code,contract_type,stat_period,records,contracts,min_end_date,max_end_date
38,317,1,5,428297,440,2012-01-03,2026-08-06
38,318,1,5,378073,301,2012-01-03,2026-08-06
38,320,1,5,157206,216,2012-01-03,2026-08-06
38,384,1,5,150017,217,2012-01-03,2026-08-06
38,385,1,5,552478,323,2012-01-03,2026-08-06
38,420,1,5,1068,18,2026-04-20,2026-08-06
38,421,1,5,1068,18,2026-04-20,2026-08-06
39,330,1,5,54689,87,2012-01-03,2026-08-06
39,334,1,5,74223,122,2012-01-03,2026-08-06
39,345,1,5,85960,139,2012-01-03,2026-08-06
39,347,1,5,86630,139,2012-01-03,2026-08-06
39,355,1,5,47982,88,2012-01-03,2026-08-06
39,361,1,5,14542,36,2021-08-26,2026-08-06
44,317,1,5,95292,203,2022-03-22,2026-08-06
44,683,1,5,66924,112,2022-09-14,2026-08-06
