comparison,control,variant,net_change_pp,sharpe_change,drawdown_change_pp
同容量Ridge扩池,base_ridge,wide_ridge,-0.11304505186013888,-0.3105365940427882,-0.2771275017405483
同容量15叶扩池,base15,wide15,-1.379123617423983,-0.19169367986547892,-1.1908480339920873
同容量31叶扩池,base31,wide31,1.6051771187846393,0.6408919858395996,1.591709086264892
同容量静态/月更,wide15_static,wide15,-6.619256620964409,-3.002913481658431,-2.138851345864534
收缩币种适配,wide15,asset_shrunk,1.6366263132857046,0.5000313271731267,1.1677545149500261
等权/误差协方差,wide_equal,wide_cov,0.08987315958010056,0.014118602148114334,0.1007728140544506
R2混合,base_ensemble,adaptive_equal,-0.06824345390796793,0.20102250481338846,-0.03639884549379069
在线/静态预测平均,base15,pair_prediction,3.910662593154246,2.2134834380092476,2.4536628072584614
预测平均/映射后仓位平均,pair_prediction,pair_position,-0.9354094583350125,-0.5644447719842298,-0.25158144532994076
有效共享基线75%加扩池25%,base15,anchor_wide,-0.1140710875345059,-0.009229551180991447,0.05029230325562839
预测尺度收缩凸组合,base_ensemble,stack_global,1.6797889954789702,0.6970752521786072,1.6674574851900488
全局/共享单币收缩权重,stack_global,stack_asset,-0.07114064395236097,-0.039097367484110856,-0.07921433672307643
