id,frequency,segment,first,last,net_return_pct,daily_sharpe
base_ridge__edge8,M,2026-03,202603010000,202603312355,0.03704401322730533,0.7348100784069072
base_ridge__edge8,M,2026-04,202604010000,202604302355,-0.04096180417593187,-0.8689960128581351
base_ridge__edge8,M,2026-05,202605010000,202605312355,-0.04460193817407143,-3.358944255425686
base_ridge__edge8,M,2026-06,202606010000,202606302355,-0.047390247106349204,-4.199173168221496
base_ridge__edge8,M,2026-07,202607010000,202607312355,-0.0002108160248370794,-0.061570187969642726
base_ridge__edge8,M,2026-08,202608010000,202608312355,-0.18571310684172282,-2.180949160124023
base_ridge__edge8,M,2026-09,202609010000,202609250000,0.04093383643135606,6.207010869772722
base_ridge__edge8,Q,2026Q1,202603010000,202603312355,0.03704401322730533,0.7348100784069072
base_ridge__edge8,Q,2026Q2,202604010000,202606302355,-0.1328951794866695,-1.522517696183153
base_ridge__edge8,Q,2026Q3,202607010000,202609250000,-0.14506580055640983,-1.0062382076594232
base_ridge__edge16,M,2026-03,202603010000,202603312355,0.022385236724264956,1.5241223177573395
base_ridge__edge16,M,2026-04,202604010000,202604302355,-0.02985140499386363,-3.1435899262290588
base_ridge__edge16,M,2026-05,202605010000,202605312355,-0.004012024363453381,-3.780810485890586
base_ridge__edge16,M,2026-06,202606010000,202606302355,0.0,0.0
base_ridge__edge16,M,2026-07,202607010000,202607312355,0.0,0.0
base_ridge__edge16,M,2026-08,202608010000,202608312355,-0.034560655454562994,-3.208028813843173
base_ridge__edge16,M,2026-09,202609010000,202609250000,1.2922177905494436e-05,3.9011216335818095
base_ridge__edge16,Q,2026Q1,202603010000,202603312355,0.022385236724264956,1.5241223177573395
base_ridge__edge16,Q,2026Q2,202604010000,202606302355,-0.03386223171162328,-2.019359229966313
base_ridge__edge16,Q,2026Q3,202607010000,202609250000,-0.03454773774265174,-1.8971094539172455
base15__edge8,M,2026-03,202603010000,202603312355,0.7138425993054254,2.706652024370645
base15__edge8,M,2026-04,202604010000,202604302355,-1.3144835473677507,-3.3137868532846824
base15__edge8,M,2026-05,202605010000,202605312355,-0.057157465646129335,-0.17258137958014388
base15__edge8,M,2026-06,202606010000,202606302355,-3.35543347308348,-8.916468502660686
base15__edge8,M,2026-07,202607010000,202607312355,-1.5344850374599428,-8.170413728288697
base15__edge8,M,2026-08,202608010000,202608312355,-1.6090811154068518,-3.2652800788492797
base15__edge8,M,2026-09,202609010000,202609250000,0.10596352622851413,0.4680704073185504
base15__edge8,Q,2026Q1,202603010000,202603312355,0.7138425993054254,2.706652024370645
base15__edge8,Q,2026Q2,202604010000,202606302355,-4.680323869159208,-4.310211212695344
base15__edge8,Q,2026Q3,202607010000,202609250000,-3.016216387657722,-3.052011598402955
base15__edge16,M,2026-03,202603010000,202603312355,0.514483987079517,3.0375370436499067
base15__edge16,M,2026-04,202604010000,202604302355,-0.8416447035233476,-2.8819524020978746
base15__edge16,M,2026-05,202605010000,202605312355,-0.004216293517023129,-0.0021278057327487393
base15__edge16,M,2026-06,202606010000,202606302355,-2.6538534099095124,-9.582930421861109
base15__edge16,M,2026-07,202607010000,202607312355,-0.9000534686909867,-6.113839531734655
base15__edge16,M,2026-08,202608010000,202608312355,-1.0768142131079017,-2.7194531887332536
base15__edge16,M,2026-09,202609010000,202609250000,0.3096547189381127,1.6683304662126746
base15__edge16,Q,2026Q1,202603010000,202603312355,0.514483987079517,3.0375370436499067
base15__edge16,Q,2026Q2,202604010000,202606302355,-3.4772319515776973,-4.393124821314353
base15__edge16,Q,2026Q3,202607010000,202609250000,-1.6636125118116518,-2.097163890253897
base31__edge8,M,2026-03,202603010000,202603312355,0.6486172954415004,1.53545900239841
base31__edge8,M,2026-04,202604010000,202604302355,-2.938100299908686,-5.503686247561917
base31__edge8,M,2026-05,202605010000,202605312355,-0.6701275344488833,-2.2667050427282693
base31__edge8,M,2026-06,202606010000,202606302355,-3.2722752985570813,-6.95028773746005
base31__edge8,M,2026-07,202607010000,202607312355,-2.736108571519358,-12.193384931684273
base31__edge8,M,2026-08,202608010000,202608312355,-2.9489285122587083,-3.3902079767738664
base31__edge8,M,2026-09,202609010000,202609250000,-0.5410702869198647,-1.5165264813667805
base31__edge8,Q,2026Q1,202603010000,202603312355,0.6486172954415004,1.53545900239841
base31__edge8,Q,2026Q2,202604010000,202606302355,-6.74338724458472,-5.090977231654471
base31__edge8,Q,2026Q3,202607010000,202609250000,-6.115098005800046,-3.780692970552829
base31__edge16,M,2026-03,202603010000,202603312355,0.5197757830173844,1.5260074236633163
base31__edge16,M,2026-04,202604010000,202604302355,-2.1680351210385806,-4.858831785906952
base31__edge16,M,2026-05,202605010000,202605312355,-0.4742247611806638,-2.278398699316195
base31__edge16,M,2026-06,202606010000,202606302355,-2.918047781904287,-7.672899131766018
base31__edge16,M,2026-07,202607010000,202607312355,-1.8917506119076721,-10.52336959670202
base31__edge16,M,2026-08,202608010000,202608312355,-2.38780577205987,-3.102088006503033
base31__edge16,M,2026-09,202609010000,202609250000,-0.1927510967479007,-0.6775801523644494
base31__edge16,Q,2026Q1,202603010000,202603312355,0.5197757830173844,1.5260074236633163
base31__edge16,Q,2026Q2,202604010000,202606302355,-5.47322391384184,-5.083950532535671
base31__edge16,Q,2026Q3,202607010000,202609250000,-4.418974326780134,-3.1351997948882584
wide_ridge__edge8,M,2026-03,202603010000,202603312355,0.08010648892189387,1.1353510186477265
wide_ridge__edge8,M,2026-04,202604010000,202604302355,-0.11435244822374235,-1.7131584577184789
wide_ridge__edge8,M,2026-05,202605010000,202605312355,-0.09163135811037781,-3.948012438762363
wide_ridge__edge8,M,2026-06,202606010000,202606302355,-0.156922856611319,-3.351881688614537
wide_ridge__edge8,M,2026-07,202607010000,202607312355,-0.00046710929945126267,-0.060170072660851566
wide_ridge__edge8,M,2026-08,202608010000,202608312355,-0.44044045501595575,-2.925785724243937
wide_ridge__edge8,M,2026-09,202609010000,202609250000,0.054628441648407744,4.577084118964064
wide_ridge__edge8,Q,2026Q1,202603010000,202603312355,0.08010648892189387,1.1353510186477265
wide_ridge__edge8,Q,2026Q2,202604010000,202606302355,-0.36247880899906715,-2.460900664512322
wide_ridge__edge8,Q,2026Q3,202607010000,202609250000,-0.38651792513691996,-1.5108216849976883
wide_ridge__edge16,M,2026-03,202603010000,202603312355,0.04763405859109504,2.1422679110379876
wide_ridge__edge16,M,2026-04,202604010000,202604302355,-0.115023767772926,-5.063011504917315
wide_ridge__edge16,M,2026-05,202605010000,202605312355,-0.00032556324345289767,-0.11432179996412187
wide_ridge__edge16,M,2026-06,202606010000,202606302355,-0.014518416382802712,-3.858653920243734
wide_ridge__edge16,M,2026-07,202607010000,202607312355,0.003916002391690654,3.782745718886589
wide_ridge__edge16,M,2026-08,202608010000,202608312355,-0.08154682239511768,-1.9928869787868417
wide_ridge__edge16,M,2026-09,202609010000,202609250000,0.0007764019507972009,3.6434485296289645
wide_ridge__edge16,Q,2026Q1,202603010000,202603312355,0.04763405859109504,2.1422679110379876
wide_ridge__edge16,Q,2026Q2,202604010000,202606302355,-0.12985062608238396,-3.151915280288158
wide_ridge__edge16,Q,2026Q3,202607010000,202609250000,-0.07685821417993122,-1.1165967691992675
wide15__edge8,M,2026-03,202603010000,202603312355,0.6012435008098338,1.5750098370186796
wide15__edge8,M,2026-04,202604010000,202604302355,-1.42806920885854,-2.7543874478597816
wide15__edge8,M,2026-05,202605010000,202605312355,-0.5627018153070318,-2.1399907341314117
wide15__edge8,M,2026-06,202606010000,202606302355,-3.0675855228444626,-7.772588299154251
wide15__edge8,M,2026-07,202607010000,202607312355,-1.752956031440811,-10.530982558067441
wide15__edge8,M,2026-08,202608010000,202608312355,-2.8565572862617628,-4.798213182950231
wide15__edge8,M,2026-09,202609010000,202609250000,0.118675089821485,0.5002506663497014
wide15__edge8,Q,2026Q1,202603010000,202603312355,0.6012435008098338,1.5750098370186796
wide15__edge8,Q,2026Q2,202604010000,202606302355,-4.989498676076376,-4.112675513733099
wide15__edge8,Q,2026Q3,202607010000,202609250000,-4.446174953115589,-3.9120874300950854
wide15__edge16,M,2026-03,202603010000,202603312355,0.10114221599988316,0.3973845361583818
wide15__edge16,M,2026-04,202604010000,202604302355,-0.9696245002196902,-2.423054749224337
wide15__edge16,M,2026-05,202605010000,202605312355,-0.08760735924867591,-0.5044168556587746
wide15__edge16,M,2026-06,202606010000,202606302355,-2.282921163019136,-7.59817630994344
wide15__edge16,M,2026-07,202607010000,202607312355,-1.0593868558225417,-8.241350742210818
wide15__edge16,M,2026-08,202608010000,202608312355,-2.1002893644709753,-4.155518090978921
wide15__edge16,M,2026-09,202609010000,202609250000,0.2987781654887556,1.4976732311043461
wide15__edge16,Q,2026Q1,202603010000,202603312355,0.10114221599988316,0.3973845361583818
wide15__edge16,Q,2026Q2,202604010000,202606302355,-3.3151871827630575,-3.596867884159277
wide15__edge16,Q,2026Q3,202607010000,202609250000,-2.8480218092828746,-2.9736035335264126
wide31__edge8,M,2026-03,202603010000,202603312355,1.7922246040587009,2.962690282291412
wide31__edge8,M,2026-04,202604010000,202604302355,-2.336213525080133,-3.8673674975796706
wide31__edge8,M,2026-05,202605010000,202605312355,0.1124775867317851,0.4335690601051282
wide31__edge8,M,2026-06,202606010000,202606302355,-3.358195706640721,-5.719237968753645
wide31__edge8,M,2026-07,202607010000,202607312355,-2.1780440756361763,-8.844249125129734
wide31__edge8,M,2026-08,202608010000,202608312355,-3.553422034380338,-5.2148618417629375
wide31__edge8,M,2026-09,202609010000,202609250000,-1.0871450497832558,-3.1969177450653556
wide31__edge8,Q,2026Q1,202603010000,202603312355,1.7922246040587009,2.962690282291412
wide31__edge8,Q,2026Q2,202604010000,202606302355,-5.509793712908461,-3.579123943590065
wide31__edge8,Q,2026Q3,202607010000,202609250000,-6.679748108579697,-4.955005650117874
wide31__edge16,M,2026-03,202603010000,202603312355,1.051540580676824,2.219232708466894
wide31__edge16,M,2026-04,202604010000,202604302355,-1.6428444233269612,-3.2087198344128387
wide31__edge16,M,2026-05,202605010000,202605312355,0.24284430586209993,1.2696140077936182
wide31__edge16,M,2026-06,202606010000,202606302355,-2.8497966994280644,-5.748629876682333
wide31__edge16,M,2026-07,202607010000,202607312355,-1.495606589346532,-7.760424476265048
wide31__edge16,M,2026-08,202608010000,202608312355,-2.6908090521669203,-4.495712208537369
wide31__edge16,M,2026-09,202609010000,202609250000,-0.3834628424175701,-1.4411702058242577
wide31__edge16,Q,2026Q1,202603010000,202603312355,1.051540580676824,2.219232708466894
wide31__edge16,Q,2026Q2,202604010000,202606302355,-4.213775519708285,-3.265752262219295
wide31__edge16,Q,2026Q3,202607010000,202609250000,-4.513735538495611,-3.9050563237633806
wide15_static__edge8,M,2026-03,202603010000,202603312355,-0.29202545947897285,-1.9957671803881936
wide15_static__edge8,M,2026-04,202604010000,202604302355,-0.03306507942809622,-0.1742724139186897
wide15_static__edge8,M,2026-05,202605010000,202605312355,-0.23841835618949592,-1.112059122029713
wide15_static__edge8,M,2026-06,202606010000,202606302355,-3.7985091298970874,-4.129658076131536
wide15_static__edge8,M,2026-07,202607010000,202607312355,-0.545739719220073,-3.923264630533158
wide15_static__edge8,M,2026-08,202608010000,202608312355,4.291477339415084,4.371809885064809
wide15_static__edge8,M,2026-09,202609010000,202609250000,0.31169969352182747,1.291300993573832
wide15_static__edge8,Q,2026Q1,202603010000,202603312355,-0.29202545947897285,-1.9957671803881936
wide15_static__edge8,Q,2026Q2,202604010000,202606302355,-4.059604403694761,-2.4013922645028534
wide15_static__edge8,Q,2026Q3,202607010000,202609250000,4.045619469023443,2.3146751206364566
wide15_static__edge16,M,2026-03,202603010000,202603312355,-0.0732527993816956,-0.8139279495719888
wide15_static__edge16,M,2026-04,202604010000,202604302355,0.16487399463736008,1.5201362920720694
wide15_static__edge16,M,2026-05,202605010000,202605312355,-0.08893890389443104,-0.5901202989624232
wide15_static__edge16,M,2026-06,202606010000,202606302355,-3.4716499276228996,-4.129697236601665
wide15_static__edge16,M,2026-07,202607010000,202607312355,-0.16345621411524291,-2.275591809614957
wide15_static__edge16,M,2026-08,202608010000,202608312355,4.107734657064599,4.6172382526592335
wide15_static__edge16,M,2026-09,202609010000,202609250000,0.3127276295297632,1.6287928271741015
wide15_static__edge16,Q,2026Q1,202603010000,202603312355,-0.0732527993816956,-0.8139279495719888
wide15_static__edge16,Q,2026Q2,202604010000,202606302355,-3.3984925837985624,-2.2311563347074865
wide15_static__edge16,Q,2026Q3,202607010000,202609250000,4.2626055757782,2.722665012524744
base_ensemble__edge8,M,2026-03,202603010000,202603312355,0.656767803666547,2.8641041100422666
base_ensemble__edge8,M,2026-04,202604010000,202604302355,-1.2030046353161628,-3.7071063306769676
base_ensemble__edge8,M,2026-05,202605010000,202605312355,-0.2606673596849518,-1.4348808217059466
base_ensemble__edge8,M,2026-06,202606010000,202606302355,-2.388866423215985,-8.405511706614716
base_ensemble__edge8,M,2026-07,202607010000,202607312355,-1.2763197361866374,-8.998769668423208
base_ensemble__edge8,M,2026-08,202608010000,202608312355,-1.7955443288379835,-3.2269989567387722
base_ensemble__edge8,M,2026-09,202609010000,202609250000,0.18614036952731006,0.9152731114818062
base_ensemble__edge8,Q,2026Q1,202603010000,202603312355,0.656767803666547,2.8641041100422666
base_ensemble__edge8,Q,2026Q2,202604010000,202606302355,-3.814512320002217,-4.678573321577144
base_ensemble__edge8,Q,2026Q3,202607010000,202609250000,-2.8684821304004626,-2.7648614220546386
base_ensemble__edge16,M,2026-03,202603010000,202603312355,0.42429219010573505,3.2429167545643836
base_ensemble__edge16,M,2026-04,202604010000,202604302355,-0.6842730699239241,-3.2196052990066235
base_ensemble__edge16,M,2026-05,202605010000,202605312355,-0.15819102450337352,-1.5659716568418895
base_ensemble__edge16,M,2026-06,202606010000,202606302355,-1.747802355559891,-8.909500572951245
base_ensemble__edge16,M,2026-07,202607010000,202607312355,-0.6528690144878224,-6.456876273698402
base_ensemble__edge16,M,2026-08,202608010000,202608312355,-1.2785339770797988,-3.0728818892806404
base_ensemble__edge16,M,2026-09,202609010000,202609250000,0.3641553761435379,2.4466681963726296
base_ensemble__edge16,Q,2026Q1,202603010000,202603312355,0.42429219010573505,3.2429167545643836
base_ensemble__edge16,Q,2026Q2,202604010000,202606302355,-2.5744783033572527,-4.776819661672226
base_ensemble__edge16,Q,2026Q3,202607010000,202609250000,-1.5659033744736206,-2.0194410612269293
wide_equal__edge8,M,2026-03,202603010000,202603312355,0.7067606955407424,2.132008301341492
wide_equal__edge8,M,2026-04,202604010000,202604302355,-0.9962250767504677,-2.3947534134322335
wide_equal__edge8,M,2026-05,202605010000,202605312355,-0.03882618962454121,-0.22807258882113554
wide_equal__edge8,M,2026-06,202606010000,202606302355,-2.349518798689454,-6.826223377052071
wide_equal__edge8,M,2026-07,202607010000,202607312355,-1.2236875362563904,-8.295107173077673
wide_equal__edge8,M,2026-08,202608010000,202608312355,-2.4616544327298095,-4.435059128514861
wide_equal__edge8,M,2026-09,202609010000,202609250000,0.09820537362230652,0.5059229520937675
wide_equal__edge8,Q,2026Q1,202603010000,202603312355,0.7067606955407424,2.132008301341492
wide_equal__edge8,Q,2026Q2,202604010000,202606302355,-3.359873632597732,-3.421955841119071
wide_equal__edge8,Q,2026Q3,202607010000,202609250000,-3.560603258371142,-3.4356072162777833
wide_equal__edge16,M,2026-03,202603010000,202603312355,0.23314297896415148,1.0762141631015734
wide_equal__edge16,M,2026-04,202604010000,202604302355,-0.6438137128527033,-2.1427057090201487
wide_equal__edge16,M,2026-05,202605010000,202605312355,0.07735511870778922,0.9579629920165901
wide_equal__edge16,M,2026-06,202606010000,202606302355,-1.7325218957325417,-6.996783013866123
wide_equal__edge16,M,2026-07,202607010000,202607312355,-0.6500870260010227,-6.708734458103234
wide_equal__edge16,M,2026-08,202608010000,202608312355,-1.73773214977051,-3.9677623476302655
wide_equal__edge16,M,2026-09,202609010000,202609250000,0.4431273182901707,2.9411453683786304
wide_equal__edge16,Q,2026Q1,202603010000,202603312355,0.23314297896415148,1.0762141631015734
wide_equal__edge16,Q,2026Q2,202604010000,202606302355,-2.2896558652104493,-3.274569431541795
wide_equal__edge16,Q,2026Q3,202607010000,202609250000,-1.943926106228866,-2.3918308030661395
wide_cov__edge8,M,2026-03,202603010000,202603312355,0.6964709952812065,2.1309032540531394
wide_cov__edge8,M,2026-04,202604010000,202604302355,-0.9756151195294716,-2.3729600661631056
wide_cov__edge8,M,2026-05,202605010000,202605312355,-0.03672423951458503,-0.21973972380113532
wide_cov__edge8,M,2026-06,202606010000,202606302355,-2.317642559805533,-6.841888664028315
wide_cov__edge8,M,2026-07,202607010000,202607312355,-1.1990745742645248,-8.255967772577325
wide_cov__edge8,M,2026-08,202608010000,202608312355,-2.433106771277904,-4.421276959530033
wide_cov__edge8,M,2026-09,202609010000,202609250000,0.11288952858345969,0.5882434180349094
wide_cov__edge8,Q,2026Q1,202603010000,202603312355,0.6964709952812065,2.1309032540531394
wide_cov__edge8,Q,2026Q2,202604010000,202606302355,-3.3061695275995784,-3.4141773531141584
wide_cov__edge8,Q,2026Q3,202607010000,202609250000,-3.494184469443773,-3.40420919869544
wide_cov__edge16,M,2026-03,202603010000,202603312355,0.22628840368987824,1.0619561893354883
wide_cov__edge16,M,2026-04,202604010000,202604302355,-0.6271851262463324,-2.125820043811068
wide_cov__edge16,M,2026-05,202605010000,202605312355,0.07678815712537368,0.9837642304096892
wide_cov__edge16,M,2026-06,202606010000,202606302355,-1.7012658336941433,-7.01460282278442
wide_cov__edge16,M,2026-07,202607010000,202607312355,-0.6301564209603927,-6.665938717981518
wide_cov__edge16,M,2026-08,202608010000,202608312355,-1.710414244547931,-3.9614166355498606
wide_cov__edge16,M,2026-09,202609010000,202609250000,0.4477004959832609,3.0329743405030554
wide_cov__edge16,Q,2026Q1,202603010000,202603312355,0.22628840368987824,1.0619561893354883
wide_cov__edge16,Q,2026Q2,202604010000,202606302355,-2.242772497768164,-3.271386152528198
wide_cov__edge16,Q,2026Q3,202607010000,202609250000,-1.8925223763800791,-2.3641117045136912
asset_shrunk__edge8,M,2026-03,202603010000,202603312355,1.0560748412391074,3.0563303270096376
asset_shrunk__edge8,M,2026-04,202604010000,202604302355,-0.8170660819531106,-1.7938244572618696
asset_shrunk__edge8,M,2026-05,202605010000,202605312355,-0.4023678622938842,-1.8339428967838383
asset_shrunk__edge8,M,2026-06,202606010000,202606302355,-2.6307994568015247,-7.50906315386769
asset_shrunk__edge8,M,2026-07,202607010000,202607312355,-1.4107198834103607,-9.31878884896194
asset_shrunk__edge8,M,2026-08,202608010000,202608312355,-2.434699766871018,-4.3470921598615275
asset_shrunk__edge8,M,2026-09,202609010000,202609250000,0.29516535504257035,1.2429277978230866
asset_shrunk__edge8,Q,2026Q1,202603010000,202603312355,1.0560748412391074,3.0563303270096376
asset_shrunk__edge8,Q,2026Q2,202604010000,202606302355,-3.8149514186016975,-3.5767004578196153
asset_shrunk__edge8,Q,2026Q3,202607010000,202609250000,-3.527156468255499,-3.2785724889385954
asset_shrunk__edge16,M,2026-03,202603010000,202603312355,0.48845838484308235,2.0720756614544675
asset_shrunk__edge16,M,2026-04,202604010000,202604302355,-0.4431547978577144,-1.2934818381222977
asset_shrunk__edge16,M,2026-05,202605010000,202605312355,-0.15519281843056065,-1.16782618463118
asset_shrunk__edge16,M,2026-06,202606010000,202606302355,-2.0594254579455296,-7.791610168758626
asset_shrunk__edge16,M,2026-07,202607010000,202607312355,-0.7978638656904957,-7.938962646272534
asset_shrunk__edge16,M,2026-08,202608010000,202608312355,-1.7483136633238638,-3.774875349192036
asset_shrunk__edge16,M,2026-09,202609010000,202609250000,0.3244499071465512,1.8568776106049067
asset_shrunk__edge16,Q,2026Q1,202603010000,202603312355,0.48845838484308235,2.0720756614544675
asset_shrunk__edge16,Q,2026Q2,202604010000,202606302355,-2.6447769702599433,-3.3425687531202257
asset_shrunk__edge16,Q,2026Q3,202607010000,202609250000,-2.2159942714719216,-2.559322343667758
adaptive_equal__edge8,M,2026-03,202603010000,202603312355,0.8575749862857585,2.989935100376632
adaptive_equal__edge8,M,2026-04,202604010000,202604302355,-0.8816397496670181,-2.2279587930349654
adaptive_equal__edge8,M,2026-05,202605010000,202605312355,-0.13839940606757972,-0.7780922696821094
adaptive_equal__edge8,M,2026-06,202606010000,202606302355,-2.3357305551966134,-7.572652468435793
adaptive_equal__edge8,M,2026-07,202607010000,202607312355,-1.206896398195878,-8.45063143657269
adaptive_equal__edge8,M,2026-08,202608010000,202608312355,-2.2390527749209577,-3.9579690663900107
adaptive_equal__edge8,M,2026-09,202609010000,202609250000,0.13910837915811491,0.7100014464734663
adaptive_equal__edge8,Q,2026Q1,202603010000,202603312355,0.8575749862857585,2.989935100376632
adaptive_equal__edge8,Q,2026Q2,202604010000,202606302355,-3.3307526607341487,-3.594717423243862
adaptive_equal__edge8,Q,2026Q3,202607010000,202609250000,-3.2845737593820368,-3.1297018278122968
adaptive_equal__edge16,M,2026-03,202603010000,202603312355,0.310228574178284,1.750786436972979
adaptive_equal__edge16,M,2026-04,202604010000,202604302355,-0.4713875914302612,-1.7233179524132747
adaptive_equal__edge16,M,2026-05,202605010000,202605312355,-0.03914607261250591,-0.4303840373187839
adaptive_equal__edge16,M,2026-06,202606010000,202606302355,-1.7414824862357459,-7.93064138095446
adaptive_equal__edge16,M,2026-07,202607010000,202607312355,-0.6305508669188442,-6.678155568549853
adaptive_equal__edge16,M,2026-08,202608010000,202608312355,-1.5833167842368212,-3.5882196927489822
adaptive_equal__edge16,M,2026-09,202609010000,202609250000,0.35390722885202397,2.326751141995862
adaptive_equal__edge16,Q,2026Q1,202603010000,202603312355,0.310228574178284,1.750786436972979
adaptive_equal__edge16,Q,2026Q2,202604010000,202606302355,-2.2429439797578055,-3.526933884997593
adaptive_equal__edge16,Q,2026Q3,202607010000,202609250000,-1.8577765095038279,-2.2785616524183343
pair_prediction__edge8,M,2026-03,202603010000,202603312355,0.3508912690271426,2.643845478160498
pair_prediction__edge8,M,2026-04,202604010000,202604302355,-0.5555416229888643,-2.2989334952093405
pair_prediction__edge8,M,2026-05,202605010000,202605312355,-0.005041256611171274,-0.015378418622562522
pair_prediction__edge8,M,2026-06,202606010000,202606302355,-3.722400282359739,-6.090420676314816
pair_prediction__edge8,M,2026-07,202607010000,202607312355,-0.6443401198740539,-5.874544357731059
pair_prediction__edge8,M,2026-08,202608010000,202608312355,1.9938208495357213,5.259942533044217
pair_prediction__edge8,M,2026-09,202609010000,202609250000,0.6623978642094963,4.05959530517677
pair_prediction__edge8,Q,2026Q1,202603010000,202603312355,0.3508912690271426,2.643845478160498
pair_prediction__edge8,Q,2026Q2,202604010000,202606302355,-4.262089059493512,-3.5262221020645663
pair_prediction__edge8,Q,2026Q3,202607010000,202609250000,2.0078854395780166,2.691985631672671
pair_prediction__edge16,M,2026-03,202603010000,202603312355,0.1614728594519388,2.3970898789088744
pair_prediction__edge16,M,2026-04,202604010000,202604302355,-0.22044955070559258,-1.6334588122103966
pair_prediction__edge16,M,2026-05,202605010000,202605312355,0.07427019500692023,0.6770265631914433
pair_prediction__edge16,M,2026-06,202606010000,202606302355,-2.805762919506005,-5.671751302955938
pair_prediction__edge16,M,2026-07,202607010000,202607312355,-0.19008938888248617,-2.780033477273819
pair_prediction__edge16,M,2026-08,202608010000,202608312355,1.5607088994490592,5.292067476106729
pair_prediction__edge16,M,2026-09,202609010000,202609250000,0.7893470026346217,6.146173367080294
pair_prediction__edge16,Q,2026Q1,202603010000,202603312355,0.1614728594519388,2.3970898789088744
pair_prediction__edge16,Q,2026Q2,202604010000,202606302355,-2.9479999635286025,-3.154389504946206
pair_prediction__edge16,Q,2026Q3,202607010000,202609250000,2.167795297326003,3.7790998760640666
pair_position__edge8,M,2026-03,202603010000,202603312355,0.305678631715689,2.037375990199004
pair_position__edge8,M,2026-04,202604010000,202604302355,-0.5779643248097988,-2.3407350347130444
pair_position__edge8,M,2026-05,202605010000,202605312355,-0.04488337724382063,-0.2176924906124905
pair_position__edge8,M,2026-06,202606010000,202606302355,-3.418587481099955,-6.512295850695448
pair_position__edge8,M,2026-07,202607010000,202607312355,-0.9574405187623092,-8.238608277923925
pair_position__edge8,M,2026-08,202608010000,202608312355,1.4376790011509488,4.7223500139376515
pair_position__edge8,M,2026-09,202609010000,202609250000,0.3425679132750048,2.0892175977750123
pair_position__edge8,Q,2026Q1,202603010000,202603312355,0.305678631715689,2.037375990199004
pair_position__edge8,Q,2026Q2,202604010000,202606302355,-4.019892047831908,-3.709336431123178
pair_position__edge8,Q,2026Q3,202607010000,202609250000,0.8106394631203884,1.2712828302049735
pair_position__edge16,M,2026-03,202603010000,202603312355,0.2520581564438462,2.6212410272094306
pair_position__edge16,M,2026-04,202604010000,202604302355,-0.29762514396155515,-1.7694901611350677
pair_position__edge16,M,2026-05,202605010000,202605312355,-0.008292331031001243,-0.05271429955020434
pair_position__edge16,M,2026-06,202606010000,202606302355,-2.9595633958838907,-6.383953097605367
pair_position__edge16,M,2026-07,202607010000,202607312355,-0.5046218731735941,-6.082483500627019
pair_position__edge16,M,2026-08,202608010000,202608312355,1.5625224476794264,5.337883362020735
pair_position__edge16,M,2026-09,202609010000,202609250000,0.382384014012227,3.0951175865804785
pair_position__edge16,Q,2026Q1,202603010000,202603312355,0.2520581564438462,2.6212410272094306
pair_position__edge16,Q,2026Q2,202604010000,202606302355,-3.256403099624594,-3.577986244872365
pair_position__edge16,Q,2026Q3,202607010000,202609250000,1.4364148508245522,2.5052791506175383
anchor_wide__edge8,M,2026-03,202603010000,202603312355,0.6862712507071267,2.435093235286237
anchor_wide__edge8,M,2026-04,202604010000,202604302355,-1.2211397860814377,-2.8936905919892273
anchor_wide__edge8,M,2026-05,202605010000,202605312355,-0.09864453783855476,-0.3335092195412338
anchor_wide__edge8,M,2026-06,202606010000,202606302355,-3.2679617410426576,-8.868312226559215
anchor_wide__edge8,M,2026-07,202607010000,202607312355,-1.4818927383016822,-8.314739807697634
anchor_wide__edge8,M,2026-08,202608010000,202608312355,-1.8482134815498985,-3.5408348163482977
anchor_wide__edge8,M,2026-09,202609010000,202609250000,0.023568026113429674,0.12501595737523724
anchor_wide__edge8,Q,2026Q1,202603010000,202603312355,0.6862712507071267,2.435093235286237
anchor_wide__edge8,Q,2026Q2,202604010000,202606302355,-4.543450795960524,-4.15626358635055
anchor_wide__edge8,Q,2026Q3,202607010000,202609250000,-3.279928037730606,-3.222187231934914
anchor_wide__edge16,M,2026-03,202603010000,202603312355,0.3401788688645935,1.8876778829872238
anchor_wide__edge16,M,2026-04,202604010000,202604302355,-0.7509201694936296,-2.4259510722514626
anchor_wide__edge16,M,2026-05,202605010000,202605312355,-0.023028978230688057,-0.11132601165180347
anchor_wide__edge16,M,2026-06,202606010000,202606302355,-2.518305468950477,-9.281818094632921
anchor_wide__edge16,M,2026-07,202607010000,202607312355,-0.8259992944702699,-5.964552736278545
anchor_wide__edge16,M,2026-08,202608010000,202608312355,-1.2135877917709204,-2.8710503097385964
anchor_wide__edge16,M,2026-09,202609010000,202609250000,0.2152100896183562,1.1640065184716386
anchor_wide__edge16,Q,2026Q1,202603010000,202603312355,0.3401788688645935,1.8876778829872238
anchor_wide__edge16,Q,2026Q2,202604010000,202606302355,-3.2725956386048916,-4.142872793626307
anchor_wide__edge16,Q,2026Q3,202607010000,202609250000,-1.8187205940737305,-2.201597899819446
stack_global__edge8,M,2026-03,202603010000,202603312355,0.5609455742336289,3.248344860022247
stack_global__edge8,M,2026-04,202604010000,202604302355,-0.7415818906518878,-2.5200644975167172
stack_global__edge8,M,2026-05,202605010000,202605312355,-0.06571499544909543,-0.3634516565343792
stack_global__edge8,M,2026-06,202606010000,202606302355,-3.185227780422062,-8.075497982794527
stack_global__edge8,M,2026-07,202607010000,202607312355,-0.8901248804820794,-7.318964045220392
stack_global__edge8,M,2026-08,202608010000,202608312355,-0.05575287539130169,-0.26051063550173864
stack_global__edge8,M,2026-09,202609010000,202609250000,0.4416104424925127,2.77659839962834
stack_global__edge8,Q,2026Q1,202603010000,202603312355,0.5609455742336289,3.248344860022247
stack_global__edge8,Q,2026Q2,202604010000,202606302355,-3.9663386139168977,-4.292082985041609
stack_global__edge8,Q,2026Q3,202607010000,202609250000,-0.5079459465278546,-0.9987786510500084
stack_global__edge16,M,2026-03,202603010000,202603312355,0.3202966367293003,3.3721799736985223
stack_global__edge16,M,2026-04,202604010000,202604302355,-0.36209704687947264,-2.019413228555679
stack_global__edge16,M,2026-05,202605010000,202605312355,-0.05003939993956097,-0.512118270224746
stack_global__edge16,M,2026-06,202606010000,202606302355,-2.1339388147358473,-7.689382142390773
stack_global__edge16,M,2026-07,202607010000,202607312355,-0.4191727056315875,-4.903283250369478
stack_global__edge16,M,2026-08,202608010000,202608312355,0.09144985801041727,0.699448974569829
stack_global__edge16,M,2026-09,202609010000,202609250000,0.5462623508142528,4.417559039368235
stack_global__edge16,Q,2026Q1,202603010000,202603312355,0.3202966367293003,3.3721799736985223
stack_global__edge16,Q,2026Q2,202604010000,202606302355,-2.5371031972660107,-4.138519891591818
stack_global__edge16,Q,2026Q3,202607010000,202609250000,0.21636384981513768,0.6148650300551937
stack_asset__edge8,M,2026-03,202603010000,202603312355,0.5674822193784568,3.296216661306651
stack_asset__edge8,M,2026-04,202604010000,202604302355,-0.7659353602308072,-2.5885197866565473
stack_asset__edge8,M,2026-05,202605010000,202605312355,-0.057288886273731965,-0.31478929808879974
stack_asset__edge8,M,2026-06,202606010000,202606302355,-3.209004152480688,-8.097485486744612
stack_asset__edge8,M,2026-07,202607010000,202607312355,-0.8819674870340188,-7.264314273693517
stack_asset__edge8,M,2026-08,202608010000,202608312355,-0.10214168736196738,-0.4628550876382576
stack_asset__edge8,M,2026-09,202609010000,202609250000,0.4568666682053468,2.850605988064684
stack_asset__edge8,Q,2026Q1,202603010000,202603312355,0.5674822193784568,3.296216661306651
stack_asset__edge8,Q,2026Q2,202604010000,202606302355,-4.005386383869281,-4.314725103850883
stack_asset__edge8,Q,2026Q3,202607010000,202609250000,-0.5308336008007841,-1.0152362961951404
stack_asset__edge16,M,2026-03,202603010000,202603312355,0.32445853868197094,3.4024071177161024
stack_asset__edge16,M,2026-04,202604010000,202604302355,-0.37598523412694096,-2.075774717133725
stack_asset__edge16,M,2026-05,202605010000,202605312355,-0.04235216828633037,-0.4296600362975564
stack_asset__edge16,M,2026-06,202606010000,202606302355,-2.1801196133445333,-7.726404459656816
stack_asset__edge16,M,2026-07,202607010000,202607312355,-0.41263825691975065,-4.818308041677201
stack_asset__edge16,M,2026-08,202608010000,202608312355,0.05927951574411505,0.44689597372782314
stack_asset__edge16,M,2026-09,202609010000,202609250000,0.5485295043007099,4.398019891224186
stack_asset__edge16,Q,2026Q1,202603010000,202603312355,0.32445853868197094,3.4024071177161024
stack_asset__edge16,Q,2026Q2,202604010000,202606302355,-2.589180993675677,-4.163107524137727
stack_asset__edge16,Q,2026Q3,202607010000,202609250000,0.19298653445600777,0.5426025853452805
